tool,dimension,dimension_score,metric,raw_value,normalized_value,weight,contribution
MS2AI,compatibility,0.0,input_formats,,,0.0,0.0
MS2AI,compatibility,0.0,output_formats,,,0.0,0.0
MS2AI,compatibility,0.0,has_workflow_support,False,0.0,0.34142426786507973,0.0
MS2AI,compatibility,0.0,has_distribution_support,False,0.0,0.6585757321349203,0.0
MS2AI,fairness,0.0,license,,,0.0,0.0
MS2AI,fairness,0.0,repository,,,0.0,0.0
MS2AI,fairness,0.0,registry,,,0.0,0.0
MS2AI,fairness,0.0,citation,,,0.0,0.0
MS2AI,fairness,0.0,checklist,,,0.0,0.0
MS2AI,fairness,0.0,publication_open_access,False,0.0,1.0,0.0
MS2AI,maintainability,0.8353284211800001,nloc_per_file,46.02,0.95398,0.342201,0.32645290998
MS2AI,maintainability,0.8353284211800001,avg_ccn,4.92,0.5644444444444445,0.324063,0.18291556000000003
MS2AI,maintainability,0.8353284211800001,duplicate_rate,2.33,0.9767,0.333736,0.3259599512
MS2AI,sustainability,0.16055655154711565,avg_issue_close_time_days,194.573677031893,0.0,0.199091,0.0
MS2AI,sustainability,0.16055655154711565,num_open_issues,1,0.995,0.127273,0.126636635
MS2AI,sustainability,0.16055655154711565,days_since_last_commit,1219,0.0,0.114545,0.0
MS2AI,sustainability,0.16055655154711565,inverse_simpson_index,3.6651383039939014,0.1402704370523106,0.241818,0.033919916547115646
MS2AI,sustainability,0.16055655154711565,has_releases,False,0.0,0.149091,0.0
MS2AI,sustainability,0.16055655154711565,has_contribution_guidelines,False,0.0,0.168182,0.0
MS2AI,security,0.47669736382597355,default_branch_protected,True,1.0,0.47669736382597355,0.47669736382597355
MS2AI,security,0.47669736382597355,has_security_policy,False,0.0,0.2996011877543224,0.0
MS2AI,security,0.47669736382597355,gitignore_present,False,0.0,0.22370144841970407,0.0
MS2AI,security,0.47669736382597355,security_updates,,,0.0,0.0
MS2AI,security,0.47669736382597355,secret_scanning,,,0.0,0.0
MS2AI,scientific_impact,0.1657454706215847,fwci,,,0.0,0.0
MS2AI,scientific_impact,0.1657454706215847,citation_count,6,0.3669240563744024,0.42010770929155566,0.1541476248074158
MS2AI,scientific_impact,0.1657454706215847,star_count,2,0.02,0.32315947255229943,0.006463189451045989
MS2AI,scientific_impact,0.1657454706215847,fork_count,2,0.02,0.2567328181561449,0.0051346563631228985
MS2AI,scientific_impact,0.1657454706215847,altmetric_score,,,0.0,0.0
VISION,compatibility,0.0,input_formats,,,0.0,0.0
VISION,compatibility,0.0,output_formats,,,0.0,0.0
VISION,compatibility,0.0,has_workflow_support,False,0.0,0.34142426786507973,0.0
VISION,compatibility,0.0,has_distribution_support,False,0.0,0.6585757321349203,0.0
VISION,fairness,1.0,license,,,0.0,0.0
VISION,fairness,1.0,repository,,,0.0,0.0
VISION,fairness,1.0,registry,,,0.0,0.0
VISION,fairness,1.0,citation,,,0.0,0.0
VISION,fairness,1.0,checklist,,,0.0,0.0
VISION,fairness,1.0,publication_open_access,True,1.0,1.0,1.0
VISION,maintainability,0.0815755272,nloc_per_file,1883.18,0.0,0.342201,0.0
VISION,maintainability,0.0815755272,avg_ccn,8.64,0.15111111111111108,0.324063,0.04896951999999999
VISION,maintainability,0.0815755272,duplicate_rate,90.23,0.09770000000000001,0.333736,0.0326060072
VISION,sustainability,0.16026067068690636,avg_issue_close_time_days,,,0.0,0.0
VISION,sustainability,0.16026067068690636,num_open_issues,0,1.0,0.15891068773106556,0.15891068773106556
VISION,sustainability,0.16026067068690636,days_since_last_commit,791,0.0,0.14301874495104935,0.0
VISION,sustainability,0.16026067068690636,inverse_simpson_index,1.0849525530953459,0.004471187005018204,0.301929432682115,0.0013499829558407913
VISION,sustainability,0.16026067068690636,has_releases,False,0.0,0.18615223452352264,0.0
VISION,sustainability,0.16026067068690636,has_contribution_guidelines,False,0.0,0.20998890011224747,0.0
VISION,security,0.0,default_branch_protected,False,0.0,0.47669736382597355,0.0
VISION,security,0.0,has_security_policy,False,0.0,0.2996011877543224,0.0
VISION,security,0.0,gitignore_present,False,0.0,0.22370144841970407,0.0
VISION,security,0.0,security_updates,,,0.0,0.0
VISION,security,0.0,secret_scanning,,,0.0,0.0
VISION,scientific_impact,0.17102074488666452,fwci,,,0.0,0.0
VISION,scientific_impact,0.17102074488666452,citation_count,5,0.337857147626047,0.42010770929155566,0.14193639235695757
VISION,scientific_impact,0.17102074488666452,star_count,9,0.09,0.32315947255229943,0.02908435252970695
VISION,scientific_impact,0.17102074488666452,fork_count,0,0.0,0.2567328181561449,0.0
VISION,scientific_impact,0.17102074488666452,altmetric_score,,,0.0,0.0
Biosaur,compatibility,0.0,input_formats,,,0.0,0.0
Biosaur,compatibility,0.0,output_formats,,,0.0,0.0
Biosaur,compatibility,0.0,has_workflow_support,False,0.0,0.34142426786507973,0.0
Biosaur,compatibility,0.0,has_distribution_support,False,0.0,0.6585757321349203,0.0
Biosaur,fairness,0.0,license,,,0.0,0.0
Biosaur,fairness,0.0,repository,,,0.0,0.0
Biosaur,fairness,0.0,registry,,,0.0,0.0
Biosaur,fairness,0.0,citation,,,0.0,0.0
Biosaur,fairness,0.0,checklist,,,0.0,0.0
Biosaur,fairness,0.0,publication_open_access,False,0.0,1.0,0.0
Biosaur,maintainability,0.70407706903,nloc_per_file,250.57,0.74943,0.342201,0.25645569543
Biosaur,maintainability,0.70407706903,avg_ccn,6.56,0.38222222222222224,0.324063,0.12386408
Biosaur,maintainability,0.70407706903,duplicate_rate,2.99,0.9701,0.333736,0.32375729359999994
Biosaur,sustainability,0.33317082681485094,avg_issue_close_time_days,0.7887384259259259,0.9912362397119342,0.199091,0.19734621420048867
Biosaur,sustainability,0.33317082681485094,num_open_issues,1,0.995,0.127273,0.126636635
Biosaur,sustainability,0.33317082681485094,days_since_last_commit,1611,0.0,0.114545,0.0
Biosaur,sustainability,0.33317082681485094,inverse_simpson_index,1.7219130696345315,0.03799542471760692,0.241818,0.00918797761436227
Biosaur,sustainability,0.33317082681485094,has_releases,False,0.0,0.149091,0.0
Biosaur,sustainability,0.33317082681485094,has_contribution_guidelines,False,0.0,0.168182,0.0
Biosaur,security,0.47669736382597355,default_branch_protected,True,1.0,0.47669736382597355,0.47669736382597355
Biosaur,security,0.47669736382597355,has_security_policy,False,0.0,0.2996011877543224,0.0
Biosaur,security,0.47669736382597355,gitignore_present,False,0.0,0.22370144841970407,0.0
Biosaur,security,0.47669736382597355,security_updates,,,0.0,0.0
Biosaur,security,0.47669736382597355,secret_scanning,,,0.0,0.0
Biosaur,scientific_impact,0.31563126599323593,fwci,,,0.0,0.0
Biosaur,scientific_impact,0.31563126599323593,citation_count,23,0.5992591196328295,0.42010770929155566,0.2517533760210223
Biosaur,scientific_impact,0.31563126599323593,star_count,15,0.15,0.32315947255229943,0.04847392088284491
Biosaur,scientific_impact,0.31563126599323593,fork_count,6,0.06,0.2567328181561449,0.015403969089368693
Biosaur,scientific_impact,0.31563126599323593,altmetric_score,,,0.0,0.0
kboolnet,compatibility,0.0,input_formats,,,0.0,0.0
kboolnet,compatibility,0.0,output_formats,,,0.0,0.0
kboolnet,compatibility,0.0,has_workflow_support,False,0.0,0.34142426786507973,0.0
kboolnet,compatibility,0.0,has_distribution_support,False,0.0,0.6585757321349203,0.0
kboolnet,fairness,1.0,license,,,0.0,0.0
kboolnet,fairness,1.0,repository,,,0.0,0.0
kboolnet,fairness,1.0,registry,,,0.0,0.0
kboolnet,fairness,1.0,citation,,,0.0,0.0
kboolnet,fairness,1.0,checklist,,,0.0,0.0
kboolnet,fairness,1.0,publication_open_access,True,1.0,1.0,1.0
kboolnet,maintainability,0.7892366998699999,nloc_per_file,38.13,0.96187,0.342201,0.32915287587
kboolnet,maintainability,0.7892366998699999,avg_ccn,5.3,0.5222222222222223,0.324063,0.1692329
kboolnet,maintainability,0.7892366998699999,duplicate_rate,12.85,0.8714999999999999,0.333736,0.29085092399999996
kboolnet,sustainability,0.16167040596754254,avg_issue_close_time_days,,,0.0,0.0
kboolnet,sustainability,0.16167040596754254,num_open_issues,0,1.0,0.15891068773106556,0.15891068773106556
kboolnet,sustainability,0.16167040596754254,days_since_last_commit,1247,0.0,0.14301874495104935,0.0
kboolnet,sustainability,0.16167040596754254,inverse_simpson_index,1.1736652370299654,0.009140275633156072,0.301929432682115,0.002759718236476972
kboolnet,sustainability,0.16167040596754254,has_releases,False,0.0,0.18615223452352264,0.0
kboolnet,sustainability,0.16167040596754254,has_contribution_guidelines,False,0.0,0.20998890011224747,0.0
kboolnet,security,0.0,default_branch_protected,False,0.0,0.47669736382597355,0.0
kboolnet,security,0.0,has_security_policy,False,0.0,0.2996011877543224,0.0
kboolnet,security,0.0,gitignore_present,False,0.0,0.22370144841970407,0.0
kboolnet,security,0.0,security_updates,,,0.0,0.0
kboolnet,security,0.0,secret_scanning,,,0.0,0.0
kboolnet,scientific_impact,0.0902594952504482,fwci,,,0.0,0.0
kboolnet,scientific_impact,0.0902594952504482,citation_count,2,0.2071561616226558,0.42010770929155566,0.0870279005249252
kboolnet,scientific_impact,0.0902594952504482,star_count,1,0.01,0.32315947255229943,0.0032315947255229945
kboolnet,scientific_impact,0.0902594952504482,fork_count,0,0.0,0.2567328181561449,0.0
kboolnet,scientific_impact,0.0902594952504482,altmetric_score,,,0.0,0.0
EyeLoop,compatibility,0.0,input_formats,,,0.0,0.0
EyeLoop,compatibility,0.0,output_formats,,,0.0,0.0
EyeLoop,compatibility,0.0,has_workflow_support,False,0.0,0.34142426786507973,0.0
EyeLoop,compatibility,0.0,has_distribution_support,False,0.0,0.6585757321349203,0.0
EyeLoop,fairness,1.0,license,,,0.0,0.0
EyeLoop,fairness,1.0,repository,,,0.0,0.0
EyeLoop,fairness,1.0,registry,,,0.0,0.0
EyeLoop,fairness,1.0,citation,,,0.0,0.0
EyeLoop,fairness,1.0,checklist,,,0.0,0.0
EyeLoop,fairness,1.0,publication_open_access,True,1.0,1.0,1.0
EyeLoop,maintainability,0.9271366250099999,nloc_per_file,49.79,0.95021,0.342201,0.32516281221
EyeLoop,maintainability,0.9271366250099999,avg_ccn,2.34,0.8511111111111112,0.324063,0.27581362
EyeLoop,maintainability,0.9271366250099999,duplicate_rate,2.27,0.9773,0.333736,0.32616019279999997
EyeLoop,sustainability,0.26125959281459127,avg_issue_close_time_days,31.924885620915035,0.6452790486564997,0.199091,0.12846925107607116
EyeLoop,sustainability,0.26125959281459127,num_open_issues,9,0.955,0.127273,0.121545715
EyeLoop,sustainability,0.26125959281459127,days_since_last_commit,1435,0.0,0.114545,0.0
EyeLoop,sustainability,0.26125959281459127,inverse_simpson_index,1.8835070508890248,0.04650037109942236,0.241818,0.011244626738520115
EyeLoop,sustainability,0.26125959281459127,has_releases,False,0.0,0.149091,0.0
EyeLoop,sustainability,0.26125959281459127,has_contribution_guidelines,False,0.0,0.168182,0.0
EyeLoop,security,0.0,default_branch_protected,False,0.0,0.47669736382597355,0.0
EyeLoop,security,0.0,has_security_policy,False,0.0,0.2996011877543224,0.0
EyeLoop,security,0.0,gitignore_present,False,0.0,0.22370144841970407,0.0
EyeLoop,security,0.0,security_updates,,,0.0,0.0
EyeLoop,security,0.0,secret_scanning,,,0.0,0.0
EyeLoop,scientific_impact,0.6203914134703499,fwci,,,0.0,0.0
EyeLoop,scientific_impact,0.6203914134703499,citation_count,3,0.26140197200678245,0.42010770929155566,0.10981698366406473
EyeLoop,scientific_impact,0.6203914134703499,star_count,521,1.0,0.32315947255229943,0.32315947255229943
EyeLoop,scientific_impact,0.6203914134703499,fork_count,73,0.73,0.2567328181561449,0.18741495725398577
EyeLoop,scientific_impact,0.6203914134703499,altmetric_score,,,0.0,0.0
pyCancerSig,compatibility,0.0,input_formats,,,0.0,0.0
pyCancerSig,compatibility,0.0,output_formats,,,0.0,0.0
pyCancerSig,compatibility,0.0,has_workflow_support,False,0.0,0.34142426786507973,0.0
pyCancerSig,compatibility,0.0,has_distribution_support,False,0.0,0.6585757321349203,0.0
pyCancerSig,fairness,1.0,license,,,0.0,0.0
pyCancerSig,fairness,1.0,repository,,,0.0,0.0
pyCancerSig,fairness,1.0,registry,,,0.0,0.0
pyCancerSig,fairness,1.0,citation,,,0.0,0.0
pyCancerSig,fairness,1.0,checklist,,,0.0,0.0
pyCancerSig,fairness,1.0,publication_open_access,True,1.0,1.0,1.0
pyCancerSig,maintainability,0.87821997442,nloc_per_file,82.38,0.91762,0.342201,0.31401048162
pyCancerSig,maintainability,0.87821997442,avg_ccn,2.74,0.8066666666666666,0.324063,0.26141082
pyCancerSig,maintainability,0.87821997442,duplicate_rate,9.27,0.9073,0.333736,0.3027986728
pyCancerSig,sustainability,0.125363905,avg_issue_close_time_days,130.50274305555556,0.0,0.199091,0.0
pyCancerSig,sustainability,0.125363905,num_open_issues,3,0.985,0.127273,0.125363905
pyCancerSig,sustainability,0.125363905,days_since_last_commit,2410,0.0,0.114545,0.0
pyCancerSig,sustainability,0.125363905,inverse_simpson_index,1.0,0.0,0.241818,0.0
pyCancerSig,sustainability,0.125363905,has_releases,False,0.0,0.149091,0.0
pyCancerSig,sustainability,0.125363905,has_contribution_guidelines,False,0.0,0.168182,0.0
pyCancerSig,security,0.0,default_branch_protected,False,0.0,0.47669736382597355,0.0
pyCancerSig,security,0.0,has_security_policy,False,0.0,0.2996011877543224,0.0
pyCancerSig,security,0.0,gitignore_present,False,0.0,0.22370144841970407,0.0
pyCancerSig,security,0.0,security_updates,,,0.0,0.0
pyCancerSig,security,0.0,secret_scanning,,,0.0,0.0
pyCancerSig,scientific_impact,0.16646061707321844,fwci,,,0.0,0.0
pyCancerSig,scientific_impact,0.16646061707321844,citation_count,5,0.337857147626047,0.42010770929155566,0.14193639235695757
pyCancerSig,scientific_impact,0.16646061707321844,star_count,6,0.06,0.32315947255229943,0.019389568353137966
pyCancerSig,scientific_impact,0.16646061707321844,fork_count,2,0.02,0.2567328181561449,0.0051346563631228985
pyCancerSig,scientific_impact,0.16646061707321844,altmetric_score,,,0.0,0.0
Columba,compatibility,0.0,input_formats,,,0.0,0.0
Columba,compatibility,0.0,output_formats,,,0.0,0.0
Columba,compatibility,0.0,has_workflow_support,False,0.0,0.34142426786507973,0.0
Columba,compatibility,0.0,has_distribution_support,False,0.0,0.6585757321349203,0.0
Columba,fairness,1.0,license,,,0.0,0.0
Columba,fairness,1.0,repository,,,0.0,0.0
Columba,fairness,1.0,registry,,,0.0,0.0
Columba,fairness,1.0,citation,,,0.0,0.0
Columba,fairness,1.0,checklist,,,0.0,0.0
Columba,fairness,1.0,publication_open_access,True,1.0,1.0,1.0
Columba,maintainability,0.84643155838,nloc_per_file,268.02,0.7319800000000001,0.342201,0.25048428798
Columba,maintainability,0.84643155838,avg_ccn,2.36,0.8488888888888889,0.324063,0.27509348
Columba,maintainability,0.84643155838,duplicate_rate,3.86,0.9614,0.333736,0.3208537904
Columba,sustainability,0.12735573232801922,avg_issue_close_time_days,188.90284722222225,0.0,0.199091,0.0
Columba,sustainability,0.12735573232801922,num_open_issues,2,0.99,0.127273,0.12600027
Columba,sustainability,0.12735573232801922,days_since_last_commit,253,0.0,0.114545,0.0
Columba,sustainability,0.12735573232801922,inverse_simpson_index,1.1065006915629323,0.005605299555943805,0.241818,0.0013554623280192192
Columba,sustainability,0.12735573232801922,has_releases,False,0.0,0.149091,0.0
Columba,sustainability,0.12735573232801922,has_contribution_guidelines,False,0.0,0.168182,0.0
Columba,security,0.0,default_branch_protected,False,0.0,0.47669736382597355,0.0
Columba,security,0.0,has_security_policy,False,0.0,0.2996011877543224,0.0
Columba,security,0.0,gitignore_present,False,0.0,0.22370144841970407,0.0
Columba,security,0.0,security_updates,,,0.0,0.0
Columba,security,0.0,secret_scanning,,,0.0,0.0
Columba,scientific_impact,0.2570616574731572,fwci,,,0.0,0.0
Columba,scientific_impact,0.2570616574731572,citation_count,10,0.4521511235672025,0.42010770929155566,0.18995217277542056
Columba,scientific_impact,0.2570616574731572,star_count,16,0.16,0.32315947255229943,0.05170551560836791
Columba,scientific_impact,0.2570616574731572,fork_count,6,0.06,0.2567328181561449,0.015403969089368693
Columba,scientific_impact,0.2570616574731572,altmetric_score,,,0.0,0.0
SpecieScan,compatibility,0.0,input_formats,,,0.0,0.0
SpecieScan,compatibility,0.0,output_formats,,,0.0,0.0
SpecieScan,compatibility,0.0,has_workflow_support,False,0.0,0.34142426786507973,0.0
SpecieScan,compatibility,0.0,has_distribution_support,False,0.0,0.6585757321349203,0.0
SpecieScan,fairness,1.0,license,,,0.0,0.0
SpecieScan,fairness,1.0,repository,,,0.0,0.0
SpecieScan,fairness,1.0,registry,,,0.0,0.0
SpecieScan,fairness,1.0,citation,,,0.0,0.0
SpecieScan,fairness,1.0,checklist,,,0.0,0.0
SpecieScan,fairness,1.0,publication_open_access,True,1.0,1.0,1.0
SpecieScan,maintainability,1.0,nloc_per_file,0.0,1.0,0.342201,0.342201
SpecieScan,maintainability,1.0,avg_ccn,0.0,1.0,0.324063,0.324063
SpecieScan,maintainability,1.0,duplicate_rate,0.0,1.0,0.333736,0.333736
SpecieScan,sustainability,0.32145585800733023,avg_issue_close_time_days,1.9310763888888889,0.9785435956790124,0.199091,0.19481922300733023
SpecieScan,sustainability,0.32145585800733023,num_open_issues,1,0.995,0.127273,0.126636635
SpecieScan,sustainability,0.32145585800733023,days_since_last_commit,776,0.0,0.114545,0.0
SpecieScan,sustainability,0.32145585800733023,inverse_simpson_index,1.0,0.0,0.241818,0.0
SpecieScan,sustainability,0.32145585800733023,has_releases,False,0.0,0.149091,0.0
SpecieScan,sustainability,0.32145585800733023,has_contribution_guidelines,False,0.0,0.168182,0.0
SpecieScan,security,0.0,default_branch_protected,False,0.0,0.47669736382597355,0.0
SpecieScan,security,0.0,has_security_policy,False,0.0,0.2996011877543224,0.0
SpecieScan,security,0.0,gitignore_present,False,0.0,0.22370144841970407,0.0
SpecieScan,security,0.0,security_updates,,,0.0,0.0
SpecieScan,security,0.0,secret_scanning,,,0.0,0.0
SpecieScan,scientific_impact,0.20504321521715727,fwci,,,0.0,0.0
SpecieScan,scientific_impact,0.20504321521715727,citation_count,8,0.41431232324531164,0.42010770929155566,0.1740558010498504
SpecieScan,scientific_impact,0.20504321521715727,star_count,8,0.08,0.32315947255229943,0.025852757804183956
SpecieScan,scientific_impact,0.20504321521715727,fork_count,2,0.02,0.2567328181561449,0.0051346563631228985
SpecieScan,scientific_impact,0.20504321521715727,altmetric_score,,,0.0,0.0
Peptimetric,compatibility,0.0,input_formats,,,0.0,0.0
Peptimetric,compatibility,0.0,output_formats,,,0.0,0.0
Peptimetric,compatibility,0.0,has_workflow_support,False,0.0,0.34142426786507973,0.0
Peptimetric,compatibility,0.0,has_distribution_support,False,0.0,0.6585757321349203,0.0
Peptimetric,fairness,1.0,license,,,0.0,0.0
Peptimetric,fairness,1.0,repository,,,0.0,0.0
Peptimetric,fairness,1.0,registry,,,0.0,0.0
Peptimetric,fairness,1.0,citation,,,0.0,0.0
Peptimetric,fairness,1.0,checklist,,,0.0,0.0
Peptimetric,fairness,1.0,publication_open_access,True,1.0,1.0,1.0
Peptimetric,maintainability,0.61034888387,nloc_per_file,267.33,0.73267,0.342201,0.25072040667
Peptimetric,maintainability,0.61034888387,avg_ccn,7.29,0.3011111111111111,0.324063,0.09757897
Peptimetric,maintainability,0.61034888387,duplicate_rate,21.48,0.7852,0.333736,0.2620495072
Peptimetric,sustainability,0.17028050075869505,avg_issue_close_time_days,,,0.0,0.0
Peptimetric,sustainability,0.17028050075869505,num_open_issues,0,1.0,0.15891068773106556,0.15891068773106556
Peptimetric,sustainability,0.17028050075869505,days_since_last_commit,1352,0.0,0.14301874495104935,0.0
Peptimetric,sustainability,0.17028050075869505,inverse_simpson_index,1.7154865479855443,0.03765718673608128,0.301929432682115,0.011369813027629487
Peptimetric,sustainability,0.17028050075869505,has_releases,False,0.0,0.18615223452352264,0.0
Peptimetric,sustainability,0.17028050075869505,has_contribution_guidelines,False,0.0,0.20998890011224747,0.0
Peptimetric,security,0.0,default_branch_protected,False,0.0,0.47669736382597355,0.0
Peptimetric,security,0.0,has_security_policy,False,0.0,0.2996011877543224,0.0
Peptimetric,security,0.0,gitignore_present,False,0.0,0.22370144841970407,0.0
Peptimetric,security,0.0,security_updates,,,0.0,0.0
Peptimetric,security,0.0,secret_scanning,,,0.0,0.0
Peptimetric,scientific_impact,0.02129262999073787,fwci,,,0.0,0.0
Peptimetric,scientific_impact,0.02129262999073787,citation_count,0,0.0,0.42010770929155566,0.0
Peptimetric,scientific_impact,0.02129262999073787,star_count,5,0.05,0.32315947255229943,0.016157973627614973
Peptimetric,scientific_impact,0.02129262999073787,fork_count,2,0.02,0.2567328181561449,0.0051346563631228985
Peptimetric,scientific_impact,0.02129262999073787,altmetric_score,,,0.0,0.0
SUBATOMIC,compatibility,0.0,input_formats,,,0.0,0.0
SUBATOMIC,compatibility,0.0,output_formats,,,0.0,0.0
SUBATOMIC,compatibility,0.0,has_workflow_support,False,0.0,0.34142426786507973,0.0
SUBATOMIC,compatibility,0.0,has_distribution_support,False,0.0,0.6585757321349203,0.0
SUBATOMIC,fairness,1.0,license,,,0.0,0.0
SUBATOMIC,fairness,1.0,repository,,,0.0,0.0
SUBATOMIC,fairness,1.0,registry,,,0.0,0.0
SUBATOMIC,fairness,1.0,citation,,,0.0,0.0
SUBATOMIC,fairness,1.0,checklist,,,0.0,0.0
SUBATOMIC,fairness,1.0,publication_open_access,True,1.0,1.0,1.0
SUBATOMIC,maintainability,0.73950637809,nloc_per_file,104.31,0.89569,0.342201,0.30650601368999997
SUBATOMIC,maintainability,0.73950637809,avg_ccn,5.37,0.5144444444444445,0.324063,0.16671241
SUBATOMIC,maintainability,0.73950637809,duplicate_rate,20.21,0.7979,0.333736,0.2662879544
SUBATOMIC,sustainability,0.17416606959289874,avg_issue_close_time_days,,,0.0,0.0
SUBATOMIC,sustainability,0.17416606959289874,num_open_issues,0,1.0,0.15891068773106556,0.15891068773106556
SUBATOMIC,sustainability,0.17416606959289874,days_since_last_commit,311,0.0,0.14301874495104935,0.0
SUBATOMIC,sustainability,0.17416606959289874,inverse_simpson_index,1.96,0.05052631578947368,0.301929432682115,0.015255381861833178
SUBATOMIC,sustainability,0.17416606959289874,has_releases,False,0.0,0.18615223452352264,0.0
SUBATOMIC,sustainability,0.17416606959289874,has_contribution_guidelines,False,0.0,0.20998890011224747,0.0
SUBATOMIC,security,0.0,default_branch_protected,False,0.0,0.47669736382597355,0.0
SUBATOMIC,security,0.0,has_security_policy,False,0.0,0.2996011877543224,0.0
SUBATOMIC,security,0.0,gitignore_present,False,0.0,0.22370144841970407,0.0
SUBATOMIC,security,0.0,security_updates,,,0.0,0.0
SUBATOMIC,security,0.0,secret_scanning,,,0.0,0.0
SUBATOMIC,scientific_impact,0.16455755543561854,fwci,,,0.0,0.0
SUBATOMIC,scientific_impact,0.16455755543561854,citation_count,5,0.337857147626047,0.42010770929155566,0.14193639235695757
SUBATOMIC,scientific_impact,0.16455755543561854,star_count,7,0.07,0.32315947255229943,0.022621163078660963
SUBATOMIC,scientific_impact,0.16455755543561854,fork_count,0,0.0,0.2567328181561449,0.0
SUBATOMIC,scientific_impact,0.16455755543561854,altmetric_score,,,0.0,0.0
MP-Net,compatibility,0.0,input_formats,,,0.0,0.0
MP-Net,compatibility,0.0,output_formats,,,0.0,0.0
MP-Net,compatibility,0.0,has_workflow_support,False,0.0,0.34142426786507973,0.0
MP-Net,compatibility,0.0,has_distribution_support,False,0.0,0.6585757321349203,0.0
MP-Net,fairness,1.0,license,,,0.0,0.0
MP-Net,fairness,1.0,repository,,,0.0,0.0
MP-Net,fairness,1.0,registry,,,0.0,0.0
MP-Net,fairness,1.0,citation,,,0.0,0.0
MP-Net,fairness,1.0,checklist,,,0.0,0.0
MP-Net,fairness,1.0,publication_open_access,True,1.0,1.0,1.0
MP-Net,maintainability,0.85618590022,nloc_per_file,44.18,0.95582,0.342201,0.32708255981999995
MP-Net,maintainability,0.85618590022,avg_ccn,2.27,0.8588888888888889,0.324063,0.27833411
MP-Net,maintainability,0.85618590022,duplicate_rate,24.86,0.7514000000000001,0.333736,0.2507692304
MP-Net,sustainability,0.161863853572154,avg_issue_close_time_days,,,0.0,0.0
MP-Net,sustainability,0.161863853572154,num_open_issues,0,1.0,0.15891068773106556,0.15891068773106556
MP-Net,sustainability,0.161863853572154,days_since_last_commit,1401,0.0,0.14301874495104935,0.0
MP-Net,sustainability,0.161863853572154,inverse_simpson_index,1.1858386262055989,0.009780980326610468,0.301929432682115,0.002953165841088426
MP-Net,sustainability,0.161863853572154,has_releases,False,0.0,0.18615223452352264,0.0
MP-Net,sustainability,0.161863853572154,has_contribution_guidelines,False,0.0,0.20998890011224747,0.0
MP-Net,security,0.0,default_branch_protected,False,0.0,0.47669736382597355,0.0
MP-Net,security,0.0,has_security_policy,False,0.0,0.2996011877543224,0.0
MP-Net,security,0.0,gitignore_present,False,0.0,0.22370144841970407,0.0
MP-Net,security,0.0,security_updates,,,0.0,0.0
MP-Net,security,0.0,secret_scanning,,,0.0,0.0
MP-Net,scientific_impact,0.19941221237055137,fwci,,,0.0,0.0
MP-Net,scientific_impact,0.19941221237055137,citation_count,11,0.46855813362943827,0.42010770929155566,0.19684488418898993
MP-Net,scientific_impact,0.19941221237055137,star_count,0,0.0,0.32315947255229943,0.0
MP-Net,scientific_impact,0.19941221237055137,fork_count,1,0.01,0.2567328181561449,0.0025673281815614493
MP-Net,scientific_impact,0.19941221237055137,altmetric_score,,,0.0,0.0
Panqc,compatibility,0.0,input_formats,,,0.0,0.0
Panqc,compatibility,0.0,output_formats,,,0.0,0.0
Panqc,compatibility,0.0,has_workflow_support,False,0.0,0.34142426786507973,0.0
Panqc,compatibility,0.0,has_distribution_support,False,0.0,0.6585757321349203,0.0
Panqc,fairness,1.0,license,,,0.0,0.0
Panqc,fairness,1.0,repository,,,0.0,0.0
Panqc,fairness,1.0,registry,,,0.0,0.0
Panqc,fairness,1.0,citation,,,0.0,0.0
Panqc,fairness,1.0,checklist,,,0.0,0.0
Panqc,fairness,1.0,publication_open_access,True,1.0,1.0,1.0
Panqc,maintainability,0.8837782463999999,nloc_per_file,90.0,0.91,0.342201,0.31140291
Panqc,maintainability,0.8837782463999999,avg_ccn,2.63,0.8188888888888889,0.324063,0.26537159
Panqc,maintainability,0.8837782463999999,duplicate_rate,8.01,0.9198999999999999,0.333736,0.30700374639999994
Panqc,sustainability,0.3271097452348399,avg_issue_close_time_days,0.0046875,0.9999479166666667,0.199091,0.19908063067708334
Panqc,sustainability,0.3271097452348399,num_open_issues,1,0.995,0.127273,0.126636635
Panqc,sustainability,0.3271097452348399,days_since_last_commit,224,0.0,0.114545,0.0
Panqc,sustainability,0.3271097452348399,inverse_simpson_index,1.1094091903719914,0.005758378440631125,0.241818,0.0013924795577565374
Panqc,sustainability,0.3271097452348399,has_releases,False,0.0,0.149091,0.0
Panqc,sustainability,0.3271097452348399,has_contribution_guidelines,False,0.0,0.168182,0.0
Panqc,security,0.0,default_branch_protected,False,0.0,0.47669736382597355,0.0
Panqc,security,0.0,has_security_policy,False,0.0,0.2996011877543224,0.0
Panqc,security,0.0,gitignore_present,False,0.0,0.22370144841970407,0.0
Panqc,security,0.0,security_updates,,,0.0,0.0
Panqc,security,0.0,secret_scanning,,,0.0,0.0
Panqc,scientific_impact,0.22457844222496012,fwci,,,0.0,0.0
Panqc,scientific_impact,0.22457844222496012,citation_count,6,0.3669240563744024,0.42010770929155566,0.1541476248074158
Panqc,scientific_impact,0.22457844222496012,star_count,21,0.21,0.32315947255229943,0.06786348923598287
Panqc,scientific_impact,0.22457844222496012,fork_count,1,0.01,0.2567328181561449,0.0025673281815614493
Panqc,scientific_impact,0.22457844222496012,altmetric_score,,,0.0,0.0
ComplexTome,compatibility,0.0,input_formats,,,0.0,0.0
ComplexTome,compatibility,0.0,output_formats,,,0.0,0.0
ComplexTome,compatibility,0.0,has_workflow_support,False,0.0,0.34142426786507973,0.0
ComplexTome,compatibility,0.0,has_distribution_support,False,0.0,0.6585757321349203,0.0
ComplexTome,fairness,1.0,license,,,0.0,0.0
ComplexTome,fairness,1.0,repository,,,0.0,0.0
ComplexTome,fairness,1.0,registry,,,0.0,0.0
ComplexTome,fairness,1.0,citation,,,0.0,0.0
ComplexTome,fairness,1.0,checklist,,,0.0,0.0
ComplexTome,fairness,1.0,publication_open_access,True,1.0,1.0,1.0
ComplexTome,maintainability,0.6612274993,nloc_per_file,184.3,0.8157,0.342201,0.2791333557
ComplexTome,maintainability,0.6612274993,avg_ccn,5.97,0.44777777777777783,0.324063,0.14510821000000002
ComplexTome,maintainability,0.6612274993,duplicate_rate,28.99,0.7101,0.333736,0.23698593359999998
ComplexTome,sustainability,0.15811613429241023,avg_issue_close_time_days,,,0.0,0.0
ComplexTome,sustainability,0.15811613429241023,num_open_issues,1,0.995,0.15891068773106556,0.15811613429241023
ComplexTome,sustainability,0.15811613429241023,days_since_last_commit,780,0.0,0.14301874495104935,0.0
ComplexTome,sustainability,0.15811613429241023,inverse_simpson_index,1.0,0.0,0.301929432682115,0.0
ComplexTome,sustainability,0.15811613429241023,has_releases,False,0.0,0.18615223452352264,0.0
ComplexTome,sustainability,0.15811613429241023,has_contribution_guidelines,False,0.0,0.20998890011224747,0.0
ComplexTome,security,0.0,default_branch_protected,False,0.0,0.47669736382597355,0.0
ComplexTome,security,0.0,has_security_policy,False,0.0,0.2996011877543224,0.0
ComplexTome,security,0.0,gitignore_present,False,0.0,0.22370144841970407,0.0
ComplexTome,security,0.0,security_updates,,,0.0,0.0
ComplexTome,security,0.0,secret_scanning,,,0.0,0.0
ComplexTome,scientific_impact,0.19684488418898993,fwci,,,0.0,0.0
ComplexTome,scientific_impact,0.19684488418898993,citation_count,11,0.46855813362943827,0.42010770929155566,0.19684488418898993
ComplexTome,scientific_impact,0.19684488418898993,star_count,0,0.0,0.32315947255229943,0.0
ComplexTome,scientific_impact,0.19684488418898993,fork_count,0,0.0,0.2567328181561449,0.0
ComplexTome,scientific_impact,0.19684488418898993,altmetric_score,,,0.0,0.0
psm_utils,compatibility,0.0,input_formats,,,0.0,0.0
psm_utils,compatibility,0.0,output_formats,,,0.0,0.0
psm_utils,compatibility,0.0,has_workflow_support,False,0.0,0.34142426786507973,0.0
psm_utils,compatibility,0.0,has_distribution_support,False,0.0,0.6585757321349203,0.0
psm_utils,fairness,0.0,license,,,0.0,0.0
psm_utils,fairness,0.0,repository,,,0.0,0.0
psm_utils,fairness,0.0,registry,,,0.0,0.0
psm_utils,fairness,0.0,citation,,,0.0,0.0
psm_utils,fairness,0.0,checklist,,,0.0,0.0
psm_utils,fairness,0.0,publication_open_access,False,0.0,1.0,0.0
psm_utils,maintainability,0.8826709106299999,nloc_per_file,92.97,0.90703,0.342201,0.31038657303
psm_utils,maintainability,0.8826709106299999,avg_ccn,2.88,0.7911111111111111,0.324063,0.25636984
psm_utils,maintainability,0.8826709106299999,duplicate_rate,5.34,0.9466,0.333736,0.31591449759999995
psm_utils,sustainability,0.18256404643675112,avg_issue_close_time_days,68.68857638888889,0.23679359567901237,0.199091,0.04714347375733025
psm_utils,sustainability,0.18256404643675112,num_open_issues,9,0.955,0.127273,0.121545715
psm_utils,sustainability,0.18256404643675112,days_since_last_commit,224,0.0,0.114545,0.0
psm_utils,sustainability,0.18256404643675112,inverse_simpson_index,2.090168208772699,0.05737727414593152,0.241818,0.01387485767942087
psm_utils,sustainability,0.18256404643675112,has_releases,False,0.0,0.149091,0.0
psm_utils,sustainability,0.18256404643675112,has_contribution_guidelines,False,0.0,0.168182,0.0
psm_utils,security,0.47669736382597355,default_branch_protected,True,1.0,0.47669736382597355,0.47669736382597355
psm_utils,security,0.47669736382597355,has_security_policy,False,0.0,0.2996011877543224,0.0
psm_utils,security,0.47669736382597355,gitignore_present,False,0.0,0.22370144841970407,0.0
psm_utils,security,0.47669736382597355,security_updates,,,0.0,0.0
psm_utils,security,0.47669736382597355,secret_scanning,,,0.0,0.0
psm_utils,scientific_impact,0.2645575159382619,fwci,,,0.0,0.0
psm_utils,scientific_impact,0.2645575159382619,citation_count,5,0.337857147626047,0.42010770929155566,0.14193639235695757
psm_utils,scientific_impact,0.2645575159382619,star_count,30,0.3,0.32315947255229943,0.09694784176568982
psm_utils,scientific_impact,0.2645575159382619,fork_count,10,0.1,0.2567328181561449,0.025673281815614492
psm_utils,scientific_impact,0.2645575159382619,altmetric_score,,,0.0,0.0
CVRmap,compatibility,0.0,input_formats,,,0.0,0.0
CVRmap,compatibility,0.0,output_formats,,,0.0,0.0
CVRmap,compatibility,0.0,has_workflow_support,False,0.0,0.34142426786507973,0.0
CVRmap,compatibility,0.0,has_distribution_support,False,0.0,0.6585757321349203,0.0
CVRmap,fairness,1.0,license,,,0.0,0.0
CVRmap,fairness,1.0,repository,,,0.0,0.0
CVRmap,fairness,1.0,registry,,,0.0,0.0
CVRmap,fairness,1.0,citation,,,0.0,0.0
CVRmap,fairness,1.0,checklist,,,0.0,0.0
CVRmap,fairness,1.0,publication_open_access,True,1.0,1.0,1.0
CVRmap,maintainability,0.7438415899299999,nloc_per_file,198.07,0.80193,0.342201,0.27442124793
CVRmap,maintainability,0.7438415899299999,avg_ccn,5.81,0.4655555555555556,0.324063,0.15086933000000002
CVRmap,maintainability,0.7438415899299999,duplicate_rate,4.55,0.9545,0.333736,0.31855101199999997
CVRmap,sustainability,0.127273,avg_issue_close_time_days,152.55260030864198,0.0,0.199091,0.0
CVRmap,sustainability,0.127273,num_open_issues,0,1.0,0.127273,0.127273
CVRmap,sustainability,0.127273,days_since_last_commit,377,0.0,0.114545,0.0
CVRmap,sustainability,0.127273,inverse_simpson_index,1.0,0.0,0.241818,0.0
CVRmap,sustainability,0.127273,has_releases,False,0.0,0.149091,0.0
CVRmap,sustainability,0.127273,has_contribution_guidelines,False,0.0,0.168182,0.0
CVRmap,security,0.47669736382597355,default_branch_protected,True,1.0,0.47669736382597355,0.47669736382597355
CVRmap,security,0.47669736382597355,has_security_policy,False,0.0,0.2996011877543224,0.0
CVRmap,security,0.47669736382597355,gitignore_present,False,0.0,0.22370144841970407,0.0
CVRmap,security,0.47669736382597355,security_updates,,,0.0,0.0
CVRmap,security,0.47669736382597355,secret_scanning,,,0.0,0.0
CVRmap,scientific_impact,0.07553685527880868,fwci,,,0.0,0.0
CVRmap,scientific_impact,0.07553685527880868,citation_count,1,0.13070098600339122,0.42010770929155566,0.05490849183203236
CVRmap,scientific_impact,0.07553685527880868,star_count,4,0.04,0.32315947255229943,0.012926378902091978
CVRmap,scientific_impact,0.07553685527880868,fork_count,3,0.03,0.2567328181561449,0.0077019845446843465
CVRmap,scientific_impact,0.07553685527880868,altmetric_score,,,0.0,0.0
PhyloES,compatibility,0.0,input_formats,,,0.0,0.0
PhyloES,compatibility,0.0,output_formats,,,0.0,0.0
PhyloES,compatibility,0.0,has_workflow_support,False,0.0,0.34142426786507973,0.0
PhyloES,compatibility,0.0,has_distribution_support,False,0.0,0.6585757321349203,0.0
PhyloES,fairness,1.0,license,,,0.0,0.0
PhyloES,fairness,1.0,repository,,,0.0,0.0
PhyloES,fairness,1.0,registry,,,0.0,0.0
PhyloES,fairness,1.0,citation,,,0.0,0.0
PhyloES,fairness,1.0,checklist,,,0.0,0.0
PhyloES,fairness,1.0,publication_open_access,True,1.0,1.0,1.0
PhyloES,maintainability,0.80702599285,nloc_per_file,101.95,0.89805,0.342201,0.30731360804999996
PhyloES,maintainability,0.80702599285,avg_ccn,4.04,0.6622222222222223,0.324063,0.21460172
PhyloES,maintainability,0.80702599285,duplicate_rate,14.57,0.8543000000000001,0.333736,0.2851106648
PhyloES,sustainability,0.3175835901966306,avg_issue_close_time_days,3.969224537037037,0.9558975051440329,0.199091,0.19031059019663066
PhyloES,sustainability,0.3175835901966306,num_open_issues,0,1.0,0.127273,0.127273
PhyloES,sustainability,0.3175835901966306,days_since_last_commit,768,0.0,0.114545,0.0
PhyloES,sustainability,0.3175835901966306,inverse_simpson_index,1.0,0.0,0.241818,0.0
PhyloES,sustainability,0.3175835901966306,has_releases,False,0.0,0.149091,0.0
PhyloES,sustainability,0.3175835901966306,has_contribution_guidelines,False,0.0,0.168182,0.0
PhyloES,security,0.0,default_branch_protected,False,0.0,0.47669736382597355,0.0
PhyloES,security,0.0,has_security_policy,False,0.0,0.2996011877543224,0.0
PhyloES,security,0.0,gitignore_present,False,0.0,0.22370144841970407,0.0
PhyloES,security,0.0,security_updates,,,0.0,0.0
PhyloES,security,0.0,secret_scanning,,,0.0,0.0
PhyloES,scientific_impact,0.10981698366406473,fwci,,,0.0,0.0
PhyloES,scientific_impact,0.10981698366406473,citation_count,3,0.26140197200678245,0.42010770929155566,0.10981698366406473
PhyloES,scientific_impact,0.10981698366406473,star_count,0,0.0,0.32315947255229943,0.0
PhyloES,scientific_impact,0.10981698366406473,fork_count,0,0.0,0.2567328181561449,0.0
PhyloES,scientific_impact,0.10981698366406473,altmetric_score,,,0.0,0.0
DeepMAP,compatibility,0.0,input_formats,,,0.0,0.0
DeepMAP,compatibility,0.0,output_formats,,,0.0,0.0
DeepMAP,compatibility,0.0,has_workflow_support,False,0.0,0.34142426786507973,0.0
DeepMAP,compatibility,0.0,has_distribution_support,False,0.0,0.6585757321349203,0.0
DeepMAP,fairness,1.0,license,,,0.0,0.0
DeepMAP,fairness,1.0,repository,,,0.0,0.0
DeepMAP,fairness,1.0,registry,,,0.0,0.0
DeepMAP,fairness,1.0,citation,,,0.0,0.0
DeepMAP,fairness,1.0,checklist,,,0.0,0.0
DeepMAP,fairness,1.0,publication_open_access,True,1.0,1.0,1.0
DeepMAP,maintainability,0.8476986153199999,nloc_per_file,85.88,0.91412,0.342201,0.31281277811999997
DeepMAP,maintainability,0.8476986153199999,avg_ccn,2.33,0.8522222222222222,0.324063,0.27617368999999997
DeepMAP,maintainability,0.8476986153199999,duplicate_rate,22.48,0.7752,0.333736,0.25871214719999996
DeepMAP,sustainability,0.15891068773106556,avg_issue_close_time_days,,,0.0,0.0
DeepMAP,sustainability,0.15891068773106556,num_open_issues,0,1.0,0.15891068773106556,0.15891068773106556
DeepMAP,sustainability,0.15891068773106556,days_since_last_commit,239,0.0,0.14301874495104935,0.0
DeepMAP,sustainability,0.15891068773106556,inverse_simpson_index,1.0,0.0,0.301929432682115,0.0
DeepMAP,sustainability,0.15891068773106556,has_releases,False,0.0,0.18615223452352264,0.0
DeepMAP,sustainability,0.15891068773106556,has_contribution_guidelines,False,0.0,0.20998890011224747,0.0
DeepMAP,security,0.0,default_branch_protected,False,0.0,0.47669736382597355,0.0
DeepMAP,security,0.0,has_security_policy,False,0.0,0.2996011877543224,0.0
DeepMAP,security,0.0,gitignore_present,False,0.0,0.22370144841970407,0.0
DeepMAP,security,0.0,security_updates,,,0.0,0.0
DeepMAP,security,0.0,secret_scanning,,,0.0,0.0
DeepMAP,scientific_impact,0.0,fwci,,,0.0,0.0
DeepMAP,scientific_impact,0.0,citation_count,0,0.0,0.42010770929155566,0.0
DeepMAP,scientific_impact,0.0,star_count,0,0.0,0.32315947255229943,0.0
DeepMAP,scientific_impact,0.0,fork_count,0,0.0,0.2567328181561449,0.0
DeepMAP,scientific_impact,0.0,altmetric_score,,,0.0,0.0
CBMOS,compatibility,0.0,input_formats,,,0.0,0.0
CBMOS,compatibility,0.0,output_formats,,,0.0,0.0
CBMOS,compatibility,0.0,has_workflow_support,False,0.0,0.34142426786507973,0.0
CBMOS,compatibility,0.0,has_distribution_support,False,0.0,0.6585757321349203,0.0
CBMOS,fairness,1.0,license,,,0.0,0.0
CBMOS,fairness,1.0,repository,,,0.0,0.0
CBMOS,fairness,1.0,registry,,,0.0,0.0
CBMOS,fairness,1.0,citation,,,0.0,0.0
CBMOS,fairness,1.0,checklist,,,0.0,0.0
CBMOS,fairness,1.0,publication_open_access,True,1.0,1.0,1.0
CBMOS,maintainability,0.8772152351,nloc_per_file,80.5,0.9195,0.342201,0.3146538195
CBMOS,maintainability,0.8772152351,avg_ccn,2.39,0.8455555555555555,0.324063,0.27401327
CBMOS,maintainability,0.8772152351,duplicate_rate,13.54,0.8646,0.333736,0.2885481456
CBMOS,sustainability,0.16002447598565683,avg_issue_close_time_days,,,0.0,0.0
CBMOS,sustainability,0.16002447598565683,num_open_issues,0,1.0,0.15891068773106556,0.15891068773106556
CBMOS,sustainability,0.16002447598565683,days_since_last_commit,1260,0.0,0.14301874495104935,0.0
CBMOS,sustainability,0.16002447598565683,inverse_simpson_index,1.0700891484783277,0.0036889025514909315,0.301929432682115,0.0011137882545912633
CBMOS,sustainability,0.16002447598565683,has_releases,False,0.0,0.18615223452352264,0.0
CBMOS,sustainability,0.16002447598565683,has_contribution_guidelines,False,0.0,0.20998890011224747,0.0
CBMOS,security,0.0,default_branch_protected,False,0.0,0.47669736382597355,0.0
CBMOS,security,0.0,has_security_policy,False,0.0,0.2996011877543224,0.0
CBMOS,security,0.0,gitignore_present,False,0.0,0.22370144841970407,0.0
CBMOS,security,0.0,security_updates,,,0.0,0.0
CBMOS,security,0.0,secret_scanning,,,0.0,0.0
CBMOS,scientific_impact,0.20114735394767272,fwci,,,0.0,0.0
CBMOS,scientific_impact,0.20114735394767272,citation_count,8,0.41431232324531164,0.42010770929155566,0.1740558010498504
CBMOS,scientific_impact,0.20114735394767272,star_count,6,0.06,0.32315947255229943,0.019389568353137966
CBMOS,scientific_impact,0.20114735394767272,fork_count,3,0.03,0.2567328181561449,0.0077019845446843465
CBMOS,scientific_impact,0.20114735394767272,altmetric_score,,,0.0,0.0
xrdPlanner,compatibility,0.0,input_formats,,,0.0,0.0
xrdPlanner,compatibility,0.0,output_formats,,,0.0,0.0
xrdPlanner,compatibility,0.0,has_workflow_support,False,0.0,0.34142426786507973,0.0
xrdPlanner,compatibility,0.0,has_distribution_support,False,0.0,0.6585757321349203,0.0
xrdPlanner,fairness,1.0,license,,,0.0,0.0
xrdPlanner,fairness,1.0,repository,,,0.0,0.0
xrdPlanner,fairness,1.0,registry,,,0.0,0.0
xrdPlanner,fairness,1.0,citation,,,0.0,0.0
xrdPlanner,fairness,1.0,checklist,,,0.0,0.0
xrdPlanner,fairness,1.0,publication_open_access,True,1.0,1.0,1.0
xrdPlanner,maintainability,0.6100378701,nloc_per_file,893.5,0.10650000000000004,0.342201,0.03644440650000001
xrdPlanner,maintainability,0.6100378701,avg_ccn,3.27,0.7477777777777778,0.324063,0.24232710999999998
xrdPlanner,maintainability,0.6100378701,duplicate_rate,0.74,0.9926,0.333736,0.3312663536
xrdPlanner,sustainability,0.15689084620293345,avg_issue_close_time_days,,,0.0,0.0
xrdPlanner,sustainability,0.15689084620293345,num_open_issues,4,0.98,0.15891068773106556,0.15573247397644424
xrdPlanner,sustainability,0.15689084620293345,days_since_last_commit,526,0.0,0.14301874495104935,0.0
xrdPlanner,sustainability,0.15689084620293345,inverse_simpson_index,1.0728947559294986,0.0038365661015525563,0.301929432682115,0.001158372226489197
xrdPlanner,sustainability,0.15689084620293345,has_releases,False,0.0,0.18615223452352264,0.0
xrdPlanner,sustainability,0.15689084620293345,has_contribution_guidelines,False,0.0,0.20998890011224747,0.0
xrdPlanner,security,0.0,default_branch_protected,False,0.0,0.47669736382597355,0.0
xrdPlanner,security,0.0,has_security_policy,False,0.0,0.2996011877543224,0.0
xrdPlanner,security,0.0,gitignore_present,False,0.0,0.22370144841970407,0.0
xrdPlanner,security,0.0,security_updates,,,0.0,0.0
xrdPlanner,security,0.0,secret_scanning,,,0.0,0.0
xrdPlanner,scientific_impact,0.052944310702006274,fwci,,,0.0,0.0
xrdPlanner,scientific_impact,0.052944310702006274,citation_count,0,0.0,0.42010770929155566,0.0
xrdPlanner,scientific_impact,0.052944310702006274,star_count,14,0.14,0.32315947255229943,0.045242326157321926
xrdPlanner,scientific_impact,0.052944310702006274,fork_count,3,0.03,0.2567328181561449,0.0077019845446843465
xrdPlanner,scientific_impact,0.052944310702006274,altmetric_score,,,0.0,0.0
XeroGraph,compatibility,0.0,input_formats,,,0.0,0.0
XeroGraph,compatibility,0.0,output_formats,,,0.0,0.0
XeroGraph,compatibility,0.0,has_workflow_support,False,0.0,0.34142426786507973,0.0
XeroGraph,compatibility,0.0,has_distribution_support,False,0.0,0.6585757321349203,0.0
XeroGraph,fairness,1.0,license,,,0.0,0.0
XeroGraph,fairness,1.0,repository,,,0.0,0.0
XeroGraph,fairness,1.0,registry,,,0.0,0.0
XeroGraph,fairness,1.0,citation,,,0.0,0.0
XeroGraph,fairness,1.0,checklist,,,0.0,0.0
XeroGraph,fairness,1.0,publication_open_access,True,1.0,1.0,1.0
XeroGraph,maintainability,0.77714289546,nloc_per_file,182.54,0.8174600000000001,0.342201,0.27973562946
XeroGraph,maintainability,0.77714289546,avg_ccn,3.61,0.71,0.324063,0.23008473
XeroGraph,maintainability,0.77714289546,duplicate_rate,19.9,0.801,0.333736,0.267322536
XeroGraph,sustainability,0.15937120036076705,avg_issue_close_time_days,,,0.0,0.0
XeroGraph,sustainability,0.15937120036076705,num_open_issues,0,1.0,0.15891068773106556,0.15891068773106556
XeroGraph,sustainability,0.15937120036076705,days_since_last_commit,634,0.0,0.14301874495104935,0.0
XeroGraph,sustainability,0.15937120036076705,inverse_simpson_index,1.0289794204115916,0.0015252326532416646,0.301929432682115,0.00046051262970149277
XeroGraph,sustainability,0.15937120036076705,has_releases,False,0.0,0.18615223452352264,0.0
XeroGraph,sustainability,0.15937120036076705,has_contribution_guidelines,False,0.0,0.20998890011224747,0.0
XeroGraph,security,0.0,default_branch_protected,False,0.0,0.47669736382597355,0.0
XeroGraph,security,0.0,has_security_policy,False,0.0,0.2996011877543224,0.0
XeroGraph,security,0.0,gitignore_present,False,0.0,0.22370144841970407,0.0
XeroGraph,security,0.0,security_updates,,,0.0,0.0
XeroGraph,security,0.0,secret_scanning,,,0.0,0.0
XeroGraph,scientific_impact,0.009694784176568983,fwci,,,0.0,0.0
XeroGraph,scientific_impact,0.009694784176568983,citation_count,0,0.0,0.42010770929155566,0.0
XeroGraph,scientific_impact,0.009694784176568983,star_count,3,0.03,0.32315947255229943,0.009694784176568983
XeroGraph,scientific_impact,0.009694784176568983,fork_count,0,0.0,0.2567328181561449,0.0
XeroGraph,scientific_impact,0.009694784176568983,altmetric_score,,,0.0,0.0
MUFFIN,compatibility,0.0,input_formats,,,0.0,0.0
MUFFIN,compatibility,0.0,output_formats,,,0.0,0.0
MUFFIN,compatibility,0.0,has_workflow_support,False,0.0,0.34142426786507973,0.0
MUFFIN,compatibility,0.0,has_distribution_support,False,0.0,0.6585757321349203,0.0
MUFFIN,fairness,1.0,license,,,0.0,0.0
MUFFIN,fairness,1.0,repository,,,0.0,0.0
MUFFIN,fairness,1.0,registry,,,0.0,0.0
MUFFIN,fairness,1.0,citation,,,0.0,0.0
MUFFIN,fairness,1.0,checklist,,,0.0,0.0
MUFFIN,fairness,1.0,publication_open_access,True,1.0,1.0,1.0
MUFFIN,maintainability,0.7280010675999999,nloc_per_file,224.0,0.776,0.342201,0.26554797599999996
MUFFIN,maintainability,0.7280010675999999,avg_ccn,5.11,0.5433333333333332,0.324063,0.17607422999999997
MUFFIN,maintainability,0.7280010675999999,duplicate_rate,14.19,0.8581,0.333736,0.2863788616
MUFFIN,sustainability,0.12454327270980088,avg_issue_close_time_days,431.0565072337963,0.0,0.199091,0.0
MUFFIN,sustainability,0.12454327270980088,num_open_issues,6,0.97,0.127273,0.12345481
MUFFIN,sustainability,0.12454327270980088,days_since_last_commit,592,0.0,0.114545,0.0
MUFFIN,sustainability,0.12454327270980088,inverse_simpson_index,1.0855221343581407,0.004501164966217932,0.241818,0.0010884627098008879
MUFFIN,sustainability,0.12454327270980088,has_releases,False,0.0,0.149091,0.0
MUFFIN,sustainability,0.12454327270980088,has_contribution_guidelines,False,0.0,0.168182,0.0
MUFFIN,security,0.0,default_branch_protected,False,0.0,0.47669736382597355,0.0
MUFFIN,security,0.0,has_security_policy,False,0.0,0.2996011877543224,0.0
MUFFIN,security,0.0,gitignore_present,False,0.0,0.22370144841970407,0.0
MUFFIN,security,0.0,security_updates,,,0.0,0.0
MUFFIN,security,0.0,secret_scanning,,,0.0,0.0
MUFFIN,scientific_impact,0.538931809011471,fwci,,,0.0,0.0
MUFFIN,scientific_impact,0.538931809011471,citation_count,33,0.6649364096070337,0.42010770929155566,0.2793449118645625
MUFFIN,scientific_impact,0.538931809011471,star_count,70,0.7,0.32315947255229943,0.22621163078660958
MUFFIN,scientific_impact,0.538931809011471,fork_count,13,0.13,0.2567328181561449,0.03337526636029884
MUFFIN,scientific_impact,0.538931809011471,altmetric_score,,,0.0,0.0
FRETpredict,compatibility,0.0,input_formats,,,0.0,0.0
FRETpredict,compatibility,0.0,output_formats,,,0.0,0.0
FRETpredict,compatibility,0.0,has_workflow_support,False,0.0,0.34142426786507973,0.0
FRETpredict,compatibility,0.0,has_distribution_support,False,0.0,0.6585757321349203,0.0
FRETpredict,fairness,1.0,license,,,0.0,0.0
FRETpredict,fairness,1.0,repository,,,0.0,0.0
FRETpredict,fairness,1.0,registry,,,0.0,0.0
FRETpredict,fairness,1.0,citation,,,0.0,0.0
FRETpredict,fairness,1.0,checklist,,,0.0,0.0
FRETpredict,fairness,1.0,publication_open_access,True,1.0,1.0,1.0
FRETpredict,maintainability,0.8636649219999999,nloc_per_file,63.2,0.9368,0.342201,0.3205738968
FRETpredict,maintainability,0.8636649219999999,avg_ccn,4.03,0.6633333333333333,0.324063,0.21496178999999999
FRETpredict,maintainability,0.8636649219999999,duplicate_rate,1.68,0.9832,0.333736,0.3281292352
FRETpredict,sustainability,0.1657317689199313,avg_issue_close_time_days,,,0.0,0.0
FRETpredict,sustainability,0.1657317689199313,num_open_issues,1,0.995,0.15891068773106556,0.15811613429241023
FRETpredict,sustainability,0.1657317689199313,days_since_last_commit,644,0.0,0.14301874495104935,0.0
FRETpredict,sustainability,0.1657317689199313,inverse_simpson_index,1.4792413135662867,0.025223227029804566,0.301929432682115,0.007615634627521081
FRETpredict,sustainability,0.1657317689199313,has_releases,False,0.0,0.18615223452352264,0.0
FRETpredict,sustainability,0.1657317689199313,has_contribution_guidelines,False,0.0,0.20998890011224747,0.0
FRETpredict,security,0.0,default_branch_protected,False,0.0,0.47669736382597355,0.0
FRETpredict,security,0.0,has_security_policy,False,0.0,0.2996011877543224,0.0
FRETpredict,security,0.0,gitignore_present,False,0.0,0.22370144841970407,0.0
FRETpredict,security,0.0,security_updates,,,0.0,0.0
FRETpredict,security,0.0,secret_scanning,,,0.0,0.0
FRETpredict,scientific_impact,0.28844582199571456,fwci,,,0.0,0.0
FRETpredict,scientific_impact,0.28844582199571456,citation_count,12,0.4836511198071519,0.42010770929155566,0.20318556403847834
FRETpredict,scientific_impact,0.28844582199571456,star_count,24,0.24,0.32315947255229943,0.07755827341255186
FRETpredict,scientific_impact,0.28844582199571456,fork_count,3,0.03,0.2567328181561449,0.0077019845446843465
FRETpredict,scientific_impact,0.28844582199571456,altmetric_score,,,0.0,0.0
COSS,compatibility,0.0,input_formats,,,0.0,0.0
COSS,compatibility,0.0,output_formats,,,0.0,0.0
COSS,compatibility,0.0,has_workflow_support,False,0.0,0.34142426786507973,0.0
COSS,compatibility,0.0,has_distribution_support,False,0.0,0.6585757321349203,0.0
COSS,fairness,0.0,license,,,0.0,0.0
COSS,fairness,0.0,repository,,,0.0,0.0
COSS,fairness,0.0,registry,,,0.0,0.0
COSS,fairness,0.0,citation,,,0.0,0.0
COSS,fairness,0.0,checklist,,,0.0,0.0
COSS,fairness,0.0,publication_open_access,False,0.0,1.0,0.0
COSS,maintainability,0.8826784610099999,nloc_per_file,68.59,0.93141,0.342201,0.31872943341
COSS,maintainability,0.8826784610099999,avg_ccn,2.37,0.8477777777777777,0.324063,0.27473340999999996
COSS,maintainability,0.8826784610099999,duplicate_rate,13.34,0.8666,0.333736,0.2892156176
COSS,sustainability,0.1454729697368421,avg_issue_close_time_days,111.67562384259259,0.0,0.199091,0.0
COSS,sustainability,0.1454729697368421,num_open_issues,9,0.955,0.127273,0.121545715
COSS,sustainability,0.1454729697368421,days_since_last_commit,1255,0.0,0.114545,0.0
COSS,sustainability,0.1454729697368421,inverse_simpson_index,2.88,0.09894736842105263,0.241818,0.023927254736842107
COSS,sustainability,0.1454729697368421,has_releases,False,0.0,0.149091,0.0
COSS,sustainability,0.1454729697368421,has_contribution_guidelines,False,0.0,0.168182,0.0
COSS,security,0.0,default_branch_protected,False,0.0,0.47669736382597355,0.0
COSS,security,0.0,has_security_policy,False,0.0,0.2996011877543224,0.0
COSS,security,0.0,gitignore_present,False,0.0,0.22370144841970407,0.0
COSS,security,0.0,security_updates,,,0.0,0.0
COSS,security,0.0,secret_scanning,,,0.0,0.0
COSS,scientific_impact,0.24261085898831652,fwci,,,0.0,0.0
COSS,scientific_impact,0.24261085898831652,citation_count,13,0.4976250423777937,0.42010770929155566,0.20905611663944823
COSS,scientific_impact,0.24261085898831652,star_count,8,0.08,0.32315947255229943,0.025852757804183956
COSS,scientific_impact,0.24261085898831652,fork_count,3,0.03,0.2567328181561449,0.0077019845446843465
COSS,scientific_impact,0.24261085898831652,altmetric_score,,,0.0,0.0
MS2Quant,compatibility,0.0,input_formats,,,0.0,0.0
MS2Quant,compatibility,0.0,output_formats,,,0.0,0.0
MS2Quant,compatibility,0.0,has_workflow_support,False,0.0,0.34142426786507973,0.0
MS2Quant,compatibility,0.0,has_distribution_support,False,0.0,0.6585757321349203,0.0
MS2Quant,fairness,1.0,license,,,0.0,0.0
MS2Quant,fairness,1.0,repository,,,0.0,0.0
MS2Quant,fairness,1.0,registry,,,0.0,0.0
MS2Quant,fairness,1.0,citation,,,0.0,0.0
MS2Quant,fairness,1.0,checklist,,,0.0,0.0
MS2Quant,fairness,1.0,publication_open_access,True,1.0,1.0,1.0
MS2Quant,maintainability,0.6831423674,nloc_per_file,309.0,0.6910000000000001,0.342201,0.236460891
MS2Quant,maintainability,0.6831423674,avg_ccn,3.85,0.6833333333333333,0.324063,0.22144305
MS2Quant,maintainability,0.6831423674,duplicate_rate,32.51,0.6749,0.333736,0.2252384264
MS2Quant,sustainability,0.2603399587408993,avg_issue_close_time_days,35.089872685185185,0.6101125257201646,0.199091,0.12146791285815328
MS2Quant,sustainability,0.2603399587408993,num_open_issues,1,0.995,0.127273,0.126636635
MS2Quant,sustainability,0.2603399587408993,days_since_last_commit,210,0.0,0.114545,0.0
MS2Quant,sustainability,0.2603399587408993,inverse_simpson_index,1.9613544350386458,0.05059760184413925,0.241818,0.012235410882746066
MS2Quant,sustainability,0.2603399587408993,has_releases,False,0.0,0.149091,0.0
MS2Quant,sustainability,0.2603399587408993,has_contribution_guidelines,False,0.0,0.168182,0.0
MS2Quant,security,0.0,default_branch_protected,False,0.0,0.47669736382597355,0.0
MS2Quant,security,0.0,has_security_policy,False,0.0,0.2996011877543224,0.0
MS2Quant,security,0.0,gitignore_present,False,0.0,0.22370144841970407,0.0
MS2Quant,security,0.0,security_updates,,,0.0,0.0
MS2Quant,security,0.0,secret_scanning,,,0.0,0.0
MS2Quant,scientific_impact,0.3035370736955841,fwci,,,0.0,0.0
MS2Quant,scientific_impact,0.3035370736955841,citation_count,31,0.6535049300169562,0.42010770929155566,0.27454245916016184
MS2Quant,scientific_impact,0.3035370736955841,star_count,5,0.05,0.32315947255229943,0.016157973627614973
MS2Quant,scientific_impact,0.3035370736955841,fork_count,5,0.05,0.2567328181561449,0.012836640907807246
MS2Quant,scientific_impact,0.3035370736955841,altmetric_score,,,0.0,0.0
18S-NemaBase,compatibility,0.0,input_formats,,,0.0,0.0
18S-NemaBase,compatibility,0.0,output_formats,,,0.0,0.0
18S-NemaBase,compatibility,0.0,has_workflow_support,False,0.0,0.34142426786507973,0.0
18S-NemaBase,compatibility,0.0,has_distribution_support,False,0.0,0.6585757321349203,0.0
18S-NemaBase,fairness,1.0,license,,,0.0,0.0
18S-NemaBase,fairness,1.0,repository,,,0.0,0.0
18S-NemaBase,fairness,1.0,registry,,,0.0,0.0
18S-NemaBase,fairness,1.0,citation,,,0.0,0.0
18S-NemaBase,fairness,1.0,checklist,,,0.0,0.0
18S-NemaBase,fairness,1.0,publication_open_access,True,1.0,1.0,1.0
18S-NemaBase,maintainability,0.9204575779999999,nloc_per_file,22.0,0.978,0.342201,0.334672578
18S-NemaBase,maintainability,0.9204575779999999,avg_ccn,3.0,0.7777777777777778,0.324063,0.252049
18S-NemaBase,maintainability,0.9204575779999999,duplicate_rate,0.0,1.0,0.333736,0.333736
18S-NemaBase,sustainability,0.326196349811214,avg_issue_close_time_days,0.07578703703703704,0.9991579218106996,0.199091,0.19892334981121398
18S-NemaBase,sustainability,0.326196349811214,num_open_issues,0,1.0,0.127273,0.127273
18S-NemaBase,sustainability,0.326196349811214,days_since_last_commit,1189,0.0,0.114545,0.0
18S-NemaBase,sustainability,0.326196349811214,inverse_simpson_index,1.0,0.0,0.241818,0.0
18S-NemaBase,sustainability,0.326196349811214,has_releases,False,0.0,0.149091,0.0
18S-NemaBase,sustainability,0.326196349811214,has_contribution_guidelines,False,0.0,0.168182,0.0
18S-NemaBase,security,0.0,default_branch_protected,False,0.0,0.47669736382597355,0.0
18S-NemaBase,security,0.0,has_security_policy,False,0.0,0.2996011877543224,0.0
18S-NemaBase,security,0.0,gitignore_present,False,0.0,0.22370144841970407,0.0
18S-NemaBase,security,0.0,security_updates,,,0.0,0.0
18S-NemaBase,security,0.0,secret_scanning,,,0.0,0.0
18S-NemaBase,scientific_impact,0.23669853239066052,fwci,,,0.0,0.0
18S-NemaBase,scientific_impact,0.23669853239066052,citation_count,16,0.5342354236036424,0.42010770929155566,0.2244364200325301
18S-NemaBase,scientific_impact,0.23669853239066052,star_count,3,0.03,0.32315947255229943,0.009694784176568983
18S-NemaBase,scientific_impact,0.23669853239066052,fork_count,1,0.01,0.2567328181561449,0.0025673281815614493
18S-NemaBase,scientific_impact,0.23669853239066052,altmetric_score,,,0.0,0.0
BinDel,compatibility,0.0,input_formats,,,0.0,0.0
BinDel,compatibility,0.0,output_formats,,,0.0,0.0
BinDel,compatibility,0.0,has_workflow_support,False,0.0,0.34142426786507973,0.0
BinDel,compatibility,0.0,has_distribution_support,False,0.0,0.6585757321349203,0.0
BinDel,fairness,1.0,license,,,0.0,0.0
BinDel,fairness,1.0,repository,,,0.0,0.0
BinDel,fairness,1.0,registry,,,0.0,0.0
BinDel,fairness,1.0,citation,,,0.0,0.0
BinDel,fairness,1.0,checklist,,,0.0,0.0
BinDel,fairness,1.0,publication_open_access,True,1.0,1.0,1.0
BinDel,maintainability,0.7795104244,nloc_per_file,85.6,0.9144,0.342201,0.31290859439999996
BinDel,maintainability,0.7795104244,avg_ccn,6.31,0.41000000000000003,0.324063,0.13286583000000002
BinDel,maintainability,0.7795104244,duplicate_rate,0.0,1.0,0.333736,0.333736
BinDel,sustainability,0.3177664743289609,avg_issue_close_time_days,3.8865509259259263,0.9568161008230452,0.199091,0.19049347432896088
BinDel,sustainability,0.3177664743289609,num_open_issues,0,1.0,0.127273,0.127273
BinDel,sustainability,0.3177664743289609,days_since_last_commit,671,0.0,0.114545,0.0
BinDel,sustainability,0.3177664743289609,inverse_simpson_index,1.0,0.0,0.241818,0.0
BinDel,sustainability,0.3177664743289609,has_releases,False,0.0,0.149091,0.0
BinDel,sustainability,0.3177664743289609,has_contribution_guidelines,False,0.0,0.168182,0.0
BinDel,security,0.0,default_branch_protected,False,0.0,0.47669736382597355,0.0
BinDel,security,0.0,has_security_policy,False,0.0,0.2996011877543224,0.0
BinDel,security,0.0,gitignore_present,False,0.0,0.22370144841970407,0.0
BinDel,security,0.0,security_updates,,,0.0,0.0
BinDel,security,0.0,secret_scanning,,,0.0,0.0
BinDel,scientific_impact,0.006463189451045989,fwci,,,0.0,0.0
BinDel,scientific_impact,0.006463189451045989,citation_count,0,0.0,0.42010770929155566,0.0
BinDel,scientific_impact,0.006463189451045989,star_count,2,0.02,0.32315947255229943,0.006463189451045989
BinDel,scientific_impact,0.006463189451045989,fork_count,0,0.0,0.2567328181561449,0.0
BinDel,scientific_impact,0.006463189451045989,altmetric_score,,,0.0,0.0
BioMOBS,compatibility,0.0,input_formats,,,0.0,0.0
BioMOBS,compatibility,0.0,output_formats,,,0.0,0.0
BioMOBS,compatibility,0.0,has_workflow_support,False,0.0,0.34142426786507973,0.0
BioMOBS,compatibility,0.0,has_distribution_support,False,0.0,0.6585757321349203,0.0
BioMOBS,fairness,1.0,license,,,0.0,0.0
BioMOBS,fairness,1.0,repository,,,0.0,0.0
BioMOBS,fairness,1.0,registry,,,0.0,0.0
BioMOBS,fairness,1.0,citation,,,0.0,0.0
BioMOBS,fairness,1.0,checklist,,,0.0,0.0
BioMOBS,fairness,1.0,publication_open_access,True,1.0,1.0,1.0
BioMOBS,maintainability,0.8942564897399999,nloc_per_file,95.06,0.90494,0.342201,0.30967137293999997
BioMOBS,maintainability,0.8942564897399999,avg_ccn,2.86,0.7933333333333333,0.324063,0.25708998
BioMOBS,maintainability,0.8942564897399999,duplicate_rate,1.87,0.9813,0.333736,0.3274951368
BioMOBS,sustainability,0.22764272721256468,avg_issue_close_time_days,,,0.0,0.0
BioMOBS,sustainability,0.22764272721256468,num_open_issues,0,1.0,0.22764272721256468,0.22764272721256468
BioMOBS,sustainability,0.22764272721256468,days_since_last_commit,226,0.0,0.20487720245899146,0.0
BioMOBS,sustainability,0.22764272721256468,inverse_simpson_index,,,0.0,0.0
BioMOBS,sustainability,0.22764272721256468,has_releases,False,0.0,0.2666667859078397,0.0
BioMOBS,sustainability,0.22764272721256468,has_contribution_guidelines,False,0.0,0.3008132844206042,0.0
BioMOBS,security,0.0,default_branch_protected,False,0.0,0.47669736382597355,0.0
BioMOBS,security,0.0,has_security_policy,False,0.0,0.2996011877543224,0.0
BioMOBS,security,0.0,gitignore_present,False,0.0,0.22370144841970407,0.0
BioMOBS,security,0.0,security_updates,,,0.0,0.0
BioMOBS,security,0.0,secret_scanning,,,0.0,0.0
BioMOBS,scientific_impact,0.012262112358130432,fwci,,,0.0,0.0
BioMOBS,scientific_impact,0.012262112358130432,citation_count,0,0.0,0.42010770929155566,0.0
BioMOBS,scientific_impact,0.012262112358130432,star_count,3,0.03,0.32315947255229943,0.009694784176568983
BioMOBS,scientific_impact,0.012262112358130432,fork_count,1,0.01,0.2567328181561449,0.0025673281815614493
BioMOBS,scientific_impact,0.012262112358130432,altmetric_score,,,0.0,0.0
ionmob,compatibility,0.0,input_formats,,,0.0,0.0
ionmob,compatibility,0.0,output_formats,,,0.0,0.0
ionmob,compatibility,0.0,has_workflow_support,False,0.0,0.34142426786507973,0.0
ionmob,compatibility,0.0,has_distribution_support,False,0.0,0.6585757321349203,0.0
ionmob,fairness,1.0,license,,,0.0,0.0
ionmob,fairness,1.0,repository,,,0.0,0.0
ionmob,fairness,1.0,registry,,,0.0,0.0
ionmob,fairness,1.0,citation,,,0.0,0.0
ionmob,fairness,1.0,checklist,,,0.0,0.0
ionmob,fairness,1.0,publication_open_access,True,1.0,1.0,1.0
ionmob,maintainability,0.9068145938600001,nloc_per_file,76.94,0.92306,0.342201,0.31587205506
ionmob,maintainability,0.9068145938600001,avg_ccn,2.03,0.8855555555555555,0.324063,0.28697579
ionmob,maintainability,0.9068145938600001,duplicate_rate,8.92,0.9108,0.333736,0.3039667488
ionmob,sustainability,0.1596406031759504,avg_issue_close_time_days,,,0.0,0.0
ionmob,sustainability,0.1596406031759504,num_open_issues,0,1.0,0.15891068773106556,0.15891068773106556
ionmob,sustainability,0.1596406031759504,days_since_last_commit,1084,0.0,0.14301874495104935,0.0
ionmob,sustainability,0.1596406031759504,inverse_simpson_index,1.0459325655323364,0.0024175034490703357,0.301929432682115,0.0007299154448848627
ionmob,sustainability,0.1596406031759504,has_releases,False,0.0,0.18615223452352264,0.0
ionmob,sustainability,0.1596406031759504,has_contribution_guidelines,False,0.0,0.20998890011224747,0.0
ionmob,security,0.47669736382597355,default_branch_protected,True,1.0,0.47669736382597355,0.47669736382597355
ionmob,security,0.47669736382597355,has_security_policy,False,0.0,0.2996011877543224,0.0
ionmob,security,0.47669736382597355,gitignore_present,False,0.0,0.22370144841970407,0.0
ionmob,security,0.47669736382597355,security_updates,,,0.0,0.0
ionmob,security,0.47669736382597355,secret_scanning,,,0.0,0.0
ionmob,scientific_impact,0.2934864589242832,fwci,,,0.0,0.0
ionmob,scientific_impact,0.2934864589242832,citation_count,19,0.5648802634375365,0.42010770929155566,0.23731055349675395
ionmob,scientific_impact,0.2934864589242832,star_count,15,0.15,0.32315947255229943,0.04847392088284491
ionmob,scientific_impact,0.2934864589242832,fork_count,3,0.03,0.2567328181561449,0.0077019845446843465
ionmob,scientific_impact,0.2934864589242832,altmetric_score,,,0.0,0.0
OpenMandible,compatibility,0.0,input_formats,,,0.0,0.0
OpenMandible,compatibility,0.0,output_formats,,,0.0,0.0
OpenMandible,compatibility,0.0,has_workflow_support,False,0.0,0.34142426786507973,0.0
OpenMandible,compatibility,0.0,has_distribution_support,False,0.0,0.6585757321349203,0.0
OpenMandible,fairness,0.0,license,,,0.0,0.0
OpenMandible,fairness,0.0,repository,,,0.0,0.0
OpenMandible,fairness,0.0,registry,,,0.0,0.0
OpenMandible,fairness,0.0,citation,,,0.0,0.0
OpenMandible,fairness,0.0,checklist,,,0.0,0.0
OpenMandible,fairness,0.0,publication_open_access,False,0.0,1.0,0.0
OpenMandible,maintainability,,nloc_per_file,,,0.0,0.0
OpenMandible,maintainability,,avg_ccn,,,0.0,0.0
OpenMandible,maintainability,,duplicate_rate,,,0.0,0.0
OpenMandible,sustainability,0.16045735107511888,avg_issue_close_time_days,,,0.0,0.0
OpenMandible,sustainability,0.16045735107511888,num_open_issues,0,1.0,0.15891068773106556,0.15891068773106556
OpenMandible,sustainability,0.16045735107511888,days_since_last_commit,2058,0.0,0.14301874495104935,0.0
OpenMandible,sustainability,0.16045735107511888,inverse_simpson_index,1.0973293768545993,0.005122598781821016,0.301929432682115,0.0015466633440533125
OpenMandible,sustainability,0.16045735107511888,has_releases,False,0.0,0.18615223452352264,0.0
OpenMandible,sustainability,0.16045735107511888,has_contribution_guidelines,False,0.0,0.20998890011224747,0.0
OpenMandible,security,0.0,default_branch_protected,False,0.0,0.47669736382597355,0.0
OpenMandible,security,0.0,has_security_policy,False,0.0,0.2996011877543224,0.0
OpenMandible,security,0.0,gitignore_present,False,0.0,0.22370144841970407,0.0
OpenMandible,security,0.0,security_updates,,,0.0,0.0
OpenMandible,security,0.0,secret_scanning,,,0.0,0.0
OpenMandible,scientific_impact,0.24409707255196417,fwci,,,0.0,0.0
OpenMandible,scientific_impact,0.24409707255196417,citation_count,7,0.3921029580101737,0.42010770929155566,0.16472547549609712
OpenMandible,scientific_impact,0.24409707255196417,star_count,19,0.19,0.32315947255229943,0.06140029978493689
OpenMandible,scientific_impact,0.24409707255196417,fork_count,7,0.07,0.2567328181561449,0.017971297270930144
OpenMandible,scientific_impact,0.24409707255196417,altmetric_score,,,0.0,0.0
MutateX,compatibility,0.0,input_formats,,,0.0,0.0
MutateX,compatibility,0.0,output_formats,,,0.0,0.0
MutateX,compatibility,0.0,has_workflow_support,False,0.0,0.34142426786507973,0.0
MutateX,compatibility,0.0,has_distribution_support,False,0.0,0.6585757321349203,0.0
MutateX,fairness,0.0,license,,,0.0,0.0
MutateX,fairness,0.0,repository,,,0.0,0.0
MutateX,fairness,0.0,registry,,,0.0,0.0
MutateX,fairness,0.0,citation,,,0.0,0.0
MutateX,fairness,0.0,checklist,,,0.0,0.0
MutateX,fairness,0.0,publication_open_access,False,0.0,1.0,0.0
MutateX,maintainability,0.7714344667999999,nloc_per_file,194.0,0.806,0.342201,0.275814006
MutateX,maintainability,0.7714344667999999,avg_ccn,4.58,0.6022222222222222,0.324063,0.19515794
MutateX,maintainability,0.7714344667999999,duplicate_rate,9.97,0.9003,0.333736,0.30046252079999997
MutateX,sustainability,0.1274078655457768,avg_issue_close_time_days,223.0987315634218,0.0,0.199091,0.0
MutateX,sustainability,0.1274078655457768,num_open_issues,1,0.995,0.127273,0.126636635
MutateX,sustainability,0.1274078655457768,days_since_last_commit,199,0.0,0.114545,0.0
MutateX,sustainability,0.1274078655457768,inverse_simpson_index,1.060596731301057,0.0031893016474240483,0.241818,0.0007712305457767885
MutateX,sustainability,0.1274078655457768,has_releases,False,0.0,0.149091,0.0
MutateX,sustainability,0.1274078655457768,has_contribution_guidelines,False,0.0,0.168182,0.0
MutateX,security,0.47669736382597355,default_branch_protected,True,1.0,0.47669736382597355,0.47669736382597355
MutateX,security,0.47669736382597355,has_security_policy,False,0.0,0.2996011877543224,0.0
MutateX,security,0.47669736382597355,gitignore_present,False,0.0,0.22370144841970407,0.0
MutateX,security,0.47669736382597355,security_updates,,,0.0,0.0
MutateX,security,0.47669736382597355,secret_scanning,,,0.0,0.0
MutateX,scientific_impact,0.5726243853755576,fwci,,,0.0,0.0
MutateX,scientific_impact,0.5726243853755576,citation_count,49,0.7376575688648993,0.42010770929155566,0.30989563149741084
MutateX,scientific_impact,0.5726243853755576,star_count,67,0.67,0.32315947255229943,0.21651684661004064
MutateX,scientific_impact,0.5726243853755576,fork_count,18,0.18,0.2567328181561449,0.04621190726810608
MutateX,scientific_impact,0.5726243853755576,altmetric_score,,,0.0,0.0
MagicalRsq-X,compatibility,0.0,input_formats,,,0.0,0.0
MagicalRsq-X,compatibility,0.0,output_formats,,,0.0,0.0
MagicalRsq-X,compatibility,0.0,has_workflow_support,False,0.0,0.34142426786507973,0.0
MagicalRsq-X,compatibility,0.0,has_distribution_support,False,0.0,0.6585757321349203,0.0
MagicalRsq-X,fairness,0.0,license,,,0.0,0.0
MagicalRsq-X,fairness,0.0,repository,,,0.0,0.0
MagicalRsq-X,fairness,0.0,registry,,,0.0,0.0
MagicalRsq-X,fairness,0.0,citation,,,0.0,0.0
MagicalRsq-X,fairness,0.0,checklist,,,0.0,0.0
MagicalRsq-X,fairness,0.0,publication_open_access,False,0.0,1.0,0.0
MagicalRsq-X,maintainability,0.7263623248,nloc_per_file,45.2,0.9548,0.342201,0.32673351479999996
MagicalRsq-X,maintainability,0.7263623248,avg_ccn,8.17,0.20333333333333337,0.324063,0.06589281000000001
MagicalRsq-X,maintainability,0.7263623248,duplicate_rate,0.0,1.0,0.333736,0.333736
MagicalRsq-X,sustainability,0.22764272721256468,avg_issue_close_time_days,,,0.0,0.0
MagicalRsq-X,sustainability,0.22764272721256468,num_open_issues,0,1.0,0.22764272721256468,0.22764272721256468
MagicalRsq-X,sustainability,0.22764272721256468,days_since_last_commit,1039,0.0,0.20487720245899146,0.0
MagicalRsq-X,sustainability,0.22764272721256468,inverse_simpson_index,,,0.0,0.0
MagicalRsq-X,sustainability,0.22764272721256468,has_releases,False,0.0,0.2666667859078397,0.0
MagicalRsq-X,sustainability,0.22764272721256468,has_contribution_guidelines,False,0.0,0.3008132844206042,0.0
MagicalRsq-X,security,0.0,default_branch_protected,False,0.0,0.47669736382597355,0.0
MagicalRsq-X,security,0.0,has_security_policy,False,0.0,0.2996011877543224,0.0
MagicalRsq-X,security,0.0,gitignore_present,False,0.0,0.22370144841970407,0.0
MagicalRsq-X,security,0.0,security_updates,,,0.0,0.0
MagicalRsq-X,security,0.0,secret_scanning,,,0.0,0.0
MagicalRsq-X,scientific_impact,0.1274935698326892,fwci,,,0.0,0.0
MagicalRsq-X,scientific_impact,0.1274935698326892,citation_count,4,0.303478291430754,0.42010770929155566,0.1274935698326892
MagicalRsq-X,scientific_impact,0.1274935698326892,star_count,0,0.0,0.32315947255229943,0.0
MagicalRsq-X,scientific_impact,0.1274935698326892,fork_count,0,0.0,0.2567328181561449,0.0
MagicalRsq-X,scientific_impact,0.1274935698326892,altmetric_score,,,0.0,0.0
ONT-AmpSeq,compatibility,0.0,input_formats,,,0.0,0.0
ONT-AmpSeq,compatibility,0.0,output_formats,,,0.0,0.0
ONT-AmpSeq,compatibility,0.0,has_workflow_support,False,0.0,0.34142426786507973,0.0
ONT-AmpSeq,compatibility,0.0,has_distribution_support,False,0.0,0.6585757321349203,0.0
ONT-AmpSeq,fairness,1.0,license,,,0.0,0.0
ONT-AmpSeq,fairness,1.0,repository,,,0.0,0.0
ONT-AmpSeq,fairness,1.0,registry,,,0.0,0.0
ONT-AmpSeq,fairness,1.0,citation,,,0.0,0.0
ONT-AmpSeq,fairness,1.0,checklist,,,0.0,0.0
ONT-AmpSeq,fairness,1.0,publication_open_access,True,1.0,1.0,1.0
ONT-AmpSeq,maintainability,0.79930564695,nloc_per_file,26.25,0.97375,0.342201,0.33321822375
ONT-AmpSeq,maintainability,0.79930564695,avg_ccn,5.2,0.5333333333333333,0.324063,0.1728336
ONT-AmpSeq,maintainability,0.79930564695,duplicate_rate,12.13,0.8787,0.333736,0.2932538232
ONT-AmpSeq,sustainability,0.2629603447310176,avg_issue_close_time_days,26.69517650462963,0.7033869277263375,0.199091,0.14003800682796425
ONT-AmpSeq,sustainability,0.2629603447310176,num_open_issues,14,0.9299999999999999,0.127273,0.11836388999999999
ONT-AmpSeq,sustainability,0.2629603447310176,days_since_last_commit,603,0.0,0.114545,0.0
ONT-AmpSeq,sustainability,0.2629603447310176,inverse_simpson_index,1.3581640331075997,0.01885073858461051,0.241818,0.004558447903053345
ONT-AmpSeq,sustainability,0.2629603447310176,has_releases,False,0.0,0.149091,0.0
ONT-AmpSeq,sustainability,0.2629603447310176,has_contribution_guidelines,False,0.0,0.168182,0.0
ONT-AmpSeq,security,0.0,default_branch_protected,False,0.0,0.47669736382597355,0.0
ONT-AmpSeq,security,0.0,has_security_policy,False,0.0,0.2996011877543224,0.0
ONT-AmpSeq,security,0.0,gitignore_present,False,0.0,0.22370144841970407,0.0
ONT-AmpSeq,security,0.0,security_updates,,,0.0,0.0
ONT-AmpSeq,security,0.0,secret_scanning,,,0.0,0.0
ONT-AmpSeq,scientific_impact,0.24829274174259455,fwci,,,0.0,0.0
ONT-AmpSeq,scientific_impact,0.24829274174259455,citation_count,8,0.41431232324531164,0.42010770929155566,0.1740558010498504
ONT-AmpSeq,scientific_impact,0.24829274174259455,star_count,19,0.19,0.32315947255229943,0.06140029978493689
ONT-AmpSeq,scientific_impact,0.24829274174259455,fork_count,5,0.05,0.2567328181561449,0.012836640907807246
ONT-AmpSeq,scientific_impact,0.24829274174259455,altmetric_score,,,0.0,0.0
TADA,compatibility,0.0,input_formats,,,0.0,0.0
TADA,compatibility,0.0,output_formats,,,0.0,0.0
TADA,compatibility,0.0,has_workflow_support,False,0.0,0.34142426786507973,0.0
TADA,compatibility,0.0,has_distribution_support,False,0.0,0.6585757321349203,0.0
TADA,fairness,1.0,license,,,0.0,0.0
TADA,fairness,1.0,repository,,,0.0,0.0
TADA,fairness,1.0,registry,,,0.0,0.0
TADA,fairness,1.0,citation,,,0.0,0.0
TADA,fairness,1.0,checklist,,,0.0,0.0
TADA,fairness,1.0,publication_open_access,True,1.0,1.0,1.0
TADA,maintainability,0.91989871633,nloc_per_file,4.47,0.99553,0.342201,0.34067136153
TADA,maintainability,0.91989871633,avg_ccn,2.55,0.8277777777777778,0.324063,0.26825215
TADA,maintainability,0.91989871633,duplicate_rate,6.82,0.9318,0.333736,0.31097520479999996
TADA,sustainability,0.130047511106664,avg_issue_close_time_days,125.77789930555555,0.0,0.199091,0.0
TADA,sustainability,0.130047511106664,num_open_issues,0,1.0,0.127273,0.127273
TADA,sustainability,0.130047511106664,days_since_last_commit,613,0.0,0.114545,0.0
TADA,sustainability,0.130047511106664,inverse_simpson_index,1.2179974651457541,0.011473550797144955,0.241818,0.0027745111066639987
TADA,sustainability,0.130047511106664,has_releases,False,0.0,0.149091,0.0
TADA,sustainability,0.130047511106664,has_contribution_guidelines,False,0.0,0.168182,0.0
TADA,security,0.0,default_branch_protected,False,0.0,0.47669736382597355,0.0
TADA,security,0.0,has_security_policy,False,0.0,0.2996011877543224,0.0
TADA,security,0.0,gitignore_present,False,0.0,0.22370144841970407,0.0
TADA,security,0.0,security_updates,,,0.0,0.0
TADA,security,0.0,secret_scanning,,,0.0,0.0
TADA,scientific_impact,0.14726758728241757,fwci,,,0.0,0.0
TADA,scientific_impact,0.14726758728241757,citation_count,3,0.26140197200678245,0.42010770929155566,0.10981698366406473
TADA,scientific_impact,0.14726758728241757,star_count,10,0.1,0.32315947255229943,0.032315947255229946
TADA,scientific_impact,0.14726758728241757,fork_count,2,0.02,0.2567328181561449,0.0051346563631228985
TADA,scientific_impact,0.14726758728241757,altmetric_score,,,0.0,0.0
FRAGLER,compatibility,0.0,input_formats,,,0.0,0.0
FRAGLER,compatibility,0.0,output_formats,,,0.0,0.0
FRAGLER,compatibility,0.0,has_workflow_support,False,0.0,0.34142426786507973,0.0
FRAGLER,compatibility,0.0,has_distribution_support,False,0.0,0.6585757321349203,0.0
FRAGLER,fairness,1.0,license,,,0.0,0.0
FRAGLER,fairness,1.0,repository,,,0.0,0.0
FRAGLER,fairness,1.0,registry,,,0.0,0.0
FRAGLER,fairness,1.0,citation,,,0.0,0.0
FRAGLER,fairness,1.0,checklist,,,0.0,0.0
FRAGLER,fairness,1.0,publication_open_access,True,1.0,1.0,1.0
FRAGLER,maintainability,0.811163267,nloc_per_file,253.0,0.747,0.342201,0.25562414699999997
FRAGLER,maintainability,0.811163267,avg_ccn,3.84,0.6844444444444444,0.324063,0.22180312
FRAGLER,maintainability,0.811163267,duplicate_rate,0.0,1.0,0.333736,0.333736
FRAGLER,sustainability,0.17480171050380847,avg_issue_close_time_days,,,0.0,0.0
FRAGLER,sustainability,0.17480171050380847,num_open_issues,0,1.0,0.15891068773106556,0.15891068773106556
FRAGLER,sustainability,0.17480171050380847,days_since_last_commit,1541,0.0,0.14301874495104935,0.0
FRAGLER,sustainability,0.17480171050380847,inverse_simpson_index,2.0,0.05263157894736842,0.301929432682115,0.01589102277274289
FRAGLER,sustainability,0.17480171050380847,has_releases,False,0.0,0.18615223452352264,0.0
FRAGLER,sustainability,0.17480171050380847,has_contribution_guidelines,False,0.0,0.20998890011224747,0.0
FRAGLER,security,0.0,default_branch_protected,False,0.0,0.47669736382597355,0.0
FRAGLER,security,0.0,has_security_policy,False,0.0,0.2996011877543224,0.0
FRAGLER,security,0.0,gitignore_present,False,0.0,0.22370144841970407,0.0
FRAGLER,security,0.0,security_updates,,,0.0,0.0
FRAGLER,security,0.0,secret_scanning,,,0.0,0.0
FRAGLER,scientific_impact,0.18698217995194238,fwci,,,0.0,0.0
FRAGLER,scientific_impact,0.18698217995194238,citation_count,8,0.41431232324531164,0.42010770929155566,0.1740558010498504
FRAGLER,scientific_impact,0.18698217995194238,star_count,4,0.04,0.32315947255229943,0.012926378902091978
FRAGLER,scientific_impact,0.18698217995194238,fork_count,0,0.0,0.2567328181561449,0.0
FRAGLER,scientific_impact,0.18698217995194238,altmetric_score,,,0.0,0.0
ibmd,compatibility,0.0,input_formats,,,0.0,0.0
ibmd,compatibility,0.0,output_formats,,,0.0,0.0
ibmd,compatibility,0.0,has_workflow_support,False,0.0,0.34142426786507973,0.0
ibmd,compatibility,0.0,has_distribution_support,False,0.0,0.6585757321349203,0.0
ibmd,fairness,1.0,license,,,0.0,0.0
ibmd,fairness,1.0,repository,,,0.0,0.0
ibmd,fairness,1.0,registry,,,0.0,0.0
ibmd,fairness,1.0,citation,,,0.0,0.0
ibmd,fairness,1.0,checklist,,,0.0,0.0
ibmd,fairness,1.0,publication_open_access,True,1.0,1.0,1.0
ibmd,maintainability,0.7457164509800001,nloc_per_file,64.22,0.9357800000000001,0.342201,0.32022485178
ibmd,maintainability,0.7457164509800001,avg_ccn,3.0,0.7777777777777778,0.324063,0.252049
ibmd,maintainability,0.7457164509800001,duplicate_rate,48.03,0.5197,0.333736,0.1734425992
ibmd,sustainability,0.13176715840400718,avg_issue_close_time_days,861.0719290123457,0.0,0.199091,0.0
ibmd,sustainability,0.13176715840400718,num_open_issues,0,1.0,0.127273,0.127273
ibmd,sustainability,0.13176715840400718,days_since_last_commit,366,0.0,0.114545,0.0
ibmd,sustainability,0.13176715840400718,inverse_simpson_index,1.3531127115274157,0.018584879554074514,0.241818,0.004494158404007191
ibmd,sustainability,0.13176715840400718,has_releases,False,0.0,0.149091,0.0
ibmd,sustainability,0.13176715840400718,has_contribution_guidelines,False,0.0,0.168182,0.0
ibmd,security,0.0,default_branch_protected,False,0.0,0.47669736382597355,0.0
ibmd,security,0.0,has_security_policy,False,0.0,0.2996011877543224,0.0
ibmd,security,0.0,gitignore_present,False,0.0,0.22370144841970407,0.0
ibmd,security,0.0,security_updates,,,0.0,0.0
ibmd,security,0.0,secret_scanning,,,0.0,0.0
ibmd,scientific_impact,0.26768594655796735,fwci,,,0.0,0.0
ibmd,scientific_impact,0.26768594655796735,citation_count,16,0.5342354236036424,0.42010770929155566,0.2244364200325301
ibmd,scientific_impact,0.26768594655796735,star_count,11,0.11,0.32315947255229943,0.03554754198075294
ibmd,scientific_impact,0.26768594655796735,fork_count,3,0.03,0.2567328181561449,0.0077019845446843465
ibmd,scientific_impact,0.26768594655796735,altmetric_score,,,0.0,0.0
SQUiD,compatibility,0.0,input_formats,,,0.0,0.0
SQUiD,compatibility,0.0,output_formats,,,0.0,0.0
SQUiD,compatibility,0.0,has_workflow_support,False,0.0,0.34142426786507973,0.0
SQUiD,compatibility,0.0,has_distribution_support,False,0.0,0.6585757321349203,0.0
SQUiD,fairness,1.0,license,,,0.0,0.0
SQUiD,fairness,1.0,repository,,,0.0,0.0
SQUiD,fairness,1.0,registry,,,0.0,0.0
SQUiD,fairness,1.0,citation,,,0.0,0.0
SQUiD,fairness,1.0,checklist,,,0.0,0.0
SQUiD,fairness,1.0,publication_open_access,True,1.0,1.0,1.0
SQUiD,maintainability,0.78843206124,nloc_per_file,177.56,0.8224400000000001,0.342201,0.28143979044
SQUiD,maintainability,0.78843206124,avg_ccn,3.43,0.73,0.324063,0.23656598999999998
SQUiD,maintainability,0.78843206124,duplicate_rate,18.97,0.8103,0.333736,0.2704262808
SQUiD,sustainability,0.15891068773106556,avg_issue_close_time_days,,,0.0,0.0
SQUiD,sustainability,0.15891068773106556,num_open_issues,0,1.0,0.15891068773106556,0.15891068773106556
SQUiD,sustainability,0.15891068773106556,days_since_last_commit,632,0.0,0.14301874495104935,0.0
SQUiD,sustainability,0.15891068773106556,inverse_simpson_index,1.0,0.0,0.301929432682115,0.0
SQUiD,sustainability,0.15891068773106556,has_releases,False,0.0,0.18615223452352264,0.0
SQUiD,sustainability,0.15891068773106556,has_contribution_guidelines,False,0.0,0.20998890011224747,0.0
SQUiD,security,0.0,default_branch_protected,False,0.0,0.47669736382597355,0.0
SQUiD,security,0.0,has_security_policy,False,0.0,0.2996011877543224,0.0
SQUiD,security,0.0,gitignore_present,False,0.0,0.22370144841970407,0.0
SQUiD,security,0.0,security_updates,,,0.0,0.0
SQUiD,security,0.0,secret_scanning,,,0.0,0.0
SQUiD,scientific_impact,0.12854228547324115,fwci,,,0.0,0.0
SQUiD,scientific_impact,0.12854228547324115,citation_count,3,0.26140197200678245,0.42010770929155566,0.10981698366406473
SQUiD,scientific_impact,0.12854228547324115,star_count,5,0.05,0.32315947255229943,0.016157973627614973
SQUiD,scientific_impact,0.12854228547324115,fork_count,1,0.01,0.2567328181561449,0.0025673281815614493
SQUiD,scientific_impact,0.12854228547324115,altmetric_score,,,0.0,0.0
PepGM,compatibility,0.0,input_formats,,,0.0,0.0
PepGM,compatibility,0.0,output_formats,,,0.0,0.0
PepGM,compatibility,0.0,has_workflow_support,False,0.0,0.34142426786507973,0.0
PepGM,compatibility,0.0,has_distribution_support,False,0.0,0.6585757321349203,0.0
PepGM,fairness,1.0,license,,,0.0,0.0
PepGM,fairness,1.0,repository,,,0.0,0.0
PepGM,fairness,1.0,registry,,,0.0,0.0
PepGM,fairness,1.0,citation,,,0.0,0.0
PepGM,fairness,1.0,checklist,,,0.0,0.0
PepGM,fairness,1.0,publication_open_access,True,1.0,1.0,1.0
PepGM,maintainability,0.8892793394999999,nloc_per_file,60.5,0.9395,0.342201,0.3214978395
PepGM,maintainability,0.8892793394999999,avg_ccn,3.5,0.7222222222222222,0.324063,0.2340455
PepGM,maintainability,0.8892793394999999,duplicate_rate,0.0,1.0,0.333736,0.333736
PepGM,sustainability,0.17116924929561259,avg_issue_close_time_days,,,0.0,0.0
PepGM,sustainability,0.17116924929561259,num_open_issues,0,1.0,0.15891068773106556,0.15891068773106556
PepGM,sustainability,0.17116924929561259,days_since_last_commit,863,0.0,0.14301874495104935,0.0
PepGM,sustainability,0.17116924929561259,inverse_simpson_index,1.7714142594757052,0.040600750498721326,0.301929432682115,0.012258561564547027
PepGM,sustainability,0.17116924929561259,has_releases,False,0.0,0.18615223452352264,0.0
PepGM,sustainability,0.17116924929561259,has_contribution_guidelines,False,0.0,0.20998890011224747,0.0
PepGM,security,0.47669736382597355,default_branch_protected,True,1.0,0.47669736382597355,0.47669736382597355
PepGM,security,0.47669736382597355,has_security_policy,False,0.0,0.2996011877543224,0.0
PepGM,security,0.47669736382597355,gitignore_present,False,0.0,0.22370144841970407,0.0
PepGM,security,0.47669736382597355,security_updates,,,0.0,0.0
PepGM,security,0.47669736382597355,secret_scanning,,,0.0,0.0
PepGM,scientific_impact,0.20369469165545948,fwci,,,0.0,0.0
PepGM,scientific_impact,0.20369469165545948,citation_count,9,0.4341792774341453,0.42010770929155566,0.18240206166472162
PepGM,scientific_impact,0.20369469165545948,star_count,5,0.05,0.32315947255229943,0.016157973627614973
PepGM,scientific_impact,0.20369469165545948,fork_count,2,0.02,0.2567328181561449,0.0051346563631228985
PepGM,scientific_impact,0.20369469165545948,altmetric_score,,,0.0,0.0
DepoScope,compatibility,0.0,input_formats,,,0.0,0.0
DepoScope,compatibility,0.0,output_formats,,,0.0,0.0
DepoScope,compatibility,0.0,has_workflow_support,False,0.0,0.34142426786507973,0.0
DepoScope,compatibility,0.0,has_distribution_support,False,0.0,0.6585757321349203,0.0
DepoScope,fairness,1.0,license,,,0.0,0.0
DepoScope,fairness,1.0,repository,,,0.0,0.0
DepoScope,fairness,1.0,registry,,,0.0,0.0
DepoScope,fairness,1.0,citation,,,0.0,0.0
DepoScope,fairness,1.0,checklist,,,0.0,0.0
DepoScope,fairness,1.0,publication_open_access,True,1.0,1.0,1.0
DepoScope,maintainability,0.94255941925,nloc_per_file,50.75,0.94925,0.342201,0.32483429925
DepoScope,maintainability,0.94255941925,avg_ccn,1.58,0.9355555555555556,0.324063,0.30317894
DepoScope,maintainability,0.94255941925,duplicate_rate,5.75,0.9425,0.333736,0.31454617999999995
DepoScope,sustainability,0.17067932223528476,avg_issue_close_time_days,,,0.0,0.0
DepoScope,sustainability,0.17067932223528476,num_open_issues,2,0.99,0.15891068773106556,0.15732158085375492
DepoScope,sustainability,0.17067932223528476,days_since_last_commit,596,0.0,0.14301874495104935,0.0
DepoScope,sustainability,0.17067932223528476,inverse_simpson_index,1.8405841192576817,0.04424126943461483,0.301929432682115,0.013357741381529849
DepoScope,sustainability,0.17067932223528476,has_releases,False,0.0,0.18615223452352264,0.0
DepoScope,sustainability,0.17067932223528476,has_contribution_guidelines,False,0.0,0.20998890011224747,0.0
DepoScope,security,0.0,default_branch_protected,False,0.0,0.47669736382597355,0.0
DepoScope,security,0.0,has_security_policy,False,0.0,0.2996011877543224,0.0
DepoScope,security,0.0,gitignore_present,False,0.0,0.22370144841970407,0.0
DepoScope,security,0.0,security_updates,,,0.0,0.0
DepoScope,security,0.0,secret_scanning,,,0.0,0.0
DepoScope,scientific_impact,0.3098345120049846,fwci,,,0.0,0.0
DepoScope,scientific_impact,0.3098345120049846,citation_count,24,0.606956582861508,0.42010770929155566,0.2549871396653784
DepoScope,scientific_impact,0.3098345120049846,star_count,13,0.13,0.32315947255229943,0.042010731431798926
DepoScope,scientific_impact,0.3098345120049846,fork_count,5,0.05,0.2567328181561449,0.012836640907807246
DepoScope,scientific_impact,0.3098345120049846,altmetric_score,,,0.0,0.0
CANVAR,compatibility,0.0,input_formats,,,0.0,0.0
CANVAR,compatibility,0.0,output_formats,,,0.0,0.0
CANVAR,compatibility,0.0,has_workflow_support,False,0.0,0.34142426786507973,0.0
CANVAR,compatibility,0.0,has_distribution_support,False,0.0,0.6585757321349203,0.0
CANVAR,fairness,1.0,license,,,0.0,0.0
CANVAR,fairness,1.0,repository,,,0.0,0.0
CANVAR,fairness,1.0,registry,,,0.0,0.0
CANVAR,fairness,1.0,citation,,,0.0,0.0
CANVAR,fairness,1.0,checklist,,,0.0,0.0
CANVAR,fairness,1.0,publication_open_access,True,1.0,1.0,1.0
CANVAR,maintainability,0.794344501,nloc_per_file,279.0,0.721,0.342201,0.246726921
CANVAR,maintainability,0.794344501,avg_ccn,4.06,0.66,0.324063,0.21388158000000002
CANVAR,maintainability,0.794344501,duplicate_rate,0.0,1.0,0.333736,0.333736
CANVAR,sustainability,0.15811613429241023,avg_issue_close_time_days,,,0.0,0.0
CANVAR,sustainability,0.15811613429241023,num_open_issues,1,0.995,0.15891068773106556,0.15811613429241023
CANVAR,sustainability,0.15811613429241023,days_since_last_commit,1074,0.0,0.14301874495104935,0.0
CANVAR,sustainability,0.15811613429241023,inverse_simpson_index,1.0,0.0,0.301929432682115,0.0
CANVAR,sustainability,0.15811613429241023,has_releases,False,0.0,0.18615223452352264,0.0
CANVAR,sustainability,0.15811613429241023,has_contribution_guidelines,False,0.0,0.20998890011224747,0.0
CANVAR,security,0.0,default_branch_protected,False,0.0,0.47669736382597355,0.0
CANVAR,security,0.0,has_security_policy,False,0.0,0.2996011877543224,0.0
CANVAR,security,0.0,gitignore_present,False,0.0,0.22370144841970407,0.0
CANVAR,security,0.0,security_updates,,,0.0,0.0
CANVAR,security,0.0,secret_scanning,,,0.0,0.0
CANVAR,scientific_impact,0.009694784176568983,fwci,,,0.0,0.0
CANVAR,scientific_impact,0.009694784176568983,citation_count,0,0.0,0.42010770929155566,0.0
CANVAR,scientific_impact,0.009694784176568983,star_count,3,0.03,0.32315947255229943,0.009694784176568983
CANVAR,scientific_impact,0.009694784176568983,fork_count,0,0.0,0.2567328181561449,0.0
CANVAR,scientific_impact,0.009694784176568983,altmetric_score,,,0.0,0.0
SmartGraph,compatibility,0.0,input_formats,,,0.0,0.0
SmartGraph,compatibility,0.0,output_formats,,,0.0,0.0
SmartGraph,compatibility,0.0,has_workflow_support,False,0.0,0.34142426786507973,0.0
SmartGraph,compatibility,0.0,has_distribution_support,False,0.0,0.6585757321349203,0.0
SmartGraph,fairness,1.0,license,,,0.0,0.0
SmartGraph,fairness,1.0,repository,,,0.0,0.0
SmartGraph,fairness,1.0,registry,,,0.0,0.0
SmartGraph,fairness,1.0,citation,,,0.0,0.0
SmartGraph,fairness,1.0,checklist,,,0.0,0.0
SmartGraph,fairness,1.0,publication_open_access,True,1.0,1.0,1.0
SmartGraph,maintainability,0.8919741400699999,nloc_per_file,129.53,0.87047,0.342201,0.29787570446999995
SmartGraph,maintainability,0.8919741400699999,avg_ccn,1.63,0.93,0.324063,0.30137859
SmartGraph,maintainability,0.8919741400699999,duplicate_rate,12.29,0.8771,0.333736,0.2927198456
SmartGraph,sustainability,0.15732158085375492,avg_issue_close_time_days,,,0.0,0.0
SmartGraph,sustainability,0.15732158085375492,num_open_issues,2,0.99,0.15891068773106556,0.15732158085375492
SmartGraph,sustainability,0.15732158085375492,days_since_last_commit,813,0.0,0.14301874495104935,0.0
SmartGraph,sustainability,0.15732158085375492,inverse_simpson_index,1.0,0.0,0.301929432682115,0.0
SmartGraph,sustainability,0.15732158085375492,has_releases,False,0.0,0.18615223452352264,0.0
SmartGraph,sustainability,0.15732158085375492,has_contribution_guidelines,False,0.0,0.20998890011224747,0.0
SmartGraph,security,0.0,default_branch_protected,False,0.0,0.47669736382597355,0.0
SmartGraph,security,0.0,has_security_policy,False,0.0,0.2996011877543224,0.0
SmartGraph,security,0.0,gitignore_present,False,0.0,0.22370144841970407,0.0
SmartGraph,security,0.0,security_updates,,,0.0,0.0
SmartGraph,security,0.0,secret_scanning,,,0.0,0.0
SmartGraph,scientific_impact,0.26155496076564366,fwci,,,0.0,0.0
SmartGraph,scientific_impact,0.26155496076564366,citation_count,15,0.5228039440135649,0.42010770929155566,0.21963396732812945
SmartGraph,scientific_impact,0.26155496076564366,star_count,9,0.09,0.32315947255229943,0.02908435252970695
SmartGraph,scientific_impact,0.26155496076564366,fork_count,5,0.05,0.2567328181561449,0.012836640907807246
SmartGraph,scientific_impact,0.26155496076564366,altmetric_score,,,0.0,0.0
NeuroDevSim,compatibility,0.0,input_formats,,,0.0,0.0
NeuroDevSim,compatibility,0.0,output_formats,,,0.0,0.0
NeuroDevSim,compatibility,0.0,has_workflow_support,False,0.0,0.34142426786507973,0.0
NeuroDevSim,compatibility,0.0,has_distribution_support,False,0.0,0.6585757321349203,0.0
NeuroDevSim,fairness,1.0,license,,,0.0,0.0
NeuroDevSim,fairness,1.0,repository,,,0.0,0.0
NeuroDevSim,fairness,1.0,registry,,,0.0,0.0
NeuroDevSim,fairness,1.0,citation,,,0.0,0.0
NeuroDevSim,fairness,1.0,checklist,,,0.0,0.0
NeuroDevSim,fairness,1.0,publication_open_access,True,1.0,1.0,1.0
NeuroDevSim,maintainability,0.39485903879999995,nloc_per_file,1362.84,0.0,0.342201,0.0
NeuroDevSim,maintainability,0.39485903879999995,avg_ccn,4.95,0.5611111111111111,0.324063,0.18183535
NeuroDevSim,maintainability,0.39485903879999995,duplicate_rate,36.17,0.6383,0.333736,0.21302368879999997
NeuroDevSim,sustainability,0.1628223241058946,avg_issue_close_time_days,,,0.0,0.0
NeuroDevSim,sustainability,0.1628223241058946,num_open_issues,0,1.0,0.15891068773106556,0.15891068773106556
NeuroDevSim,sustainability,0.1628223241058946,days_since_last_commit,1436,0.0,0.14301874495104935,0.0
NeuroDevSim,sustainability,0.1628223241058946,inverse_simpson_index,1.2461538461538462,0.012955465587044536,0.301929432682115,0.00391163637482902
NeuroDevSim,sustainability,0.1628223241058946,has_releases,False,0.0,0.18615223452352264,0.0
NeuroDevSim,sustainability,0.1628223241058946,has_contribution_guidelines,False,0.0,0.20998890011224747,0.0
NeuroDevSim,security,0.47669736382597355,default_branch_protected,True,1.0,0.47669736382597355,0.47669736382597355
NeuroDevSim,security,0.47669736382597355,has_security_policy,False,0.0,0.2996011877543224,0.0
NeuroDevSim,security,0.47669736382597355,gitignore_present,False,0.0,0.22370144841970407,0.0
NeuroDevSim,security,0.47669736382597355,security_updates,,,0.0,0.0
NeuroDevSim,security,0.47669736382597355,secret_scanning,,,0.0,0.0
NeuroDevSim,scientific_impact,0.07943271654829323,fwci,,,0.0,0.0
NeuroDevSim,scientific_impact,0.07943271654829323,citation_count,1,0.13070098600339122,0.42010770929155566,0.05490849183203236
NeuroDevSim,scientific_impact,0.07943271654829323,star_count,6,0.06,0.32315947255229943,0.019389568353137966
NeuroDevSim,scientific_impact,0.07943271654829323,fork_count,2,0.02,0.2567328181561449,0.0051346563631228985
NeuroDevSim,scientific_impact,0.07943271654829323,altmetric_score,,,0.0,0.0
BIGwas,compatibility,0.0,input_formats,,,0.0,0.0
BIGwas,compatibility,0.0,output_formats,,,0.0,0.0
BIGwas,compatibility,0.0,has_workflow_support,False,0.0,0.34142426786507973,0.0
BIGwas,compatibility,0.0,has_distribution_support,False,0.0,0.6585757321349203,0.0
BIGwas,fairness,1.0,license,,,0.0,0.0
BIGwas,fairness,1.0,repository,,,0.0,0.0
BIGwas,fairness,1.0,registry,,,0.0,0.0
BIGwas,fairness,1.0,citation,,,0.0,0.0
BIGwas,fairness,1.0,checklist,,,0.0,0.0
BIGwas,fairness,1.0,publication_open_access,True,1.0,1.0,1.0
BIGwas,maintainability,0.6522969305199999,nloc_per_file,117.08,0.88292,0.342201,0.30213610692
BIGwas,maintainability,0.6522969305199999,avg_ccn,5.93,0.4522222222222223,0.324063,0.14654849000000003
BIGwas,maintainability,0.6522969305199999,duplicate_rate,38.99,0.6101,0.333736,0.20361233359999997
BIGwas,sustainability,0.13507939901723334,avg_issue_close_time_days,193.6667361111111,0.0,0.199091,0.0
BIGwas,sustainability,0.13507939901723334,num_open_issues,2,0.99,0.127273,0.12600027
BIGwas,sustainability,0.13507939901723334,days_since_last_commit,1386,0.0,0.114545,0.0
BIGwas,sustainability,0.13507939901723334,inverse_simpson_index,1.713360673429743,0.03754529860156543,0.241818,0.009079129017233348
BIGwas,sustainability,0.13507939901723334,has_releases,False,0.0,0.149091,0.0
BIGwas,sustainability,0.13507939901723334,has_contribution_guidelines,False,0.0,0.168182,0.0
BIGwas,security,0.47669736382597355,default_branch_protected,True,1.0,0.47669736382597355,0.47669736382597355
BIGwas,security,0.47669736382597355,has_security_policy,False,0.0,0.2996011877543224,0.0
BIGwas,security,0.47669736382597355,gitignore_present,False,0.0,0.22370144841970407,0.0
BIGwas,security,0.47669736382597355,security_updates,,,0.0,0.0
BIGwas,security,0.47669736382597355,secret_scanning,,,0.0,0.0
BIGwas,scientific_impact,0.2579911623813984,fwci,,,0.0,0.0
BIGwas,scientific_impact,0.2579911623813984,citation_count,16,0.5342354236036424,0.42010770929155566,0.2244364200325301
BIGwas,scientific_impact,0.2579911623813984,star_count,8,0.08,0.32315947255229943,0.025852757804183956
BIGwas,scientific_impact,0.2579911623813984,fork_count,3,0.03,0.2567328181561449,0.0077019845446843465
BIGwas,scientific_impact,0.2579911623813984,altmetric_score,,,0.0,0.0
SoIR,compatibility,0.0,input_formats,,,0.0,0.0
SoIR,compatibility,0.0,output_formats,,,0.0,0.0
SoIR,compatibility,0.0,has_workflow_support,False,0.0,0.34142426786507973,0.0
SoIR,compatibility,0.0,has_distribution_support,False,0.0,0.6585757321349203,0.0
SoIR,fairness,1.0,license,,,0.0,0.0
SoIR,fairness,1.0,repository,,,0.0,0.0
SoIR,fairness,1.0,registry,,,0.0,0.0
SoIR,fairness,1.0,citation,,,0.0,0.0
SoIR,fairness,1.0,checklist,,,0.0,0.0
SoIR,fairness,1.0,publication_open_access,True,1.0,1.0,1.0
SoIR,maintainability,0.3184175176,nloc_per_file,8634.0,0.0,0.342201,0.0
SoIR,maintainability,0.3184175176,avg_ccn,29.9,0.0,0.324063,0.0
SoIR,maintainability,0.3184175176,duplicate_rate,4.59,0.9541,0.333736,0.3184175176
SoIR,sustainability,0.15891068773106556,avg_issue_close_time_days,,,0.0,0.0
SoIR,sustainability,0.15891068773106556,num_open_issues,0,1.0,0.15891068773106556,0.15891068773106556
SoIR,sustainability,0.15891068773106556,days_since_last_commit,707,0.0,0.14301874495104935,0.0
SoIR,sustainability,0.15891068773106556,inverse_simpson_index,1.0,0.0,0.301929432682115,0.0
SoIR,sustainability,0.15891068773106556,has_releases,False,0.0,0.18615223452352264,0.0
SoIR,sustainability,0.15891068773106556,has_contribution_guidelines,False,0.0,0.20998890011224747,0.0
SoIR,security,0.0,default_branch_protected,False,0.0,0.47669736382597355,0.0
SoIR,security,0.0,has_security_policy,False,0.0,0.2996011877543224,0.0
SoIR,security,0.0,gitignore_present,False,0.0,0.22370144841970407,0.0
SoIR,security,0.0,security_updates,,,0.0,0.0
SoIR,security,0.0,secret_scanning,,,0.0,0.0
SoIR,scientific_impact,0.16472547549609712,fwci,,,0.0,0.0
SoIR,scientific_impact,0.16472547549609712,citation_count,7,0.3921029580101737,0.42010770929155566,0.16472547549609712
SoIR,scientific_impact,0.16472547549609712,star_count,0,0.0,0.32315947255229943,0.0
SoIR,scientific_impact,0.16472547549609712,fork_count,0,0.0,0.2567328181561449,0.0
SoIR,scientific_impact,0.16472547549609712,altmetric_score,,,0.0,0.0
ARGprofiler,compatibility,0.0,input_formats,,,0.0,0.0
ARGprofiler,compatibility,0.0,output_formats,,,0.0,0.0
ARGprofiler,compatibility,0.0,has_workflow_support,False,0.0,0.34142426786507973,0.0
ARGprofiler,compatibility,0.0,has_distribution_support,False,0.0,0.6585757321349203,0.0
ARGprofiler,fairness,1.0,license,,,0.0,0.0
ARGprofiler,fairness,1.0,repository,,,0.0,0.0
ARGprofiler,fairness,1.0,registry,,,0.0,0.0
ARGprofiler,fairness,1.0,citation,,,0.0,0.0
ARGprofiler,fairness,1.0,checklist,,,0.0,0.0
ARGprofiler,fairness,1.0,publication_open_access,True,1.0,1.0,1.0
ARGprofiler,maintainability,0.8685815589999999,nloc_per_file,81.0,0.919,0.342201,0.31448271899999997
ARGprofiler,maintainability,0.8685815589999999,avg_ccn,3.88,0.6799999999999999,0.324063,0.22036283999999998
ARGprofiler,maintainability,0.8685815589999999,duplicate_rate,0.0,1.0,0.333736,0.333736
ARGprofiler,sustainability,0.1907641943862342,avg_issue_close_time_days,60.95745866402116,0.32269490373309817,0.199091,0.06424565107912625
ARGprofiler,sustainability,0.1907641943862342,num_open_issues,3,0.985,0.127273,0.125363905
ARGprofiler,sustainability,0.1907641943862342,days_since_last_commit,319,0.0,0.114545,0.0
ARGprofiler,sustainability,0.1907641943862342,inverse_simpson_index,1.090721649484536,0.004774823657080841,0.241818,0.0011546383071079748
ARGprofiler,sustainability,0.1907641943862342,has_releases,False,0.0,0.149091,0.0
ARGprofiler,sustainability,0.1907641943862342,has_contribution_guidelines,False,0.0,0.168182,0.0
ARGprofiler,security,0.47669736382597355,default_branch_protected,True,1.0,0.47669736382597355,0.47669736382597355
ARGprofiler,security,0.47669736382597355,has_security_policy,False,0.0,0.2996011877543224,0.0
ARGprofiler,security,0.47669736382597355,gitignore_present,False,0.0,0.22370144841970407,0.0
ARGprofiler,security,0.47669736382597355,security_updates,,,0.0,0.0
ARGprofiler,security,0.47669736382597355,secret_scanning,,,0.0,0.0
ARGprofiler,scientific_impact,0.2748656867511202,fwci,,,0.0,0.0
ARGprofiler,scientific_impact,0.2748656867511202,citation_count,6,0.3669240563744024,0.42010770929155566,0.1541476248074158
ARGprofiler,scientific_impact,0.2748656867511202,star_count,31,0.31,0.32315947255229943,0.10017943649121282
ARGprofiler,scientific_impact,0.2748656867511202,fork_count,8,0.08,0.2567328181561449,0.020538625452491594
ARGprofiler,scientific_impact,0.2748656867511202,altmetric_score,,,0.0,0.0
OmicsVolcano,compatibility,0.0,input_formats,,,0.0,0.0
OmicsVolcano,compatibility,0.0,output_formats,,,0.0,0.0
OmicsVolcano,compatibility,0.0,has_workflow_support,False,0.0,0.34142426786507973,0.0
OmicsVolcano,compatibility,0.0,has_distribution_support,False,0.0,0.6585757321349203,0.0
OmicsVolcano,fairness,1.0,license,,,0.0,0.0
OmicsVolcano,fairness,1.0,repository,,,0.0,0.0
OmicsVolcano,fairness,1.0,registry,,,0.0,0.0
OmicsVolcano,fairness,1.0,citation,,,0.0,0.0
OmicsVolcano,fairness,1.0,checklist,,,0.0,0.0
OmicsVolcano,fairness,1.0,publication_open_access,True,1.0,1.0,1.0
OmicsVolcano,maintainability,0.72936139775,nloc_per_file,296.25,0.70375,0.342201,0.24082395374999999
OmicsVolcano,maintainability,0.72936139775,avg_ccn,4.0,0.6666666666666667,0.324063,0.216042
OmicsVolcano,maintainability,0.72936139775,duplicate_rate,18.35,0.8165,0.333736,0.272495444
OmicsVolcano,sustainability,0.15652702741509958,avg_issue_close_time_days,,,0.0,0.0
OmicsVolcano,sustainability,0.15652702741509958,num_open_issues,3,0.985,0.15891068773106556,0.15652702741509958
OmicsVolcano,sustainability,0.15652702741509958,days_since_last_commit,850,0.0,0.14301874495104935,0.0
OmicsVolcano,sustainability,0.15652702741509958,inverse_simpson_index,1.0,0.0,0.301929432682115,0.0
OmicsVolcano,sustainability,0.15652702741509958,has_releases,False,0.0,0.18615223452352264,0.0
OmicsVolcano,sustainability,0.15652702741509958,has_contribution_guidelines,False,0.0,0.20998890011224747,0.0
OmicsVolcano,security,0.0,default_branch_protected,False,0.0,0.47669736382597355,0.0
OmicsVolcano,security,0.0,has_security_policy,False,0.0,0.2996011877543224,0.0
OmicsVolcano,security,0.0,gitignore_present,False,0.0,0.22370144841970407,0.0
OmicsVolcano,security,0.0,security_updates,,,0.0,0.0
OmicsVolcano,security,0.0,secret_scanning,,,0.0,0.0
OmicsVolcano,scientific_impact,0.2256515881901589,fwci,,,0.0,0.0
OmicsVolcano,scientific_impact,0.2256515881901589,citation_count,9,0.4341792774341453,0.42010770929155566,0.18240206166472162
OmicsVolcano,scientific_impact,0.2256515881901589,star_count,11,0.11,0.32315947255229943,0.03554754198075294
OmicsVolcano,scientific_impact,0.2256515881901589,fork_count,3,0.03,0.2567328181561449,0.0077019845446843465
OmicsVolcano,scientific_impact,0.2256515881901589,altmetric_score,,,0.0,0.0
BMAT,compatibility,0.0,input_formats,,,0.0,0.0
BMAT,compatibility,0.0,output_formats,,,0.0,0.0
BMAT,compatibility,0.0,has_workflow_support,False,0.0,0.34142426786507973,0.0
BMAT,compatibility,0.0,has_distribution_support,False,0.0,0.6585757321349203,0.0
BMAT,fairness,1.0,license,,,0.0,0.0
BMAT,fairness,1.0,repository,,,0.0,0.0
BMAT,fairness,1.0,registry,,,0.0,0.0
BMAT,fairness,1.0,citation,,,0.0,0.0
BMAT,fairness,1.0,checklist,,,0.0,0.0
BMAT,fairness,1.0,publication_open_access,True,1.0,1.0,1.0
BMAT,maintainability,0.47472051560000006,nloc_per_file,1064.75,0.0,0.342201,0.0
BMAT,maintainability,0.47472051560000006,avg_ccn,3.81,0.6877777777777778,0.324063,0.22288333000000002
BMAT,maintainability,0.47472051560000006,duplicate_rate,24.54,0.7546,0.333736,0.2518371856
BMAT,sustainability,0.126636635,avg_issue_close_time_days,444.5797260802469,0.0,0.199091,0.0
BMAT,sustainability,0.126636635,num_open_issues,1,0.995,0.127273,0.126636635
BMAT,sustainability,0.126636635,days_since_last_commit,454,0.0,0.114545,0.0
BMAT,sustainability,0.126636635,inverse_simpson_index,1.0,0.0,0.241818,0.0
BMAT,sustainability,0.126636635,has_releases,False,0.0,0.149091,0.0
BMAT,sustainability,0.126636635,has_contribution_guidelines,False,0.0,0.168182,0.0
BMAT,security,0.0,default_branch_protected,False,0.0,0.47669736382597355,0.0
BMAT,security,0.0,has_security_policy,False,0.0,0.2996011877543224,0.0
BMAT,security,0.0,gitignore_present,False,0.0,0.22370144841970407,0.0
BMAT,security,0.0,security_updates,,,0.0,0.0
BMAT,security,0.0,secret_scanning,,,0.0,0.0
BMAT,scientific_impact,0.24506977504515534,fwci,,,0.0,0.0
BMAT,scientific_impact,0.24506977504515534,citation_count,4,0.303478291430754,0.42010770929155566,0.1274935698326892
BMAT,scientific_impact,0.24506977504515534,star_count,34,0.34,0.32315947255229943,0.10987422066778181
BMAT,scientific_impact,0.24506977504515534,fork_count,3,0.03,0.2567328181561449,0.0077019845446843465
BMAT,scientific_impact,0.24506977504515534,altmetric_score,,,0.0,0.0
SpanSeq,compatibility,0.0,input_formats,,,0.0,0.0
SpanSeq,compatibility,0.0,output_formats,,,0.0,0.0
SpanSeq,compatibility,0.0,has_workflow_support,False,0.0,0.34142426786507973,0.0
SpanSeq,compatibility,0.0,has_distribution_support,False,0.0,0.6585757321349203,0.0
SpanSeq,fairness,1.0,license,,,0.0,0.0
SpanSeq,fairness,1.0,repository,,,0.0,0.0
SpanSeq,fairness,1.0,registry,,,0.0,0.0
SpanSeq,fairness,1.0,citation,,,0.0,0.0
SpanSeq,fairness,1.0,checklist,,,0.0,0.0
SpanSeq,fairness,1.0,publication_open_access,True,1.0,1.0,1.0
SpanSeq,maintainability,0.8728058372399999,nloc_per_file,70.76,0.92924,0.342201,0.31798685724
SpanSeq,maintainability,0.8728058372399999,avg_ccn,3.86,0.6822222222222223,0.324063,0.22108298
SpanSeq,maintainability,0.8728058372399999,duplicate_rate,0.0,1.0,0.333736,0.333736
SpanSeq,sustainability,0.3077714213054609,avg_issue_close_time_days,17.388344907407408,0.8067961676954732,0.199091,0.16062585582265945
SpanSeq,sustainability,0.3077714213054609,num_open_issues,2,0.99,0.127273,0.12600027
SpanSeq,sustainability,0.3077714213054609,days_since_last_commit,208,0.0,0.114545,0.0
SpanSeq,sustainability,0.3077714213054609,inverse_simpson_index,2.6614173228346454,0.08744301699129713,0.241818,0.021145295482801488
SpanSeq,sustainability,0.3077714213054609,has_releases,False,0.0,0.149091,0.0
SpanSeq,sustainability,0.3077714213054609,has_contribution_guidelines,False,0.0,0.168182,0.0
SpanSeq,security,0.0,default_branch_protected,False,0.0,0.47669736382597355,0.0
SpanSeq,security,0.0,has_security_policy,False,0.0,0.2996011877543224,0.0
SpanSeq,security,0.0,gitignore_present,False,0.0,0.22370144841970407,0.0
SpanSeq,security,0.0,security_updates,,,0.0,0.0
SpanSeq,security,0.0,secret_scanning,,,0.0,0.0
SpanSeq,scientific_impact,0.16494417345104204,fwci,,,0.0,0.0
SpanSeq,scientific_impact,0.16494417345104204,citation_count,4,0.303478291430754,0.42010770929155566,0.1274935698326892
SpanSeq,scientific_impact,0.16494417345104204,star_count,10,0.1,0.32315947255229943,0.032315947255229946
SpanSeq,scientific_impact,0.16494417345104204,fork_count,2,0.02,0.2567328181561449,0.0051346563631228985
SpanSeq,scientific_impact,0.16494417345104204,altmetric_score,,,0.0,0.0
NGSNGS,compatibility,0.0,input_formats,,,0.0,0.0
NGSNGS,compatibility,0.0,output_formats,,,0.0,0.0
NGSNGS,compatibility,0.0,has_workflow_support,False,0.0,0.34142426786507973,0.0
NGSNGS,compatibility,0.0,has_distribution_support,False,0.0,0.6585757321349203,0.0
NGSNGS,fairness,1.0,license,,,0.0,0.0
NGSNGS,fairness,1.0,repository,,,0.0,0.0
NGSNGS,fairness,1.0,registry,,,0.0,0.0
NGSNGS,fairness,1.0,citation,,,0.0,0.0
NGSNGS,fairness,1.0,checklist,,,0.0,0.0
NGSNGS,fairness,1.0,publication_open_access,True,1.0,1.0,1.0
NGSNGS,maintainability,0.56213534267,nloc_per_file,164.13,0.83587,0.342201,0.28603554986999996
NGSNGS,maintainability,0.56213534267,avg_ccn,14.87,0.0,0.324063,0.0
NGSNGS,maintainability,0.56213534267,duplicate_rate,17.27,0.8273,0.333736,0.27609979279999997
NGSNGS,sustainability,0.1260766885942167,avg_issue_close_time_days,98.06009645061728,0.0,0.199091,0.0
NGSNGS,sustainability,0.1260766885942167,num_open_issues,12,0.94,0.127273,0.11963661999999999
NGSNGS,sustainability,0.1260766885942167,days_since_last_commit,666,0.0,0.114545,0.0
NGSNGS,sustainability,0.1260766885942167,inverse_simpson_index,1.5060057700010645,0.026631882631634973,0.241818,0.0064400685942167055
NGSNGS,sustainability,0.1260766885942167,has_releases,False,0.0,0.149091,0.0
NGSNGS,sustainability,0.1260766885942167,has_contribution_guidelines,False,0.0,0.168182,0.0
NGSNGS,security,0.0,default_branch_protected,False,0.0,0.47669736382597355,0.0
NGSNGS,security,0.0,has_security_policy,False,0.0,0.2996011877543224,0.0
NGSNGS,security,0.0,gitignore_present,False,0.0,0.22370144841970407,0.0
NGSNGS,security,0.0,security_updates,,,0.0,0.0
NGSNGS,security,0.0,secret_scanning,,,0.0,0.0
NGSNGS,scientific_impact,0.40535776066421914,fwci,,,0.0,0.0
NGSNGS,scientific_impact,0.40535776066421914,citation_count,12,0.4836511198071519,0.42010770929155566,0.20318556403847834
NGSNGS,scientific_impact,0.40535776066421914,star_count,57,0.57,0.32315947255229943,0.18420089935481065
NGSNGS,scientific_impact,0.40535776066421914,fork_count,7,0.07,0.2567328181561449,0.017971297270930144
NGSNGS,scientific_impact,0.40535776066421914,altmetric_score,,,0.0,0.0
pycofitness,compatibility,0.0,input_formats,,,0.0,0.0
pycofitness,compatibility,0.0,output_formats,,,0.0,0.0
pycofitness,compatibility,0.0,has_workflow_support,False,0.0,0.34142426786507973,0.0
pycofitness,compatibility,0.0,has_distribution_support,False,0.0,0.6585757321349203,0.0
pycofitness,fairness,1.0,license,,,0.0,0.0
pycofitness,fairness,1.0,repository,,,0.0,0.0
pycofitness,fairness,1.0,registry,,,0.0,0.0
pycofitness,fairness,1.0,citation,,,0.0,0.0
pycofitness,fairness,1.0,checklist,,,0.0,0.0
pycofitness,fairness,1.0,publication_open_access,True,1.0,1.0,1.0
pycofitness,maintainability,0.82705118905,nloc_per_file,86.95,0.91305,0.342201,0.31244662305
pycofitness,maintainability,0.82705118905,avg_ccn,4.43,0.6188888888888889,0.324063,0.20055899000000002
pycofitness,maintainability,0.82705118905,duplicate_rate,5.9,0.941,0.333736,0.31404557599999994
pycofitness,sustainability,0.15652702741509958,avg_issue_close_time_days,,,0.0,0.0
pycofitness,sustainability,0.15652702741509958,num_open_issues,3,0.985,0.15891068773106556,0.15652702741509958
pycofitness,sustainability,0.15652702741509958,days_since_last_commit,621,0.0,0.14301874495104935,0.0
pycofitness,sustainability,0.15652702741509958,inverse_simpson_index,1.0,0.0,0.301929432682115,0.0
pycofitness,sustainability,0.15652702741509958,has_releases,False,0.0,0.18615223452352264,0.0
pycofitness,sustainability,0.15652702741509958,has_contribution_guidelines,False,0.0,0.20998890011224747,0.0
pycofitness,security,0.0,default_branch_protected,False,0.0,0.47669736382597355,0.0
pycofitness,security,0.0,has_security_policy,False,0.0,0.2996011877543224,0.0
pycofitness,security,0.0,gitignore_present,False,0.0,0.22370144841970407,0.0
pycofitness,security,0.0,security_updates,,,0.0,0.0
pycofitness,security,0.0,secret_scanning,,,0.0,0.0
pycofitness,scientific_impact,0.1722086600726307,fwci,,,0.0,0.0
pycofitness,scientific_impact,0.1722086600726307,citation_count,6,0.3669240563744024,0.42010770929155566,0.1541476248074158
pycofitness,scientific_impact,0.1722086600726307,star_count,4,0.04,0.32315947255229943,0.012926378902091978
pycofitness,scientific_impact,0.1722086600726307,fork_count,2,0.02,0.2567328181561449,0.0051346563631228985
pycofitness,scientific_impact,0.1722086600726307,altmetric_score,,,0.0,0.0
Demes,compatibility,0.0,input_formats,,,0.0,0.0
Demes,compatibility,0.0,output_formats,,,0.0,0.0
Demes,compatibility,0.0,has_workflow_support,False,0.0,0.34142426786507973,0.0
Demes,compatibility,0.0,has_distribution_support,False,0.0,0.6585757321349203,0.0
Demes,fairness,1.0,license,,,0.0,0.0
Demes,fairness,1.0,repository,,,0.0,0.0
Demes,fairness,1.0,registry,,,0.0,0.0
Demes,fairness,1.0,citation,,,0.0,0.0
Demes,fairness,1.0,checklist,,,0.0,0.0
Demes,fairness,1.0,publication_open_access,True,1.0,1.0,1.0
Demes,maintainability,0.68951735712,nloc_per_file,572.88,0.42712000000000006,0.342201,0.14616089112
Demes,maintainability,0.68951735712,avg_ccn,2.89,0.79,0.324063,0.25600977
Demes,maintainability,0.68951735712,duplicate_rate,13.9,0.861,0.333736,0.28734669599999996
Demes,sustainability,0.22269879223477107,avg_issue_close_time_days,51.22811881260191,0.4307986798599788,0.199091,0.08576813997200303
Demes,sustainability,0.22269879223477107,num_open_issues,25,0.875,0.127273,0.111363875
Demes,sustainability,0.22269879223477107,days_since_last_commit,191,0.0,0.114545,0.0
Demes,sustainability,0.22269879223477107,inverse_simpson_index,3.0088197238939736,0.10572735388915651,0.241818,0.02556677726276805
Demes,sustainability,0.22269879223477107,has_releases,False,0.0,0.149091,0.0
Demes,sustainability,0.22269879223477107,has_contribution_guidelines,False,0.0,0.168182,0.0
Demes,security,0.0,default_branch_protected,False,0.0,0.47669736382597355,0.0
Demes,security,0.0,has_security_policy,False,0.0,0.2996011877543224,0.0
Demes,security,0.0,gitignore_present,False,0.0,0.22370144841970407,0.0
Demes,security,0.0,security_updates,,,0.0,0.0
Demes,security,0.0,secret_scanning,,,0.0,0.0
Demes,scientific_impact,0.3754556142202405,fwci,,,0.0,0.0
Demes,scientific_impact,0.3754556142202405,citation_count,41,0.7047812040004495,0.42010770929155566,0.29608401716437344
Demes,scientific_impact,0.3754556142202405,star_count,19,0.19,0.32315947255229943,0.06140029978493689
Demes,scientific_impact,0.3754556142202405,fork_count,7,0.07,0.2567328181561449,0.017971297270930144
Demes,scientific_impact,0.3754556142202405,altmetric_score,,,0.0,0.0
ThoughtSource,compatibility,0.0,input_formats,,,0.0,0.0
ThoughtSource,compatibility,0.0,output_formats,,,0.0,0.0
ThoughtSource,compatibility,0.0,has_workflow_support,False,0.0,0.34142426786507973,0.0
ThoughtSource,compatibility,0.0,has_distribution_support,False,0.0,0.6585757321349203,0.0
ThoughtSource,fairness,1.0,license,,,0.0,0.0
ThoughtSource,fairness,1.0,repository,,,0.0,0.0
ThoughtSource,fairness,1.0,registry,,,0.0,0.0
ThoughtSource,fairness,1.0,citation,,,0.0,0.0
ThoughtSource,fairness,1.0,checklist,,,0.0,0.0
ThoughtSource,fairness,1.0,publication_open_access,True,1.0,1.0,1.0
ThoughtSource,maintainability,0.79814160915,nloc_per_file,83.25,0.91675,0.342201,0.31371276675
ThoughtSource,maintainability,0.79814160915,avg_ccn,3.9,0.6777777777777778,0.324063,0.2196427
ThoughtSource,maintainability,0.79814160915,duplicate_rate,20.66,0.7934,0.333736,0.2647861424
ThoughtSource,sustainability,0.20167951377757704,avg_issue_close_time_days,66.79467274305556,0.25783696952160495,0.199091,0.05133302009902585
ThoughtSource,sustainability,0.20167951377757704,num_open_issues,15,0.925,0.127273,0.117727525
ThoughtSource,sustainability,0.20167951377757704,days_since_last_commit,647,0.0,0.114545,0.0
ThoughtSource,sustainability,0.20167951377757704,inverse_simpson_index,3.562920894608641,0.1348905734004548,0.241818,0.03261896867855118
ThoughtSource,sustainability,0.20167951377757704,has_releases,False,0.0,0.149091,0.0
ThoughtSource,sustainability,0.20167951377757704,has_contribution_guidelines,False,0.0,0.168182,0.0
ThoughtSource,security,0.47669736382597355,default_branch_protected,True,1.0,0.47669736382597355,0.47669736382597355
ThoughtSource,security,0.47669736382597355,has_security_policy,False,0.0,0.2996011877543224,0.0
ThoughtSource,security,0.47669736382597355,gitignore_present,False,0.0,0.22370144841970407,0.0
ThoughtSource,security,0.47669736382597355,security_updates,,,0.0,0.0
ThoughtSource,security,0.47669736382597355,secret_scanning,,,0.0,0.0
ThoughtSource,scientific_impact,0.7368659474788166,fwci,,,0.0,0.0
ThoughtSource,scientific_impact,0.7368659474788166,citation_count,12,0.4836511198071519,0.42010770929155566,0.20318556403847834
ThoughtSource,scientific_impact,0.7368659474788166,star_count,1014,1.0,0.32315947255229943,0.32315947255229943
ThoughtSource,scientific_impact,0.7368659474788166,fork_count,82,0.82,0.2567328181561449,0.21052091088803881
ThoughtSource,scientific_impact,0.7368659474788166,altmetric_score,,,0.0,0.0
GRASP,compatibility,0.0,input_formats,,,0.0,0.0
GRASP,compatibility,0.0,output_formats,,,0.0,0.0
GRASP,compatibility,0.0,has_workflow_support,False,0.0,0.34142426786507973,0.0
GRASP,compatibility,0.0,has_distribution_support,False,0.0,0.6585757321349203,0.0
GRASP,fairness,1.0,license,,,0.0,0.0
GRASP,fairness,1.0,repository,,,0.0,0.0
GRASP,fairness,1.0,registry,,,0.0,0.0
GRASP,fairness,1.0,citation,,,0.0,0.0
GRASP,fairness,1.0,checklist,,,0.0,0.0
GRASP,fairness,1.0,publication_open_access,True,1.0,1.0,1.0
GRASP,maintainability,0.8261582211699999,nloc_per_file,12.03,0.98797,0.342201,0.33808432197
GRASP,maintainability,0.8261582211699999,avg_ccn,1.54,0.94,0.324063,0.30461921999999997
GRASP,maintainability,0.8261582211699999,duplicate_rate,45.03,0.5497,0.333736,0.18345467919999997
GRASP,sustainability,0.12336666526284573,avg_issue_close_time_days,136.28281893004115,0.0,0.199091,0.0
GRASP,sustainability,0.12336666526284573,num_open_issues,17,0.915,0.127273,0.116454795
GRASP,sustainability,0.12336666526284573,days_since_last_commit,471,0.0,0.114545,0.0
GRASP,sustainability,0.12336666526284573,inverse_simpson_index,1.5430759289799303,0.028582943630522648,0.241818,0.006911870262845726
GRASP,sustainability,0.12336666526284573,has_releases,False,0.0,0.149091,0.0
GRASP,sustainability,0.12336666526284573,has_contribution_guidelines,False,0.0,0.168182,0.0
GRASP,security,0.47669736382597355,default_branch_protected,True,1.0,0.47669736382597355,0.47669736382597355
GRASP,security,0.47669736382597355,has_security_policy,False,0.0,0.2996011877543224,0.0
GRASP,security,0.47669736382597355,gitignore_present,False,0.0,0.22370144841970407,0.0
GRASP,security,0.47669736382597355,security_updates,,,0.0,0.0
GRASP,security,0.47669736382597355,secret_scanning,,,0.0,0.0
GRASP,scientific_impact,0.15676583289664944,fwci,,,0.0,0.0
GRASP,scientific_impact,0.15676583289664944,citation_count,5,0.337857147626047,0.42010770929155566,0.14193639235695757
GRASP,scientific_impact,0.15676583289664944,star_count,3,0.03,0.32315947255229943,0.009694784176568983
GRASP,scientific_impact,0.15676583289664944,fork_count,2,0.02,0.2567328181561449,0.0051346563631228985
GRASP,scientific_impact,0.15676583289664944,altmetric_score,,,0.0,0.0
MODER2,compatibility,0.0,input_formats,,,0.0,0.0
MODER2,compatibility,0.0,output_formats,,,0.0,0.0
MODER2,compatibility,0.0,has_workflow_support,False,0.0,0.34142426786507973,0.0
MODER2,compatibility,0.0,has_distribution_support,False,0.0,0.6585757321349203,0.0
MODER2,fairness,1.0,license,,,0.0,0.0
MODER2,fairness,1.0,repository,,,0.0,0.0
MODER2,fairness,1.0,registry,,,0.0,0.0
MODER2,fairness,1.0,citation,,,0.0,0.0
MODER2,fairness,1.0,checklist,,,0.0,0.0
MODER2,fairness,1.0,publication_open_access,True,1.0,1.0,1.0
MODER2,maintainability,0.76950966617,nloc_per_file,239.83,0.76017,0.342201,0.26013093417
MODER2,maintainability,0.76950966617,avg_ccn,4.26,0.6377777777777778,0.324063,0.20668018
MODER2,maintainability,0.76950966617,duplicate_rate,9.3,0.907,0.333736,0.302698552
MODER2,sustainability,0.16247624103040614,avg_issue_close_time_days,,,0.0,0.0
MODER2,sustainability,0.16247624103040614,num_open_issues,0,1.0,0.15891068773106556,0.15891068773106556
MODER2,sustainability,0.16247624103040614,days_since_last_commit,2369,0.0,0.14301874495104935,0.0
MODER2,sustainability,0.16247624103040614,inverse_simpson_index,1.2243753187149413,0.011809227300786386,0.301929432682115,0.0035655532993405775
MODER2,sustainability,0.16247624103040614,has_releases,False,0.0,0.18615223452352264,0.0
MODER2,sustainability,0.16247624103040614,has_contribution_guidelines,False,0.0,0.20998890011224747,0.0
MODER2,security,0.0,default_branch_protected,False,0.0,0.47669736382597355,0.0
MODER2,security,0.0,has_security_policy,False,0.0,0.2996011877543224,0.0
MODER2,security,0.0,gitignore_present,False,0.0,0.22370144841970407,0.0
MODER2,security,0.0,security_updates,,,0.0,0.0
MODER2,security,0.0,secret_scanning,,,0.0,0.0
MODER2,scientific_impact,0.09995427942701718,fwci,,,0.0,0.0
MODER2,scientific_impact,0.09995427942701718,citation_count,2,0.2071561616226558,0.42010770929155566,0.0870279005249252
MODER2,scientific_impact,0.09995427942701718,star_count,4,0.04,0.32315947255229943,0.012926378902091978
MODER2,scientific_impact,0.09995427942701718,fork_count,0,0.0,0.2567328181561449,0.0
MODER2,scientific_impact,0.09995427942701718,altmetric_score,,,0.0,0.0
CNNGWP,compatibility,0.0,input_formats,,,0.0,0.0
CNNGWP,compatibility,0.0,output_formats,,,0.0,0.0
CNNGWP,compatibility,0.0,has_workflow_support,False,0.0,0.34142426786507973,0.0
CNNGWP,compatibility,0.0,has_distribution_support,False,0.0,0.6585757321349203,0.0
CNNGWP,fairness,1.0,license,,,0.0,0.0
CNNGWP,fairness,1.0,repository,,,0.0,0.0
CNNGWP,fairness,1.0,registry,,,0.0,0.0
CNNGWP,fairness,1.0,citation,,,0.0,0.0
CNNGWP,fairness,1.0,checklist,,,0.0,0.0
CNNGWP,fairness,1.0,publication_open_access,True,1.0,1.0,1.0
CNNGWP,maintainability,0.975361528,nloc_per_file,72.0,0.928,0.342201,0.317562528
CNNGWP,maintainability,0.975361528,avg_ccn,1.0,1.0,0.324063,0.324063
CNNGWP,maintainability,0.975361528,duplicate_rate,0.0,1.0,0.333736,0.333736
CNNGWP,sustainability,0.31521472477713475,avg_issue_close_time_days,5.040081018518518,0.9439990997942387,0.199091,0.18794172477713478
CNNGWP,sustainability,0.31521472477713475,num_open_issues,0,1.0,0.127273,0.127273
CNNGWP,sustainability,0.31521472477713475,days_since_last_commit,2277,0.0,0.114545,0.0
CNNGWP,sustainability,0.31521472477713475,inverse_simpson_index,1.0,0.0,0.241818,0.0
CNNGWP,sustainability,0.31521472477713475,has_releases,False,0.0,0.149091,0.0
CNNGWP,sustainability,0.31521472477713475,has_contribution_guidelines,False,0.0,0.168182,0.0
CNNGWP,security,0.0,default_branch_protected,False,0.0,0.47669736382597355,0.0
CNNGWP,security,0.0,has_security_policy,False,0.0,0.2996011877543224,0.0
CNNGWP,security,0.0,gitignore_present,False,0.0,0.22370144841970407,0.0
CNNGWP,security,0.0,security_updates,,,0.0,0.0
CNNGWP,security,0.0,secret_scanning,,,0.0,0.0
CNNGWP,scientific_impact,0.28344326275139176,fwci,,,0.0,0.0
CNNGWP,scientific_impact,0.28344326275139176,citation_count,32,0.6593072851898583,0.42010770929155566,0.27698007330034574
CNNGWP,scientific_impact,0.28344326275139176,star_count,2,0.02,0.32315947255229943,0.006463189451045989
CNNGWP,scientific_impact,0.28344326275139176,fork_count,0,0.0,0.2567328181561449,0.0
CNNGWP,scientific_impact,0.28344326275139176,altmetric_score,,,0.0,0.0
HAYSTAC,compatibility,0.0,input_formats,,,0.0,0.0
HAYSTAC,compatibility,0.0,output_formats,,,0.0,0.0
HAYSTAC,compatibility,0.0,has_workflow_support,False,0.0,0.34142426786507973,0.0
HAYSTAC,compatibility,0.0,has_distribution_support,False,0.0,0.6585757321349203,0.0
HAYSTAC,fairness,1.0,license,,,0.0,0.0
HAYSTAC,fairness,1.0,repository,,,0.0,0.0
HAYSTAC,fairness,1.0,registry,,,0.0,0.0
HAYSTAC,fairness,1.0,citation,,,0.0,0.0
HAYSTAC,fairness,1.0,checklist,,,0.0,0.0
HAYSTAC,fairness,1.0,publication_open_access,True,1.0,1.0,1.0
HAYSTAC,maintainability,0.7818541150399999,nloc_per_file,82.96,0.91704,0.342201,0.31381200503999995
HAYSTAC,maintainability,0.7818541150399999,avg_ccn,6.27,0.4144444444444445,0.324063,0.13430611
HAYSTAC,maintainability,0.7818541150399999,duplicate_rate,0.0,1.0,0.333736,0.333736
HAYSTAC,sustainability,0.17669791144564112,avg_issue_close_time_days,72.2799287037037,0.19688968106995886,0.199091,0.039198963493899175
HAYSTAC,sustainability,0.17669791144564112,num_open_issues,2,0.99,0.127273,0.12600027
HAYSTAC,sustainability,0.17669791144564112,days_since_last_commit,699,0.0,0.114545,0.0
HAYSTAC,sustainability,0.17669791144564112,inverse_simpson_index,1.9034682326505759,0.047550959613188205,0.241818,0.011498677951741946
HAYSTAC,sustainability,0.17669791144564112,has_releases,False,0.0,0.149091,0.0
HAYSTAC,sustainability,0.17669791144564112,has_contribution_guidelines,False,0.0,0.168182,0.0
HAYSTAC,security,0.0,default_branch_protected,False,0.0,0.47669736382597355,0.0
HAYSTAC,security,0.0,has_security_policy,False,0.0,0.2996011877543224,0.0
HAYSTAC,security,0.0,gitignore_present,False,0.0,0.22370144841970407,0.0
HAYSTAC,security,0.0,security_updates,,,0.0,0.0
HAYSTAC,security,0.0,secret_scanning,,,0.0,0.0
HAYSTAC,scientific_impact,0.26192879764756904,fwci,,,0.0,0.0
HAYSTAC,scientific_impact,0.26192879764756904,citation_count,12,0.4836511198071519,0.42010770929155566,0.20318556403847834
HAYSTAC,scientific_impact,0.26192879764756904,star_count,15,0.15,0.32315947255229943,0.04847392088284491
HAYSTAC,scientific_impact,0.26192879764756904,fork_count,4,0.04,0.2567328181561449,0.010269312726245797
HAYSTAC,scientific_impact,0.26192879764756904,altmetric_score,,,0.0,0.0
mOTUlizer,compatibility,0.0,input_formats,,,0.0,0.0
mOTUlizer,compatibility,0.0,output_formats,,,0.0,0.0
mOTUlizer,compatibility,0.0,has_workflow_support,False,0.0,0.34142426786507973,0.0
mOTUlizer,compatibility,0.0,has_distribution_support,False,0.0,0.6585757321349203,0.0
mOTUlizer,fairness,1.0,license,,,0.0,0.0
mOTUlizer,fairness,1.0,repository,,,0.0,0.0
mOTUlizer,fairness,1.0,registry,,,0.0,0.0
mOTUlizer,fairness,1.0,citation,,,0.0,0.0
mOTUlizer,fairness,1.0,checklist,,,0.0,0.0
mOTUlizer,fairness,1.0,publication_open_access,True,1.0,1.0,1.0
mOTUlizer,maintainability,0.6065824778,nloc_per_file,103.0,0.897,0.342201,0.306954297
mOTUlizer,maintainability,0.6065824778,avg_ccn,11.27,0.0,0.324063,0.0
mOTUlizer,maintainability,0.6065824778,duplicate_rate,10.22,0.8977999999999999,0.333736,0.2996281808
mOTUlizer,sustainability,0.1616214954627773,avg_issue_close_time_days,,,0.0,0.0
mOTUlizer,sustainability,0.1616214954627773,num_open_issues,6,0.97,0.15891068773106556,0.1541433670991336
mOTUlizer,sustainability,0.1616214954627773,days_since_last_commit,730,0.0,0.14301874495104935,0.0
mOTUlizer,sustainability,0.1616214954627773,inverse_simpson_index,1.4705882352941173,0.02476780185758512,0.301929432682115,0.007478128363643709
mOTUlizer,sustainability,0.1616214954627773,has_releases,False,0.0,0.18615223452352264,0.0
mOTUlizer,sustainability,0.1616214954627773,has_contribution_guidelines,False,0.0,0.20998890011224747,0.0
mOTUlizer,security,0.0,default_branch_protected,False,0.0,0.47669736382597355,0.0
mOTUlizer,security,0.0,has_security_policy,False,0.0,0.2996011877543224,0.0
mOTUlizer,security,0.0,gitignore_present,False,0.0,0.22370144841970407,0.0
mOTUlizer,security,0.0,security_updates,,,0.0,0.0
mOTUlizer,security,0.0,secret_scanning,,,0.0,0.0
mOTUlizer,scientific_impact,0.31683728947960144,fwci,,,0.0,0.0
mOTUlizer,scientific_impact,0.31683728947960144,citation_count,25,0.6143521058105431,0.42010770929155566,0.2580940558705107
mOTUlizer,scientific_impact,0.31683728947960144,star_count,15,0.15,0.32315947255229943,0.04847392088284491
mOTUlizer,scientific_impact,0.31683728947960144,fork_count,4,0.04,0.2567328181561449,0.010269312726245797
mOTUlizer,scientific_impact,0.31683728947960144,altmetric_score,,,0.0,0.0
BFEX,compatibility,0.0,input_formats,,,0.0,0.0
BFEX,compatibility,0.0,output_formats,,,0.0,0.0
BFEX,compatibility,0.0,has_workflow_support,False,0.0,0.34142426786507973,0.0
BFEX,compatibility,0.0,has_distribution_support,False,0.0,0.6585757321349203,0.0
BFEX,fairness,1.0,license,,,0.0,0.0
BFEX,fairness,1.0,repository,,,0.0,0.0
BFEX,fairness,1.0,registry,,,0.0,0.0
BFEX,fairness,1.0,citation,,,0.0,0.0
BFEX,fairness,1.0,checklist,,,0.0,0.0
BFEX,fairness,1.0,publication_open_access,True,1.0,1.0,1.0
BFEX,maintainability,0.71841391263,nloc_per_file,133.77,0.86623,0.342201,0.29642477223
BFEX,maintainability,0.71841391263,avg_ccn,6.89,0.3455555555555556,0.324063,0.11198177000000002
BFEX,maintainability,0.71841391263,duplicate_rate,7.11,0.9289000000000001,0.333736,0.3100073704
BFEX,sustainability,0.15891068773106556,avg_issue_close_time_days,,,0.0,0.0
BFEX,sustainability,0.15891068773106556,num_open_issues,0,1.0,0.15891068773106556,0.15891068773106556
BFEX,sustainability,0.15891068773106556,days_since_last_commit,226,0.0,0.14301874495104935,0.0
BFEX,sustainability,0.15891068773106556,inverse_simpson_index,1.0,0.0,0.301929432682115,0.0
BFEX,sustainability,0.15891068773106556,has_releases,False,0.0,0.18615223452352264,0.0
BFEX,sustainability,0.15891068773106556,has_contribution_guidelines,False,0.0,0.20998890011224747,0.0
BFEX,security,0.47669736382597355,default_branch_protected,True,1.0,0.47669736382597355,0.47669736382597355
BFEX,security,0.47669736382597355,has_security_policy,False,0.0,0.2996011877543224,0.0
BFEX,security,0.47669736382597355,gitignore_present,False,0.0,0.22370144841970407,0.0
BFEX,security,0.47669736382597355,security_updates,,,0.0,0.0
BFEX,security,0.47669736382597355,secret_scanning,,,0.0,0.0
BFEX,scientific_impact,0.012262112358130432,fwci,,,0.0,0.0
BFEX,scientific_impact,0.012262112358130432,citation_count,0,0.0,0.42010770929155566,0.0
BFEX,scientific_impact,0.012262112358130432,star_count,3,0.03,0.32315947255229943,0.009694784176568983
BFEX,scientific_impact,0.012262112358130432,fork_count,1,0.01,0.2567328181561449,0.0025673281815614493
BFEX,scientific_impact,0.012262112358130432,altmetric_score,,,0.0,0.0
ClusterApp,compatibility,0.0,input_formats,,,0.0,0.0
ClusterApp,compatibility,0.0,output_formats,,,0.0,0.0
ClusterApp,compatibility,0.0,has_workflow_support,False,0.0,0.34142426786507973,0.0
ClusterApp,compatibility,0.0,has_distribution_support,False,0.0,0.6585757321349203,0.0
ClusterApp,fairness,1.0,license,,,0.0,0.0
ClusterApp,fairness,1.0,repository,,,0.0,0.0
ClusterApp,fairness,1.0,registry,,,0.0,0.0
ClusterApp,fairness,1.0,citation,,,0.0,0.0
ClusterApp,fairness,1.0,checklist,,,0.0,0.0
ClusterApp,fairness,1.0,publication_open_access,True,1.0,1.0,1.0
ClusterApp,maintainability,0.79662628325,nloc_per_file,82.75,0.91725,0.342201,0.31388386725
ClusterApp,maintainability,0.79662628325,avg_ccn,5.06,0.548888888888889,0.324063,0.17787458000000003
ClusterApp,maintainability,0.79662628325,duplicate_rate,8.65,0.9135,0.333736,0.30486783599999995
ClusterApp,sustainability,0.15652702741509958,avg_issue_close_time_days,,,0.0,0.0
ClusterApp,sustainability,0.15652702741509958,num_open_issues,3,0.985,0.15891068773106556,0.15652702741509958
ClusterApp,sustainability,0.15652702741509958,days_since_last_commit,289,0.0,0.14301874495104935,0.0
ClusterApp,sustainability,0.15652702741509958,inverse_simpson_index,1.0,0.0,0.301929432682115,0.0
ClusterApp,sustainability,0.15652702741509958,has_releases,False,0.0,0.18615223452352264,0.0
ClusterApp,sustainability,0.15652702741509958,has_contribution_guidelines,False,0.0,0.20998890011224747,0.0
ClusterApp,security,0.0,default_branch_protected,False,0.0,0.47669736382597355,0.0
ClusterApp,security,0.0,has_security_policy,False,0.0,0.2996011877543224,0.0
ClusterApp,security,0.0,gitignore_present,False,0.0,0.22370144841970407,0.0
ClusterApp,security,0.0,security_updates,,,0.0,0.0
ClusterApp,security,0.0,secret_scanning,,,0.0,0.0
ClusterApp,scientific_impact,0.06460327600860134,fwci,,,0.0,0.0
ClusterApp,scientific_impact,0.06460327600860134,citation_count,1,0.13070098600339122,0.42010770929155566,0.05490849183203236
ClusterApp,scientific_impact,0.06460327600860134,star_count,3,0.03,0.32315947255229943,0.009694784176568983
ClusterApp,scientific_impact,0.06460327600860134,fork_count,0,0.0,0.2567328181561449,0.0
ClusterApp,scientific_impact,0.06460327600860134,altmetric_score,,,0.0,0.0
soibean,compatibility,0.0,input_formats,,,0.0,0.0
soibean,compatibility,0.0,output_formats,,,0.0,0.0
soibean,compatibility,0.0,has_workflow_support,False,0.0,0.34142426786507973,0.0
soibean,compatibility,0.0,has_distribution_support,False,0.0,0.6585757321349203,0.0
soibean,fairness,1.0,license,,,0.0,0.0
soibean,fairness,1.0,repository,,,0.0,0.0
soibean,fairness,1.0,registry,,,0.0,0.0
soibean,fairness,1.0,citation,,,0.0,0.0
soibean,fairness,1.0,checklist,,,0.0,0.0
soibean,fairness,1.0,publication_open_access,True,1.0,1.0,1.0
soibean,maintainability,0.7905068496,nloc_per_file,150.0,0.85,0.342201,0.29087084999999996
soibean,maintainability,0.7905068496,avg_ccn,3.41,0.7322222222222222,0.324063,0.23728612999999998
soibean,maintainability,0.7905068496,duplicate_rate,21.39,0.7861,0.333736,0.2623498696
soibean,sustainability,0.15891068773106556,avg_issue_close_time_days,,,0.0,0.0
soibean,sustainability,0.15891068773106556,num_open_issues,0,1.0,0.15891068773106556,0.15891068773106556
soibean,sustainability,0.15891068773106556,days_since_last_commit,921,0.0,0.14301874495104935,0.0
soibean,sustainability,0.15891068773106556,inverse_simpson_index,1.0,0.0,0.301929432682115,0.0
soibean,sustainability,0.15891068773106556,has_releases,False,0.0,0.18615223452352264,0.0
soibean,sustainability,0.15891068773106556,has_contribution_guidelines,False,0.0,0.20998890011224747,0.0
soibean,security,0.0,default_branch_protected,False,0.0,0.47669736382597355,0.0
soibean,security,0.0,has_security_policy,False,0.0,0.2996011877543224,0.0
soibean,security,0.0,gitignore_present,False,0.0,0.22370144841970407,0.0
soibean,security,0.0,security_updates,,,0.0,0.0
soibean,security,0.0,secret_scanning,,,0.0,0.0
soibean,scientific_impact,0.05490849183203236,fwci,,,0.0,0.0
soibean,scientific_impact,0.05490849183203236,citation_count,1,0.13070098600339122,0.42010770929155566,0.05490849183203236
soibean,scientific_impact,0.05490849183203236,star_count,0,0.0,0.32315947255229943,0.0
soibean,scientific_impact,0.05490849183203236,fork_count,0,0.0,0.2567328181561449,0.0
soibean,scientific_impact,0.05490849183203236,altmetric_score,,,0.0,0.0
CAMPP,compatibility,0.0,input_formats,,,0.0,0.0
CAMPP,compatibility,0.0,output_formats,,,0.0,0.0
CAMPP,compatibility,0.0,has_workflow_support,False,0.0,0.34142426786507973,0.0
CAMPP,compatibility,0.0,has_distribution_support,False,0.0,0.6585757321349203,0.0
CAMPP,fairness,1.0,license,,,0.0,0.0
CAMPP,fairness,1.0,repository,,,0.0,0.0
CAMPP,fairness,1.0,registry,,,0.0,0.0
CAMPP,fairness,1.0,citation,,,0.0,0.0
CAMPP,fairness,1.0,checklist,,,0.0,0.0
CAMPP,fairness,1.0,publication_open_access,True,1.0,1.0,1.0
CAMPP,maintainability,0.6476679996,nloc_per_file,616.0,0.384,0.342201,0.13140518399999998
CAMPP,maintainability,0.6476679996,avg_ccn,4.51,0.6100000000000001,0.324063,0.19767843000000002
CAMPP,maintainability,0.6476679996,duplicate_rate,4.54,0.9546,0.333736,0.31858438559999996
CAMPP,sustainability,0.4164086730268083,avg_issue_close_time_days,4.814580026455027,0.9465046663727219,0.26258998499041125,0.24854264613616725
CAMPP,sustainability,0.4164086730268083,num_open_issues,0,1.0,0.16786602689064103,0.16786602689064103
CAMPP,sustainability,0.4164086730268083,days_since_last_commit,2160,0.0,0.15107850094040742,0.0
CAMPP,sustainability,0.4164086730268083,inverse_simpson_index,,,0.0,0.0
CAMPP,sustainability,0.4164086730268083,has_releases,False,0.0,0.19664275859885885,0.0
CAMPP,sustainability,0.4164086730268083,has_contribution_guidelines,False,0.0,0.22182272857968138,0.0
CAMPP,security,0.0,default_branch_protected,False,0.0,0.47669736382597355,0.0
CAMPP,security,0.0,has_security_policy,False,0.0,0.2996011877543224,0.0
CAMPP,security,0.0,gitignore_present,False,0.0,0.22370144841970407,0.0
CAMPP,security,0.0,security_updates,,,0.0,0.0
CAMPP,security,0.0,secret_scanning,,,0.0,0.0
CAMPP,scientific_impact,0.25856205446884034,fwci,,,0.0,0.0
CAMPP,scientific_impact,0.25856205446884034,citation_count,8,0.41431232324531164,0.42010770929155566,0.1740558010498504
CAMPP,scientific_impact,0.25856205446884034,star_count,19,0.19,0.32315947255229943,0.06140029978493689
CAMPP,scientific_impact,0.25856205446884034,fork_count,9,0.09,0.2567328181561449,0.02310595363405304
CAMPP,scientific_impact,0.25856205446884034,altmetric_score,,,0.0,0.0
COSORE,compatibility,0.0,input_formats,,,0.0,0.0
COSORE,compatibility,0.0,output_formats,,,0.0,0.0
COSORE,compatibility,0.0,has_workflow_support,False,0.0,0.34142426786507973,0.0
COSORE,compatibility,0.0,has_distribution_support,False,0.0,0.6585757321349203,0.0
COSORE,fairness,1.0,license,,,0.0,0.0
COSORE,fairness,1.0,repository,,,0.0,0.0
COSORE,fairness,1.0,registry,,,0.0,0.0
COSORE,fairness,1.0,citation,,,0.0,0.0
COSORE,fairness,1.0,checklist,,,0.0,0.0
COSORE,fairness,1.0,publication_open_access,True,1.0,1.0,1.0
COSORE,maintainability,0.8630656434299999,nloc_per_file,111.37,0.88863,0.342201,0.30409007463
COSORE,maintainability,0.8630656434299999,avg_ccn,3.08,0.7688888888888888,0.324063,0.24916844
COSORE,maintainability,0.8630656434299999,duplicate_rate,7.17,0.9283,0.333736,0.3098071288
COSORE,sustainability,0.22170733535555237,avg_issue_close_time_days,35.133276311728395,0.6096302632030178,0.199091,0.12137189873135201
COSORE,sustainability,0.22170733535555237,num_open_issues,43,0.785,0.127273,0.099909305
COSORE,sustainability,0.22170733535555237,days_since_last_commit,1896,0.0,0.114545,0.0
COSORE,sustainability,0.22170733535555237,inverse_simpson_index,1.033481795647167,0.0017621997709035217,0.241818,0.0004261316242003478
COSORE,sustainability,0.22170733535555237,has_releases,False,0.0,0.149091,0.0
COSORE,sustainability,0.22170733535555237,has_contribution_guidelines,False,0.0,0.168182,0.0
COSORE,security,0.0,default_branch_protected,False,0.0,0.47669736382597355,0.0
COSORE,security,0.0,has_security_policy,False,0.0,0.2996011877543224,0.0
COSORE,security,0.0,gitignore_present,False,0.0,0.22370144841970407,0.0
COSORE,security,0.0,security_updates,,,0.0,0.0
COSORE,security,0.0,secret_scanning,,,0.0,0.0
COSORE,scientific_impact,0.38185768417886023,fwci,,,0.0,0.0
COSORE,scientific_impact,0.38185768417886023,citation_count,20,0.5740802179970582,0.42010770929155566,0.24117552533234105
COSORE,scientific_impact,0.38185768417886023,star_count,34,0.34,0.32315947255229943,0.10987422066778181
COSORE,scientific_impact,0.38185768417886023,fork_count,12,0.12,0.2567328181561449,0.030807938178737386
COSORE,scientific_impact,0.38185768417886023,altmetric_score,,,0.0,0.0
STCellbin,compatibility,0.0,input_formats,,,0.0,0.0
STCellbin,compatibility,0.0,output_formats,,,0.0,0.0
STCellbin,compatibility,0.0,has_workflow_support,False,0.0,0.34142426786507973,0.0
STCellbin,compatibility,0.0,has_distribution_support,False,0.0,0.6585757321349203,0.0
STCellbin,fairness,1.0,license,,,0.0,0.0
STCellbin,fairness,1.0,repository,,,0.0,0.0
STCellbin,fairness,1.0,registry,,,0.0,0.0
STCellbin,fairness,1.0,citation,,,0.0,0.0
STCellbin,fairness,1.0,checklist,,,0.0,0.0
STCellbin,fairness,1.0,publication_open_access,True,1.0,1.0,1.0
STCellbin,maintainability,0.83250681965,nloc_per_file,140.35,0.85965,0.342201,0.29417308965
STCellbin,maintainability,0.83250681965,avg_ccn,3.53,0.7188888888888889,0.324063,0.23296529
STCellbin,maintainability,0.83250681965,duplicate_rate,8.5,0.915,0.333736,0.30536843999999996
STCellbin,sustainability,0.3272057526189232,avg_issue_close_time_days,2.7113310185185187,0.9698740997942387,0.199091,0.19309320440213476
STCellbin,sustainability,0.3272057526189232,num_open_issues,2,0.99,0.127273,0.12600027
STCellbin,sustainability,0.3272057526189232,days_since_last_commit,384,0.0,0.114545,0.0
STCellbin,sustainability,0.3272057526189232,inverse_simpson_index,1.637393767705382,0.03354704040554642,0.241818,0.008112278216788425
STCellbin,sustainability,0.3272057526189232,has_releases,False,0.0,0.149091,0.0
STCellbin,sustainability,0.3272057526189232,has_contribution_guidelines,False,0.0,0.168182,0.0
STCellbin,security,0.0,default_branch_protected,False,0.0,0.47669736382597355,0.0
STCellbin,security,0.0,has_security_policy,False,0.0,0.2996011877543224,0.0
STCellbin,security,0.0,gitignore_present,False,0.0,0.22370144841970407,0.0
STCellbin,security,0.0,security_updates,,,0.0,0.0
STCellbin,security,0.0,secret_scanning,,,0.0,0.0
STCellbin,scientific_impact,0.1591452505439576,fwci,,,0.0,0.0
STCellbin,scientific_impact,0.1591452505439576,citation_count,4,0.303478291430754,0.42010770929155566,0.1274935698326892
STCellbin,scientific_impact,0.1591452505439576,star_count,9,0.09,0.32315947255229943,0.02908435252970695
STCellbin,scientific_impact,0.1591452505439576,fork_count,1,0.01,0.2567328181561449,0.0025673281815614493
STCellbin,scientific_impact,0.1591452505439576,altmetric_score,,,0.0,0.0
TARDIS,compatibility,0.0,input_formats,,,0.0,0.0
TARDIS,compatibility,0.0,output_formats,,,0.0,0.0
TARDIS,compatibility,0.0,has_workflow_support,False,0.0,0.34142426786507973,0.0
TARDIS,compatibility,0.0,has_distribution_support,False,0.0,0.6585757321349203,0.0
TARDIS,fairness,1.0,license,,,0.0,0.0
TARDIS,fairness,1.0,repository,,,0.0,0.0
TARDIS,fairness,1.0,registry,,,0.0,0.0
TARDIS,fairness,1.0,citation,,,0.0,0.0
TARDIS,fairness,1.0,checklist,,,0.0,0.0
TARDIS,fairness,1.0,publication_open_access,True,1.0,1.0,1.0
TARDIS,maintainability,0.65738731296,nloc_per_file,89.44,0.91056,0.342201,0.31159454255999997
TARDIS,maintainability,0.65738731296,avg_ccn,7.5,0.2777777777777778,0.324063,0.0900175
TARDIS,maintainability,0.65738731296,duplicate_rate,23.36,0.7664,0.333736,0.2557752704
TARDIS,sustainability,0.16152435254572606,avg_issue_close_time_days,,,0.0,0.0
TARDIS,sustainability,0.16152435254572606,num_open_issues,0,1.0,0.15891068773106556,0.15891068773106556
TARDIS,sustainability,0.16152435254572606,days_since_last_commit,248,0.0,0.14301874495104935,0.0
TARDIS,sustainability,0.16152435254572606,inverse_simpson_index,1.1644742979755573,0.008656541998713544,0.301929432682115,0.0026136648146604822
TARDIS,sustainability,0.16152435254572606,has_releases,False,0.0,0.18615223452352264,0.0
TARDIS,sustainability,0.16152435254572606,has_contribution_guidelines,False,0.0,0.20998890011224747,0.0
TARDIS,security,0.0,default_branch_protected,False,0.0,0.47669736382597355,0.0
TARDIS,security,0.0,has_security_policy,False,0.0,0.2996011877543224,0.0
TARDIS,security,0.0,gitignore_present,False,0.0,0.22370144841970407,0.0
TARDIS,security,0.0,security_updates,,,0.0,0.0
TARDIS,security,0.0,secret_scanning,,,0.0,0.0
TARDIS,scientific_impact,0.12920655201720269,fwci,,,0.0,0.0
TARDIS,scientific_impact,0.12920655201720269,citation_count,3,0.26140197200678245,0.42010770929155566,0.10981698366406473
TARDIS,scientific_impact,0.12920655201720269,star_count,6,0.06,0.32315947255229943,0.019389568353137966
TARDIS,scientific_impact,0.12920655201720269,fork_count,0,0.0,0.2567328181561449,0.0
TARDIS,scientific_impact,0.12920655201720269,altmetric_score,,,0.0,0.0
pypgatk,compatibility,0.0,input_formats,,,0.0,0.0
pypgatk,compatibility,0.0,output_formats,,,0.0,0.0
pypgatk,compatibility,0.0,has_workflow_support,False,0.0,0.34142426786507973,0.0
pypgatk,compatibility,0.0,has_distribution_support,False,0.0,0.6585757321349203,0.0
pypgatk,fairness,1.0,license,,,0.0,0.0
pypgatk,fairness,1.0,repository,,,0.0,0.0
pypgatk,fairness,1.0,registry,,,0.0,0.0
pypgatk,fairness,1.0,citation,,,0.0,0.0
pypgatk,fairness,1.0,checklist,,,0.0,0.0
pypgatk,fairness,1.0,publication_open_access,True,1.0,1.0,1.0
pypgatk,maintainability,0.8590939096399999,nloc_per_file,91.96,0.90804,0.342201,0.31073219603999996
pypgatk,maintainability,0.8590939096399999,avg_ccn,3.6,0.711111111111111,0.324063,0.23044479999999998
pypgatk,maintainability,0.8590939096399999,duplicate_rate,4.74,0.9526,0.333736,0.31791691359999996
pypgatk,sustainability,0.1354477234788426,avg_issue_close_time_days,451.75946290784833,0.0,0.199091,0.0
pypgatk,sustainability,0.1354477234788426,num_open_issues,2,0.99,0.127273,0.12600027
pypgatk,sustainability,0.1354477234788426,days_since_last_commit,204,0.0,0.114545,0.0
pypgatk,sustainability,0.1354477234788426,inverse_simpson_index,1.7423004743154322,0.0390684460166017,0.241818,0.00944745347884259
pypgatk,sustainability,0.1354477234788426,has_releases,False,0.0,0.149091,0.0
pypgatk,sustainability,0.1354477234788426,has_contribution_guidelines,False,0.0,0.168182,0.0
pypgatk,security,0.47669736382597355,default_branch_protected,True,1.0,0.47669736382597355,0.47669736382597355
pypgatk,security,0.47669736382597355,has_security_policy,False,0.0,0.2996011877543224,0.0
pypgatk,security,0.47669736382597355,gitignore_present,False,0.0,0.22370144841970407,0.0
pypgatk,security,0.47669736382597355,security_updates,,,0.0,0.0
pypgatk,security,0.47669736382597355,secret_scanning,,,0.0,0.0
pypgatk,scientific_impact,0.3336025632641661,fwci,,,0.0,0.0
pypgatk,scientific_impact,0.3336025632641661,citation_count,23,0.5992591196328295,0.42010770929155566,0.2517533760210223
pypgatk,scientific_impact,0.3336025632641661,star_count,15,0.15,0.32315947255229943,0.04847392088284491
pypgatk,scientific_impact,0.3336025632641661,fork_count,13,0.13,0.2567328181561449,0.03337526636029884
pypgatk,scientific_impact,0.3336025632641661,altmetric_score,,,0.0,0.0
CCMetagen,compatibility,0.0,input_formats,,,0.0,0.0
CCMetagen,compatibility,0.0,output_formats,,,0.0,0.0
CCMetagen,compatibility,0.0,has_workflow_support,False,0.0,0.34142426786507973,0.0
CCMetagen,compatibility,0.0,has_distribution_support,False,0.0,0.6585757321349203,0.0
CCMetagen,fairness,1.0,license,,,0.0,0.0
CCMetagen,fairness,1.0,repository,,,0.0,0.0
CCMetagen,fairness,1.0,registry,,,0.0,0.0
CCMetagen,fairness,1.0,citation,,,0.0,0.0
CCMetagen,fairness,1.0,checklist,,,0.0,0.0
CCMetagen,fairness,1.0,publication_open_access,True,1.0,1.0,1.0
CCMetagen,maintainability,0.80736595355,nloc_per_file,15.65,0.98435,0.342201,0.33684555434999996
CCMetagen,maintainability,0.80736595355,avg_ccn,3.58,0.7133333333333334,0.324063,0.23116494
CCMetagen,maintainability,0.80736595355,duplicate_rate,28.28,0.7172000000000001,0.333736,0.2393554592
CCMetagen,sustainability,0.20824907062812476,avg_issue_close_time_days,53.15136494252874,0.40942927841634735,0.199091,0.08151368446918901
CCMetagen,sustainability,0.20824907062812476,num_open_issues,5,0.975,0.127273,0.124091175
CCMetagen,sustainability,0.20824907062812476,days_since_last_commit,499,0.0,0.114545,0.0
CCMetagen,sustainability,0.20824907062812476,inverse_simpson_index,1.207759604412324,0.010934716021701263,0.241818,0.002644211158935756
CCMetagen,sustainability,0.20824907062812476,has_releases,False,0.0,0.149091,0.0
CCMetagen,sustainability,0.20824907062812476,has_contribution_guidelines,False,0.0,0.168182,0.0
CCMetagen,security,0.47669736382597355,default_branch_protected,True,1.0,0.47669736382597355,0.47669736382597355
CCMetagen,security,0.47669736382597355,has_security_policy,False,0.0,0.2996011877543224,0.0
CCMetagen,security,0.47669736382597355,gitignore_present,False,0.0,0.22370144841970407,0.0
CCMetagen,security,0.47669736382597355,security_updates,,,0.0,0.0
CCMetagen,security,0.47669736382597355,secret_scanning,,,0.0,0.0
CCMetagen,scientific_impact,0.6445430279134197,fwci,,,0.0,0.0
CCMetagen,scientific_impact,0.6445430279134197,citation_count,119,0.9027374110635835,0.42010770929155566,0.37924694585371155
CCMetagen,scientific_impact,0.6445430279134197,star_count,67,0.67,0.32315947255229943,0.21651684661004064
CCMetagen,scientific_impact,0.6445430279134197,fork_count,19,0.19,0.2567328181561449,0.04877923544966753
CCMetagen,scientific_impact,0.6445430279134197,altmetric_score,,,0.0,0.0
CPSign,compatibility,0.0,input_formats,,,0.0,0.0
CPSign,compatibility,0.0,output_formats,,,0.0,0.0
CPSign,compatibility,0.0,has_workflow_support,False,0.0,0.34142426786507973,0.0
CPSign,compatibility,0.0,has_distribution_support,False,0.0,0.6585757321349203,0.0
CPSign,fairness,0.0,license,,,0.0,0.0
CPSign,fairness,0.0,repository,,,0.0,0.0
CPSign,fairness,0.0,registry,,,0.0,0.0
CPSign,fairness,0.0,citation,,,0.0,0.0
CPSign,fairness,0.0,checklist,,,0.0,0.0
CPSign,fairness,0.0,publication_open_access,False,0.0,1.0,0.0
CPSign,maintainability,0.87683301329,nloc_per_file,99.91,0.9000900000000001,0.342201,0.30801169809
CPSign,maintainability,0.87683301329,avg_ccn,2.18,0.8688888888888888,0.324063,0.28157474
CPSign,maintainability,0.87683301329,duplicate_rate,13.93,0.8607,0.333736,0.28724657519999997
CPSign,sustainability,0.15856938854658495,avg_issue_close_time_days,,,0.0,0.0
CPSign,sustainability,0.15856938854658495,num_open_issues,1,0.995,0.15891068773106556,0.15811613429241023
CPSign,sustainability,0.15856938854658495,days_since_last_commit,768,0.0,0.14301874495104935,0.0
CPSign,sustainability,0.15856938854658495,inverse_simpson_index,1.0285226609172167,0.001501192679853509,0.301929432682115,0.0004532542541747138
CPSign,sustainability,0.15856938854658495,has_releases,False,0.0,0.18615223452352264,0.0
CPSign,sustainability,0.15856938854658495,has_contribution_guidelines,False,0.0,0.20998890011224747,0.0
CPSign,security,0.0,default_branch_protected,False,0.0,0.47669736382597355,0.0
CPSign,security,0.0,has_security_policy,False,0.0,0.2996011877543224,0.0
CPSign,security,0.0,gitignore_present,False,0.0,0.22370144841970407,0.0
CPSign,security,0.0,security_updates,,,0.0,0.0
CPSign,security,0.0,secret_scanning,,,0.0,0.0
CPSign,scientific_impact,0.21833405274206494,fwci,,,0.0,0.0
CPSign,scientific_impact,0.21833405274206494,citation_count,7,0.3921029580101737,0.42010770929155566,0.16472547549609712
CPSign,scientific_impact,0.21833405274206494,star_count,15,0.15,0.32315947255229943,0.04847392088284491
CPSign,scientific_impact,0.21833405274206494,fork_count,2,0.02,0.2567328181561449,0.0051346563631228985
CPSign,scientific_impact,0.21833405274206494,altmetric_score,,,0.0,0.0
iLipidDyn,compatibility,0.0,input_formats,,,0.0,0.0
iLipidDyn,compatibility,0.0,output_formats,,,0.0,0.0
iLipidDyn,compatibility,0.0,has_workflow_support,False,0.0,0.34142426786507973,0.0
iLipidDyn,compatibility,0.0,has_distribution_support,False,0.0,0.6585757321349203,0.0
iLipidDyn,fairness,1.0,license,,,0.0,0.0
iLipidDyn,fairness,1.0,repository,,,0.0,0.0
iLipidDyn,fairness,1.0,registry,,,0.0,0.0
iLipidDyn,fairness,1.0,citation,,,0.0,0.0
iLipidDyn,fairness,1.0,checklist,,,0.0,0.0
iLipidDyn,fairness,1.0,publication_open_access,True,1.0,1.0,1.0
iLipidDyn,maintainability,0.90294948245,nloc_per_file,93.15,0.9068499999999999,0.342201,0.31032497684999993
iLipidDyn,maintainability,0.90294948245,avg_ccn,2.76,0.8044444444444445,0.324063,0.26069068
iLipidDyn,maintainability,0.90294948245,duplicate_rate,0.54,0.9946,0.333736,0.3319338256
iLipidDyn,sustainability,0.16108524710336308,avg_issue_close_time_days,257.1067759314374,0.0,0.199091,0.0
iLipidDyn,sustainability,0.16108524710336308,num_open_issues,1,0.995,0.127273,0.126636635
iLipidDyn,sustainability,0.16108524710336308,days_since_last_commit,829,0.0,0.114545,0.0
iLipidDyn,sustainability,0.16108524710336308,inverse_simpson_index,3.70667870036101,0.14245677370321105,0.241818,0.03444861210336309
iLipidDyn,sustainability,0.16108524710336308,has_releases,False,0.0,0.149091,0.0
iLipidDyn,sustainability,0.16108524710336308,has_contribution_guidelines,False,0.0,0.168182,0.0
iLipidDyn,security,0.47669736382597355,default_branch_protected,True,1.0,0.47669736382597355,0.47669736382597355
iLipidDyn,security,0.47669736382597355,has_security_policy,False,0.0,0.2996011877543224,0.0
iLipidDyn,security,0.47669736382597355,gitignore_present,False,0.0,0.22370144841970407,0.0
iLipidDyn,security,0.47669736382597355,security_updates,,,0.0,0.0
iLipidDyn,security,0.47669736382597355,secret_scanning,,,0.0,0.0
iLipidDyn,scientific_impact,0.2783772009372202,fwci,,,0.0,0.0
iLipidDyn,scientific_impact,0.2783772009372202,citation_count,15,0.5228039440135649,0.42010770929155566,0.21963396732812945
iLipidDyn,scientific_impact,0.2783772009372202,star_count,15,0.15,0.32315947255229943,0.04847392088284491
iLipidDyn,scientific_impact,0.2783772009372202,fork_count,4,0.04,0.2567328181561449,0.010269312726245797
iLipidDyn,scientific_impact,0.2783772009372202,altmetric_score,,,0.0,0.0
Lemon-Tree,compatibility,0.0,input_formats,,,0.0,0.0
Lemon-Tree,compatibility,0.0,output_formats,,,0.0,0.0
Lemon-Tree,compatibility,0.0,has_workflow_support,False,0.0,0.34142426786507973,0.0
Lemon-Tree,compatibility,0.0,has_distribution_support,False,0.0,0.6585757321349203,0.0
Lemon-Tree,fairness,1.0,license,,,0.0,0.0
Lemon-Tree,fairness,1.0,repository,,,0.0,0.0
Lemon-Tree,fairness,1.0,registry,,,0.0,0.0
Lemon-Tree,fairness,1.0,citation,,,0.0,0.0
Lemon-Tree,fairness,1.0,checklist,,,0.0,0.0
Lemon-Tree,fairness,1.0,publication_open_access,True,1.0,1.0,1.0
Lemon-Tree,maintainability,0.75295662069,nloc_per_file,165.71,0.83429,0.342201,0.28549487229
Lemon-Tree,maintainability,0.75295662069,avg_ccn,4.45,0.6166666666666667,0.324063,0.19983885
Lemon-Tree,maintainability,0.75295662069,duplicate_rate,19.81,0.8019000000000001,0.333736,0.2676228984
Lemon-Tree,sustainability,0.31749205707730516,avg_issue_close_time_days,8.71865906084656,0.9031260104350383,0.199091,0.1798042605435222
Lemon-Tree,sustainability,0.31749205707730516,num_open_issues,4,0.98,0.127273,0.12472754
Lemon-Tree,sustainability,0.31749205707730516,days_since_last_commit,1840,0.0,0.114545,0.0
Lemon-Tree,sustainability,0.31749205707730516,inverse_simpson_index,2.0183066361556063,0.05359508611345296,0.241818,0.012960256533782969
Lemon-Tree,sustainability,0.31749205707730516,has_releases,False,0.0,0.149091,0.0
Lemon-Tree,sustainability,0.31749205707730516,has_contribution_guidelines,False,0.0,0.168182,0.0
Lemon-Tree,security,0.0,default_branch_protected,False,0.0,0.47669736382597355,0.0
Lemon-Tree,security,0.0,has_security_policy,False,0.0,0.2996011877543224,0.0
Lemon-Tree,security,0.0,gitignore_present,False,0.0,0.22370144841970407,0.0
Lemon-Tree,security,0.0,security_updates,,,0.0,0.0
Lemon-Tree,security,0.0,secret_scanning,,,0.0,0.0
Lemon-Tree,scientific_impact,0.2718242734918894,fwci,,,0.0,0.0
Lemon-Tree,scientific_impact,0.2718242734918894,citation_count,15,0.5228039440135649,0.42010770929155566,0.21963396732812945
Lemon-Tree,scientific_impact,0.2718242734918894,star_count,9,0.09,0.32315947255229943,0.02908435252970695
Lemon-Tree,scientific_impact,0.2718242734918894,fork_count,9,0.09,0.2567328181561449,0.02310595363405304
Lemon-Tree,scientific_impact,0.2718242734918894,altmetric_score,,,0.0,0.0
GEnView,compatibility,0.0,input_formats,,,0.0,0.0
GEnView,compatibility,0.0,output_formats,,,0.0,0.0
GEnView,compatibility,0.0,has_workflow_support,False,0.0,0.34142426786507973,0.0
GEnView,compatibility,0.0,has_distribution_support,False,0.0,0.6585757321349203,0.0
GEnView,fairness,1.0,license,,,0.0,0.0
GEnView,fairness,1.0,repository,,,0.0,0.0
GEnView,fairness,1.0,registry,,,0.0,0.0
GEnView,fairness,1.0,citation,,,0.0,0.0
GEnView,fairness,1.0,checklist,,,0.0,0.0
GEnView,fairness,1.0,publication_open_access,True,1.0,1.0,1.0
GEnView,maintainability,0.39297661489999997,nloc_per_file,739.5,0.26049999999999995,0.342201,0.08914336049999998
GEnView,maintainability,0.39297661489999997,avg_ccn,24.38,0.0,0.324063,0.0
GEnView,maintainability,0.39297661489999997,duplicate_rate,8.96,0.9104,0.333736,0.3038332544
GEnView,sustainability,0.24046317653954813,avg_issue_close_time_days,44.15728009259259,0.509363554526749,0.199091,0.10140969943428498
GEnView,sustainability,0.24046317653954813,num_open_issues,1,0.995,0.127273,0.126636635
GEnView,sustainability,0.24046317653954813,days_since_last_commit,1598,0.0,0.114545,0.0
GEnView,sustainability,0.24046317653954813,inverse_simpson_index,1.975609756097561,0.05134788189987163,0.241818,0.012416842105263157
GEnView,sustainability,0.24046317653954813,has_releases,False,0.0,0.149091,0.0
GEnView,sustainability,0.24046317653954813,has_contribution_guidelines,False,0.0,0.168182,0.0
GEnView,security,0.0,default_branch_protected,False,0.0,0.47669736382597355,0.0
GEnView,security,0.0,has_security_policy,False,0.0,0.2996011877543224,0.0
GEnView,security,0.0,gitignore_present,False,0.0,0.22370144841970407,0.0
GEnView,security,0.0,security_updates,,,0.0,0.0
GEnView,security,0.0,secret_scanning,,,0.0,0.0
GEnView,scientific_impact,0.23674030638734664,fwci,,,0.0,0.0
GEnView,scientific_impact,0.23674030638734664,citation_count,12,0.4836511198071519,0.42010770929155566,0.20318556403847834
GEnView,scientific_impact,0.23674030638734664,star_count,8,0.08,0.32315947255229943,0.025852757804183956
GEnView,scientific_impact,0.23674030638734664,fork_count,3,0.03,0.2567328181561449,0.0077019845446843465
GEnView,scientific_impact,0.23674030638734664,altmetric_score,,,0.0,0.0
Myotube Analyzer,compatibility,0.0,input_formats,,,0.0,0.0
Myotube Analyzer,compatibility,0.0,output_formats,,,0.0,0.0
Myotube Analyzer,compatibility,0.0,has_workflow_support,False,0.0,0.34142426786507973,0.0
Myotube Analyzer,compatibility,0.0,has_distribution_support,False,0.0,0.6585757321349203,0.0
Myotube Analyzer,fairness,1.0,license,,,0.0,0.0
Myotube Analyzer,fairness,1.0,repository,,,0.0,0.0
Myotube Analyzer,fairness,1.0,registry,,,0.0,0.0
Myotube Analyzer,fairness,1.0,citation,,,0.0,0.0
Myotube Analyzer,fairness,1.0,checklist,,,0.0,0.0
Myotube Analyzer,fairness,1.0,publication_open_access,True,1.0,1.0,1.0
Myotube Analyzer,maintainability,1.0,nloc_per_file,0.0,1.0,0.342201,0.342201
Myotube Analyzer,maintainability,1.0,avg_ccn,0.0,1.0,0.324063,0.324063
Myotube Analyzer,maintainability,1.0,duplicate_rate,0.0,1.0,0.333736,0.333736
Myotube Analyzer,sustainability,0.15811613429241023,avg_issue_close_time_days,,,0.0,0.0
Myotube Analyzer,sustainability,0.15811613429241023,num_open_issues,1,0.995,0.15891068773106556,0.15811613429241023
Myotube Analyzer,sustainability,0.15811613429241023,days_since_last_commit,1219,0.0,0.14301874495104935,0.0
Myotube Analyzer,sustainability,0.15811613429241023,inverse_simpson_index,1.0,0.0,0.301929432682115,0.0
Myotube Analyzer,sustainability,0.15811613429241023,has_releases,False,0.0,0.18615223452352264,0.0
Myotube Analyzer,sustainability,0.15811613429241023,has_contribution_guidelines,False,0.0,0.20998890011224747,0.0
Myotube Analyzer,security,0.0,default_branch_protected,False,0.0,0.47669736382597355,0.0
Myotube Analyzer,security,0.0,has_security_policy,False,0.0,0.2996011877543224,0.0
Myotube Analyzer,security,0.0,gitignore_present,False,0.0,0.22370144841970407,0.0
Myotube Analyzer,security,0.0,security_updates,,,0.0,0.0
Myotube Analyzer,security,0.0,secret_scanning,,,0.0,0.0
Myotube Analyzer,scientific_impact,0.29893696983504514,fwci,,,0.0,0.0
Myotube Analyzer,scientific_impact,0.29893696983504514,citation_count,32,0.6593072851898583,0.42010770929155566,0.27698007330034574
Myotube Analyzer,scientific_impact,0.29893696983504514,star_count,6,0.06,0.32315947255229943,0.019389568353137966
Myotube Analyzer,scientific_impact,0.29893696983504514,fork_count,1,0.01,0.2567328181561449,0.0025673281815614493
Myotube Analyzer,scientific_impact,0.29893696983504514,altmetric_score,,,0.0,0.0
PhyloFisher,compatibility,0.0,input_formats,,,0.0,0.0
PhyloFisher,compatibility,0.0,output_formats,,,0.0,0.0
PhyloFisher,compatibility,0.0,has_workflow_support,False,0.0,0.34142426786507973,0.0
PhyloFisher,compatibility,0.0,has_distribution_support,False,0.0,0.6585757321349203,0.0
PhyloFisher,fairness,1.0,license,,,0.0,0.0
PhyloFisher,fairness,1.0,repository,,,0.0,0.0
PhyloFisher,fairness,1.0,registry,,,0.0,0.0
PhyloFisher,fairness,1.0,citation,,,0.0,0.0
PhyloFisher,fairness,1.0,checklist,,,0.0,0.0
PhyloFisher,fairness,1.0,publication_open_access,True,1.0,1.0,1.0
PhyloFisher,maintainability,0.80261145644,nloc_per_file,94.76,0.90524,0.342201,0.30977403323999997
PhyloFisher,maintainability,0.80261145644,avg_ccn,4.04,0.6622222222222223,0.324063,0.21460172
PhyloFisher,maintainability,0.80261145644,duplicate_rate,16.63,0.8337,0.333736,0.27823570319999996
PhyloFisher,sustainability,0.2571545448444253,avg_issue_close_time_days,34.93121396750524,0.6118754003610529,0.199091,0.12181888533328238
PhyloFisher,sustainability,0.2571545448444253,num_open_issues,7,0.965,0.127273,0.122818445
PhyloFisher,sustainability,0.2571545448444253,days_since_last_commit,230,0.0,0.114545,0.0
PhyloFisher,sustainability,0.2571545448444253,inverse_simpson_index,1.9834961653463141,0.05176295607085864,0.241818,0.012517214511142894
PhyloFisher,sustainability,0.2571545448444253,has_releases,False,0.0,0.149091,0.0
PhyloFisher,sustainability,0.2571545448444253,has_contribution_guidelines,False,0.0,0.168182,0.0
PhyloFisher,security,0.47669736382597355,default_branch_protected,True,1.0,0.47669736382597355,0.47669736382597355
PhyloFisher,security,0.47669736382597355,has_security_policy,False,0.0,0.2996011877543224,0.0
PhyloFisher,security,0.47669736382597355,gitignore_present,False,0.0,0.22370144841970407,0.0
PhyloFisher,security,0.47669736382597355,security_updates,,,0.0,0.0
PhyloFisher,security,0.47669736382597355,secret_scanning,,,0.0,0.0
PhyloFisher,scientific_impact,0.5070395720923256,fwci,,,0.0,0.0
PhyloFisher,scientific_impact,0.5070395720923256,citation_count,85,0.8399191397584053,0.42010770929155566,0.35285650579403766
PhyloFisher,scientific_impact,0.5070395720923256,star_count,35,0.35,0.32315947255229943,0.11310581539330479
PhyloFisher,scientific_impact,0.5070395720923256,fork_count,16,0.16,0.2567328181561449,0.04107725090498319
PhyloFisher,scientific_impact,0.5070395720923256,altmetric_score,,,0.0,0.0
ForSys,compatibility,0.0,input_formats,,,0.0,0.0
ForSys,compatibility,0.0,output_formats,,,0.0,0.0
ForSys,compatibility,0.0,has_workflow_support,False,0.0,0.34142426786507973,0.0
ForSys,compatibility,0.0,has_distribution_support,False,0.0,0.6585757321349203,0.0
ForSys,fairness,1.0,license,,,0.0,0.0
ForSys,fairness,1.0,repository,,,0.0,0.0
ForSys,fairness,1.0,registry,,,0.0,0.0
ForSys,fairness,1.0,citation,,,0.0,0.0
ForSys,fairness,1.0,checklist,,,0.0,0.0
ForSys,fairness,1.0,publication_open_access,True,1.0,1.0,1.0
ForSys,maintainability,0.81258306765,nloc_per_file,115.15,0.88485,0.342201,0.30279655485
ForSys,maintainability,0.81258306765,avg_ccn,4.46,0.6155555555555556,0.324063,0.19947878000000002
ForSys,maintainability,0.81258306765,duplicate_rate,7.02,0.9298,0.333736,0.31030773279999996
ForSys,sustainability,0.12120222744044597,avg_issue_close_time_days,309.7778125,0.0,0.199091,0.0
ForSys,sustainability,0.12120222744044597,num_open_issues,14,0.9299999999999999,0.127273,0.11836388999999999
ForSys,sustainability,0.12120222744044597,days_since_last_commit,240,0.0,0.114545,0.0
ForSys,sustainability,0.12120222744044597,inverse_simpson_index,1.223012395142106,0.01173749448116347,0.241818,0.002838337440445988
ForSys,sustainability,0.12120222744044597,has_releases,False,0.0,0.149091,0.0
ForSys,sustainability,0.12120222744044597,has_contribution_guidelines,False,0.0,0.168182,0.0
ForSys,security,0.47669736382597355,default_branch_protected,True,1.0,0.47669736382597355,0.47669736382597355
ForSys,security,0.47669736382597355,has_security_policy,False,0.0,0.2996011877543224,0.0
ForSys,security,0.47669736382597355,gitignore_present,False,0.0,0.22370144841970407,0.0
ForSys,security,0.47669736382597355,security_updates,,,0.0,0.0
ForSys,security,0.47669736382597355,secret_scanning,,,0.0,0.0
ForSys,scientific_impact,0.1238142375993165,fwci,,,0.0,0.0
ForSys,scientific_impact,0.1238142375993165,citation_count,2,0.2071561616226558,0.42010770929155566,0.0870279005249252
ForSys,scientific_impact,0.1238142375993165,star_count,9,0.09,0.32315947255229943,0.02908435252970695
ForSys,scientific_impact,0.1238142375993165,fork_count,3,0.03,0.2567328181561449,0.0077019845446843465
ForSys,scientific_impact,0.1238142375993165,altmetric_score,,,0.0,0.0
CONCOMPRA,compatibility,0.0,input_formats,,,0.0,0.0
CONCOMPRA,compatibility,0.0,output_formats,,,0.0,0.0
CONCOMPRA,compatibility,0.0,has_workflow_support,False,0.0,0.34142426786507973,0.0
CONCOMPRA,compatibility,0.0,has_distribution_support,False,0.0,0.6585757321349203,0.0
CONCOMPRA,fairness,1.0,license,,,0.0,0.0
CONCOMPRA,fairness,1.0,repository,,,0.0,0.0
CONCOMPRA,fairness,1.0,registry,,,0.0,0.0
CONCOMPRA,fairness,1.0,citation,,,0.0,0.0
CONCOMPRA,fairness,1.0,checklist,,,0.0,0.0
CONCOMPRA,fairness,1.0,publication_open_access,True,1.0,1.0,1.0
CONCOMPRA,maintainability,0.9193454247499999,nloc_per_file,25.25,0.97475,0.342201,0.33356042475
CONCOMPRA,maintainability,0.9193454247499999,avg_ccn,3.0,0.7777777777777778,0.324063,0.252049
CONCOMPRA,maintainability,0.9193454247499999,duplicate_rate,0.0,1.0,0.333736,0.333736
CONCOMPRA,sustainability,0.27746621322973253,avg_issue_close_time_days,21.241453703703705,0.7639838477366255,0.199091,0.1521023082297325
CONCOMPRA,sustainability,0.27746621322973253,num_open_issues,3,0.985,0.127273,0.125363905
CONCOMPRA,sustainability,0.27746621322973253,days_since_last_commit,724,0.0,0.114545,0.0
CONCOMPRA,sustainability,0.27746621322973253,inverse_simpson_index,1.0,0.0,0.241818,0.0
CONCOMPRA,sustainability,0.27746621322973253,has_releases,False,0.0,0.149091,0.0
CONCOMPRA,sustainability,0.27746621322973253,has_contribution_guidelines,False,0.0,0.168182,0.0
CONCOMPRA,security,0.0,default_branch_protected,False,0.0,0.47669736382597355,0.0
CONCOMPRA,security,0.0,has_security_policy,False,0.0,0.2996011877543224,0.0
CONCOMPRA,security,0.0,gitignore_present,False,0.0,0.22370144841970407,0.0
CONCOMPRA,security,0.0,security_updates,,,0.0,0.0
CONCOMPRA,security,0.0,secret_scanning,,,0.0,0.0
CONCOMPRA,scientific_impact,0.19620923614688693,fwci,,,0.0,0.0
CONCOMPRA,scientific_impact,0.19620923614688693,citation_count,5,0.337857147626047,0.42010770929155566,0.14193639235695757
CONCOMPRA,scientific_impact,0.19620923614688693,star_count,16,0.16,0.32315947255229943,0.05170551560836791
CONCOMPRA,scientific_impact,0.19620923614688693,fork_count,1,0.01,0.2567328181561449,0.0025673281815614493
CONCOMPRA,scientific_impact,0.19620923614688693,altmetric_score,,,0.0,0.0
CyCadas,compatibility,0.0,input_formats,,,0.0,0.0
CyCadas,compatibility,0.0,output_formats,,,0.0,0.0
CyCadas,compatibility,0.0,has_workflow_support,False,0.0,0.34142426786507973,0.0
CyCadas,compatibility,0.0,has_distribution_support,False,0.0,0.6585757321349203,0.0
CyCadas,fairness,1.0,license,,,0.0,0.0
CyCadas,fairness,1.0,repository,,,0.0,0.0
CyCadas,fairness,1.0,registry,,,0.0,0.0
CyCadas,fairness,1.0,citation,,,0.0,0.0
CyCadas,fairness,1.0,checklist,,,0.0,0.0
CyCadas,fairness,1.0,publication_open_access,True,1.0,1.0,1.0
CyCadas,maintainability,0.8576661163999999,nloc_per_file,190.8,0.8091999999999999,0.342201,0.2769090492
CyCadas,maintainability,0.8576661163999999,avg_ccn,2.4,0.8444444444444444,0.324063,0.2736532
CyCadas,maintainability,0.8576661163999999,duplicate_rate,7.98,0.9202,0.333736,0.3071038672
CyCadas,sustainability,0.22411920535848254,avg_issue_close_time_days,44.93021173747277,0.5007754251391915,0.199091,0.09969988016638677
CyCadas,sustainability,0.22411920535848254,num_open_issues,6,0.97,0.127273,0.12345481
CyCadas,sustainability,0.22411920535848254,days_since_last_commit,276,0.0,0.114545,0.0
CyCadas,sustainability,0.22411920535848254,inverse_simpson_index,1.075783393501805,0.003988599657989741,0.241818,0.0009645151920957631
CyCadas,sustainability,0.22411920535848254,has_releases,False,0.0,0.149091,0.0
CyCadas,sustainability,0.22411920535848254,has_contribution_guidelines,False,0.0,0.168182,0.0
CyCadas,security,0.47669736382597355,default_branch_protected,True,1.0,0.47669736382597355,0.47669736382597355
CyCadas,security,0.47669736382597355,has_security_policy,False,0.0,0.2996011877543224,0.0
CyCadas,security,0.47669736382597355,gitignore_present,False,0.0,0.22370144841970407,0.0
CyCadas,security,0.47669736382597355,security_updates,,,0.0,0.0
CyCadas,security,0.47669736382597355,secret_scanning,,,0.0,0.0
CyCadas,scientific_impact,0.0953941516135711,fwci,,,0.0,0.0
CyCadas,scientific_impact,0.0953941516135711,citation_count,2,0.2071561616226558,0.42010770929155566,0.0870279005249252
CyCadas,scientific_impact,0.0953941516135711,star_count,1,0.01,0.32315947255229943,0.0032315947255229945
CyCadas,scientific_impact,0.0953941516135711,fork_count,2,0.02,0.2567328181561449,0.0051346563631228985
CyCadas,scientific_impact,0.0953941516135711,altmetric_score,,,0.0,0.0
MiFoDB,compatibility,0.0,input_formats,,,0.0,0.0
MiFoDB,compatibility,0.0,output_formats,,,0.0,0.0
MiFoDB,compatibility,0.0,has_workflow_support,False,0.0,0.34142426786507973,0.0
MiFoDB,compatibility,0.0,has_distribution_support,False,0.0,0.6585757321349203,0.0
MiFoDB,fairness,1.0,license,,,0.0,0.0
MiFoDB,fairness,1.0,repository,,,0.0,0.0
MiFoDB,fairness,1.0,registry,,,0.0,0.0
MiFoDB,fairness,1.0,citation,,,0.0,0.0
MiFoDB,fairness,1.0,checklist,,,0.0,0.0
MiFoDB,fairness,1.0,publication_open_access,True,1.0,1.0,1.0
MiFoDB,maintainability,1.0,nloc_per_file,0.0,1.0,0.342201,0.342201
MiFoDB,maintainability,1.0,avg_ccn,0.0,1.0,0.324063,0.324063
MiFoDB,maintainability,1.0,duplicate_rate,0.0,1.0,0.333736,0.333736
MiFoDB,sustainability,0.15811613429241023,avg_issue_close_time_days,,,0.0,0.0
MiFoDB,sustainability,0.15811613429241023,num_open_issues,1,0.995,0.15891068773106556,0.15811613429241023
MiFoDB,sustainability,0.15811613429241023,days_since_last_commit,647,0.0,0.14301874495104935,0.0
MiFoDB,sustainability,0.15811613429241023,inverse_simpson_index,1.0,0.0,0.301929432682115,0.0
MiFoDB,sustainability,0.15811613429241023,has_releases,False,0.0,0.18615223452352264,0.0
MiFoDB,sustainability,0.15811613429241023,has_contribution_guidelines,False,0.0,0.20998890011224747,0.0
MiFoDB,security,0.0,default_branch_protected,False,0.0,0.47669736382597355,0.0
MiFoDB,security,0.0,has_security_policy,False,0.0,0.2996011877543224,0.0
MiFoDB,security,0.0,gitignore_present,False,0.0,0.22370144841970407,0.0
MiFoDB,security,0.0,security_updates,,,0.0,0.0
MiFoDB,security,0.0,secret_scanning,,,0.0,0.0
MiFoDB,scientific_impact,0.09349108997597119,fwci,,,0.0,0.0
MiFoDB,scientific_impact,0.09349108997597119,citation_count,2,0.2071561616226558,0.42010770929155566,0.0870279005249252
MiFoDB,scientific_impact,0.09349108997597119,star_count,2,0.02,0.32315947255229943,0.006463189451045989
MiFoDB,scientific_impact,0.09349108997597119,fork_count,0,0.0,0.2567328181561449,0.0
MiFoDB,scientific_impact,0.09349108997597119,altmetric_score,,,0.0,0.0
Introducing ActiveInference.jl,compatibility,0.0,input_formats,,,0.0,0.0
Introducing ActiveInference.jl,compatibility,0.0,output_formats,,,0.0,0.0
Introducing ActiveInference.jl,compatibility,0.0,has_workflow_support,False,0.0,0.34142426786507973,0.0
Introducing ActiveInference.jl,compatibility,0.0,has_distribution_support,False,0.0,0.6585757321349203,0.0
Introducing ActiveInference.jl,fairness,1.0,license,,,0.0,0.0
Introducing ActiveInference.jl,fairness,1.0,repository,,,0.0,0.0
Introducing ActiveInference.jl,fairness,1.0,registry,,,0.0,0.0
Introducing ActiveInference.jl,fairness,1.0,citation,,,0.0,0.0
Introducing ActiveInference.jl,fairness,1.0,checklist,,,0.0,0.0
Introducing ActiveInference.jl,fairness,1.0,publication_open_access,True,1.0,1.0,1.0
Introducing ActiveInference.jl,maintainability,0.8008017439999999,nloc_per_file,56.0,0.944,0.342201,0.32303774399999996
Introducing ActiveInference.jl,maintainability,0.8008017439999999,avg_ccn,6.0,0.4444444444444444,0.324063,0.144028
Introducing ActiveInference.jl,maintainability,0.8008017439999999,duplicate_rate,0.0,1.0,0.333736,0.333736
Introducing ActiveInference.jl,sustainability,0.20881635483426855,avg_issue_close_time_days,55.844610339506175,0.3795043295610425,0.199091,0.07555589647663752
Introducing ActiveInference.jl,sustainability,0.20881635483426855,num_open_issues,14,0.9299999999999999,0.127273,0.11836388999999999
Introducing ActiveInference.jl,sustainability,0.20881635483426855,days_since_last_commit,304,0.0,0.114545,0.0
Introducing ActiveInference.jl,sustainability,0.20881635483426855,inverse_simpson_index,2.170445536705248,0.061602396668697275,0.241818,0.014896568357631038
Introducing ActiveInference.jl,sustainability,0.20881635483426855,has_releases,False,0.0,0.149091,0.0
Introducing ActiveInference.jl,sustainability,0.20881635483426855,has_contribution_guidelines,False,0.0,0.168182,0.0
Introducing ActiveInference.jl,security,0.47669736382597355,default_branch_protected,True,1.0,0.47669736382597355,0.47669736382597355
Introducing ActiveInference.jl,security,0.47669736382597355,has_security_policy,False,0.0,0.2996011877543224,0.0
Introducing ActiveInference.jl,security,0.47669736382597355,gitignore_present,False,0.0,0.22370144841970407,0.0
Introducing ActiveInference.jl,security,0.47669736382597355,security_updates,,,0.0,0.0
Introducing ActiveInference.jl,security,0.47669736382597355,secret_scanning,,,0.0,0.0
Introducing ActiveInference.jl,scientific_impact,0.22523246918416767,fwci,,,0.0,0.0
Introducing ActiveInference.jl,scientific_impact,0.22523246918416767,citation_count,2,0.2071561616226558,0.42010770929155566,0.0870279005249252
Introducing ActiveInference.jl,scientific_impact,0.22523246918416767,star_count,38,0.38,0.32315947255229943,0.12280059956987378
Introducing ActiveInference.jl,scientific_impact,0.22523246918416767,fork_count,6,0.06,0.2567328181561449,0.015403969089368693
Introducing ActiveInference.jl,scientific_impact,0.22523246918416767,altmetric_score,,,0.0,0.0
SNPeffect,compatibility,0.0,input_formats,,,0.0,0.0
SNPeffect,compatibility,0.0,output_formats,,,0.0,0.0
SNPeffect,compatibility,0.0,has_workflow_support,False,0.0,0.34142426786507973,0.0
SNPeffect,compatibility,0.0,has_distribution_support,False,0.0,0.6585757321349203,0.0
SNPeffect,fairness,1.0,license,,,0.0,0.0
SNPeffect,fairness,1.0,repository,,,0.0,0.0
SNPeffect,fairness,1.0,registry,,,0.0,0.0
SNPeffect,fairness,1.0,citation,,,0.0,0.0
SNPeffect,fairness,1.0,checklist,,,0.0,0.0
SNPeffect,fairness,1.0,publication_open_access,True,1.0,1.0,1.0
SNPeffect,maintainability,0.8457201512099999,nloc_per_file,5.19,0.99481,0.342201,0.34042497680999995
SNPeffect,maintainability,0.8457201512099999,avg_ccn,3.2,0.7555555555555555,0.324063,0.2448476
SNPeffect,maintainability,0.8457201512099999,duplicate_rate,21.96,0.7804,0.333736,0.2604475744
SNPeffect,sustainability,0.1672983181929903,avg_issue_close_time_days,,,0.0,0.0
SNPeffect,sustainability,0.1672983181929903,num_open_issues,0,1.0,0.15891068773106556,0.15891068773106556
SNPeffect,sustainability,0.1672983181929903,days_since_last_commit,1292,0.0,0.14301874495104935,0.0
SNPeffect,sustainability,0.1672983181929903,inverse_simpson_index,1.527821939586646,0.02778010208350768,0.301929432682115,0.008387630461924714
SNPeffect,sustainability,0.1672983181929903,has_releases,False,0.0,0.18615223452352264,0.0
SNPeffect,sustainability,0.1672983181929903,has_contribution_guidelines,False,0.0,0.20998890011224747,0.0
SNPeffect,security,0.0,default_branch_protected,False,0.0,0.47669736382597355,0.0
SNPeffect,security,0.0,has_security_policy,False,0.0,0.2996011877543224,0.0
SNPeffect,security,0.0,gitignore_present,False,0.0,0.22370144841970407,0.0
SNPeffect,security,0.0,security_updates,,,0.0,0.0
SNPeffect,security,0.0,secret_scanning,,,0.0,0.0
SNPeffect,scientific_impact,0.1227433625661567,fwci,,,0.0,0.0
SNPeffect,scientific_impact,0.1227433625661567,citation_count,3,0.26140197200678245,0.42010770929155566,0.10981698366406473
SNPeffect,scientific_impact,0.1227433625661567,star_count,4,0.04,0.32315947255229943,0.012926378902091978
SNPeffect,scientific_impact,0.1227433625661567,fork_count,0,0.0,0.2567328181561449,0.0
SNPeffect,scientific_impact,0.1227433625661567,altmetric_score,,,0.0,0.0
parallelproj,compatibility,0.0,input_formats,,,0.0,0.0
parallelproj,compatibility,0.0,output_formats,,,0.0,0.0
parallelproj,compatibility,0.0,has_workflow_support,False,0.0,0.34142426786507973,0.0
parallelproj,compatibility,0.0,has_distribution_support,False,0.0,0.6585757321349203,0.0
parallelproj,fairness,1.0,license,,,0.0,0.0
parallelproj,fairness,1.0,repository,,,0.0,0.0
parallelproj,fairness,1.0,registry,,,0.0,0.0
parallelproj,fairness,1.0,citation,,,0.0,0.0
parallelproj,fairness,1.0,checklist,,,0.0,0.0
parallelproj,fairness,1.0,publication_open_access,True,1.0,1.0,1.0
parallelproj,maintainability,0.79053017193,nloc_per_file,100.07,0.89993,0.342201,0.30795694593
parallelproj,maintainability,0.79053017193,avg_ccn,3.35,0.7388888888888889,0.324063,0.23944655
parallelproj,maintainability,0.79053017193,duplicate_rate,27.15,0.7285,0.333736,0.24312667599999999
parallelproj,sustainability,0.13428668681517777,avg_issue_close_time_days,86.36855636886887,0.04034937367923486,0.199091,0.008033197155172547
parallelproj,sustainability,0.13428668681517777,num_open_issues,2,0.99,0.127273,0.12600027
parallelproj,sustainability,0.13428668681517777,days_since_last_commit,191,0.0,0.114545,0.0
parallelproj,sustainability,0.13428668681517777,inverse_simpson_index,1.0198958453882652,0.0010471497572771139,0.241818,0.00025321966000523715
parallelproj,sustainability,0.13428668681517777,has_releases,False,0.0,0.149091,0.0
parallelproj,sustainability,0.13428668681517777,has_contribution_guidelines,False,0.0,0.168182,0.0
parallelproj,security,0.47669736382597355,default_branch_protected,True,1.0,0.47669736382597355,0.47669736382597355
parallelproj,security,0.47669736382597355,has_security_policy,False,0.0,0.2996011877543224,0.0
parallelproj,security,0.47669736382597355,gitignore_present,False,0.0,0.22370144841970407,0.0
parallelproj,security,0.47669736382597355,security_updates,,,0.0,0.0
parallelproj,security,0.47669736382597355,secret_scanning,,,0.0,0.0
parallelproj,scientific_impact,0.40467538581985835,fwci,,,0.0,0.0
parallelproj,scientific_impact,0.40467538581985835,citation_count,13,0.4976250423777937,0.42010770929155566,0.20905611663944823
parallelproj,scientific_impact,0.40467538581985835,star_count,51,0.51,0.32315947255229943,0.16481133100167272
parallelproj,scientific_impact,0.40467538581985835,fork_count,12,0.12,0.2567328181561449,0.030807938178737386
parallelproj,scientific_impact,0.40467538581985835,altmetric_score,,,0.0,0.0
SOAPTyping,compatibility,0.0,input_formats,,,0.0,0.0
SOAPTyping,compatibility,0.0,output_formats,,,0.0,0.0
SOAPTyping,compatibility,0.0,has_workflow_support,False,0.0,0.34142426786507973,0.0
SOAPTyping,compatibility,0.0,has_distribution_support,False,0.0,0.6585757321349203,0.0
SOAPTyping,fairness,1.0,license,,,0.0,0.0
SOAPTyping,fairness,1.0,repository,,,0.0,0.0
SOAPTyping,fairness,1.0,registry,,,0.0,0.0
SOAPTyping,fairness,1.0,citation,,,0.0,0.0
SOAPTyping,fairness,1.0,checklist,,,0.0,0.0
SOAPTyping,fairness,1.0,publication_open_access,True,1.0,1.0,1.0
SOAPTyping,maintainability,0.83107613925,nloc_per_file,193.95,0.80605,0.342201,0.27583111605
SOAPTyping,maintainability,0.83107613925,avg_ccn,3.28,0.7466666666666667,0.324063,0.24196704
SOAPTyping,maintainability,0.83107613925,duplicate_rate,6.13,0.9387,0.333736,0.3132779832
SOAPTyping,sustainability,0.1707946668428174,avg_issue_close_time_days,,,0.0,0.0
SOAPTyping,sustainability,0.1707946668428174,num_open_issues,4,0.98,0.15891068773106556,0.15573247397644424
SOAPTyping,sustainability,0.1707946668428174,days_since_last_commit,1266,0.0,0.14301874495104935,0.0
SOAPTyping,sustainability,0.1707946668428174,inverse_simpson_index,1.9478428847392144,0.04988646761785339,0.301929432682115,0.015062192866373173
SOAPTyping,sustainability,0.1707946668428174,has_releases,False,0.0,0.18615223452352264,0.0
SOAPTyping,sustainability,0.1707946668428174,has_contribution_guidelines,False,0.0,0.20998890011224747,0.0
SOAPTyping,security,0.0,default_branch_protected,False,0.0,0.47669736382597355,0.0
SOAPTyping,security,0.0,has_security_policy,False,0.0,0.2996011877543224,0.0
SOAPTyping,security,0.0,gitignore_present,False,0.0,0.22370144841970407,0.0
SOAPTyping,security,0.0,security_updates,,,0.0,0.0
SOAPTyping,security,0.0,secret_scanning,,,0.0,0.0
SOAPTyping,scientific_impact,0.26177365872058866,fwci,,,0.0,0.0
SOAPTyping,scientific_impact,0.26177365872058866,citation_count,9,0.4341792774341453,0.42010770929155566,0.18240206166472162
SOAPTyping,scientific_impact,0.26177365872058866,star_count,19,0.19,0.32315947255229943,0.06140029978493689
SOAPTyping,scientific_impact,0.26177365872058866,fork_count,7,0.07,0.2567328181561449,0.017971297270930144
SOAPTyping,scientific_impact,0.26177365872058866,altmetric_score,,,0.0,0.0
MS2Tox,compatibility,0.0,input_formats,,,0.0,0.0
MS2Tox,compatibility,0.0,output_formats,,,0.0,0.0
MS2Tox,compatibility,0.0,has_workflow_support,False,0.0,0.34142426786507973,0.0
MS2Tox,compatibility,0.0,has_distribution_support,False,0.0,0.6585757321349203,0.0
MS2Tox,fairness,1.0,license,,,0.0,0.0
MS2Tox,fairness,1.0,repository,,,0.0,0.0
MS2Tox,fairness,1.0,registry,,,0.0,0.0
MS2Tox,fairness,1.0,citation,,,0.0,0.0
MS2Tox,fairness,1.0,checklist,,,0.0,0.0
MS2Tox,fairness,1.0,publication_open_access,True,1.0,1.0,1.0
MS2Tox,maintainability,0.7595984360999999,nloc_per_file,19.5,0.9805,0.342201,0.3355280805
MS2Tox,maintainability,0.7595984360999999,avg_ccn,2.83,0.7966666666666666,0.324063,0.25817018999999997
MS2Tox,maintainability,0.7595984360999999,duplicate_rate,50.29,0.4971,0.333736,0.16590016559999998
MS2Tox,sustainability,0.16646239165887328,avg_issue_close_time_days,,,0.0,0.0
MS2Tox,sustainability,0.16646239165887328,num_open_issues,5,0.975,0.15891068773106556,0.15493792053778893
MS2Tox,sustainability,0.16646239165887328,days_since_last_commit,259,0.0,0.14301874495104935,0.0
MS2Tox,sustainability,0.16646239165887328,inverse_simpson_index,1.7252189670794322,0.038169419319970116,0.301929432682115,0.011524471121084335
MS2Tox,sustainability,0.16646239165887328,has_releases,False,0.0,0.18615223452352264,0.0
MS2Tox,sustainability,0.16646239165887328,has_contribution_guidelines,False,0.0,0.20998890011224747,0.0
MS2Tox,security,0.0,default_branch_protected,False,0.0,0.47669736382597355,0.0
MS2Tox,security,0.0,has_security_policy,False,0.0,0.2996011877543224,0.0
MS2Tox,security,0.0,gitignore_present,False,0.0,0.22370144841970407,0.0
MS2Tox,security,0.0,security_updates,,,0.0,0.0
MS2Tox,security,0.0,secret_scanning,,,0.0,0.0
MS2Tox,scientific_impact,0.3789060089139142,fwci,,,0.0,0.0
MS2Tox,scientific_impact,0.3789060089139142,citation_count,47,0.7299601056362207,0.42010770929155566,0.30666186785305466
MS2Tox,scientific_impact,0.3789060089139142,star_count,16,0.16,0.32315947255229943,0.05170551560836791
MS2Tox,scientific_impact,0.3789060089139142,fork_count,8,0.08,0.2567328181561449,0.020538625452491594
MS2Tox,scientific_impact,0.3789060089139142,altmetric_score,,,0.0,0.0
RADSex,compatibility,0.0,input_formats,,,0.0,0.0
RADSex,compatibility,0.0,output_formats,,,0.0,0.0
RADSex,compatibility,0.0,has_workflow_support,False,0.0,0.34142426786507973,0.0
RADSex,compatibility,0.0,has_distribution_support,False,0.0,0.6585757321349203,0.0
RADSex,fairness,0.0,license,,,0.0,0.0
RADSex,fairness,0.0,repository,,,0.0,0.0
RADSex,fairness,0.0,registry,,,0.0,0.0
RADSex,fairness,0.0,citation,,,0.0,0.0
RADSex,fairness,0.0,checklist,,,0.0,0.0
RADSex,fairness,0.0,publication_open_access,False,0.0,1.0,0.0
RADSex,maintainability,0.8471600835599999,nloc_per_file,75.24,0.92476,0.342201,0.31645379675999996
RADSex,maintainability,0.8471600835599999,avg_ccn,4.31,0.6322222222222222,0.324063,0.20487983
RADSex,maintainability,0.8471600835599999,duplicate_rate,2.37,0.9763,0.333736,0.32582645679999994
RADSex,sustainability,0.13843755899490068,avg_issue_close_time_days,84.66533816425121,0.05927402039720875,0.199091,0.011800923994900686
RADSex,sustainability,0.13843755899490068,num_open_issues,1,0.995,0.127273,0.126636635
RADSex,sustainability,0.13843755899490068,days_since_last_commit,1963,0.0,0.114545,0.0
RADSex,sustainability,0.13843755899490068,inverse_simpson_index,1.0,0.0,0.241818,0.0
RADSex,sustainability,0.13843755899490068,has_releases,False,0.0,0.149091,0.0
RADSex,sustainability,0.13843755899490068,has_contribution_guidelines,False,0.0,0.168182,0.0
RADSex,security,0.0,default_branch_protected,False,0.0,0.47669736382597355,0.0
RADSex,security,0.0,has_security_policy,False,0.0,0.2996011877543224,0.0
RADSex,security,0.0,gitignore_present,False,0.0,0.22370144841970407,0.0
RADSex,security,0.0,security_updates,,,0.0,0.0
RADSex,security,0.0,secret_scanning,,,0.0,0.0
RADSex,scientific_impact,0.35461707457483815,fwci,,,0.0,0.0
RADSex,scientific_impact,0.35461707457483815,citation_count,46,0.7259902397577118,0.42010770929155566,0.3049940965926396
RADSex,scientific_impact,0.35461707457483815,star_count,9,0.09,0.32315947255229943,0.02908435252970695
RADSex,scientific_impact,0.35461707457483815,fork_count,8,0.08,0.2567328181561449,0.020538625452491594
RADSex,scientific_impact,0.35461707457483815,altmetric_score,,,0.0,0.0
UCEasy,compatibility,0.0,input_formats,,,0.0,0.0
UCEasy,compatibility,0.0,output_formats,,,0.0,0.0
UCEasy,compatibility,0.0,has_workflow_support,False,0.0,0.34142426786507973,0.0
UCEasy,compatibility,0.0,has_distribution_support,False,0.0,0.6585757321349203,0.0
UCEasy,fairness,1.0,license,,,0.0,0.0
UCEasy,fairness,1.0,repository,,,0.0,0.0
UCEasy,fairness,1.0,registry,,,0.0,0.0
UCEasy,fairness,1.0,citation,,,0.0,0.0
UCEasy,fairness,1.0,checklist,,,0.0,0.0
UCEasy,fairness,1.0,publication_open_access,True,1.0,1.0,1.0
UCEasy,maintainability,0.9636686141199999,nloc_per_file,39.88,0.96012,0.342201,0.32855402411999995
UCEasy,maintainability,0.9636686141199999,avg_ccn,1.63,0.93,0.324063,0.30137859
UCEasy,maintainability,0.9636686141199999,duplicate_rate,0.0,1.0,0.333736,0.333736
UCEasy,sustainability,0.18356685935194533,avg_issue_close_time_days,71.13581452546296,0.20960206082818933,0.199091,0.04172988389234504
UCEasy,sustainability,0.18356685935194533,num_open_issues,0,1.0,0.127273,0.127273
UCEasy,sustainability,0.18356685935194533,days_since_last_commit,1273,0.0,0.114545,0.0
UCEasy,sustainability,0.18356685935194533,inverse_simpson_index,2.144313217925902,0.06022701146978432,0.241818,0.014563975459600306
UCEasy,sustainability,0.18356685935194533,has_releases,False,0.0,0.149091,0.0
UCEasy,sustainability,0.18356685935194533,has_contribution_guidelines,False,0.0,0.168182,0.0
UCEasy,security,0.0,default_branch_protected,False,0.0,0.47669736382597355,0.0
UCEasy,security,0.0,has_security_policy,False,0.0,0.2996011877543224,0.0
UCEasy,security,0.0,gitignore_present,False,0.0,0.22370144841970407,0.0
UCEasy,security,0.0,security_updates,,,0.0,0.0
UCEasy,security,0.0,secret_scanning,,,0.0,0.0
UCEasy,scientific_impact,0.12638156578087795,fwci,,,0.0,0.0
UCEasy,scientific_impact,0.12638156578087795,citation_count,2,0.2071561616226558,0.42010770929155566,0.0870279005249252
UCEasy,scientific_impact,0.12638156578087795,star_count,9,0.09,0.32315947255229943,0.02908435252970695
UCEasy,scientific_impact,0.12638156578087795,fork_count,4,0.04,0.2567328181561449,0.010269312726245797
UCEasy,scientific_impact,0.12638156578087795,altmetric_score,,,0.0,0.0
OpenPhi,compatibility,0.0,input_formats,,,0.0,0.0
OpenPhi,compatibility,0.0,output_formats,,,0.0,0.0
OpenPhi,compatibility,0.0,has_workflow_support,False,0.0,0.34142426786507973,0.0
OpenPhi,compatibility,0.0,has_distribution_support,False,0.0,0.6585757321349203,0.0
OpenPhi,fairness,1.0,license,,,0.0,0.0
OpenPhi,fairness,1.0,repository,,,0.0,0.0
OpenPhi,fairness,1.0,registry,,,0.0,0.0
OpenPhi,fairness,1.0,citation,,,0.0,0.0
OpenPhi,fairness,1.0,checklist,,,0.0,0.0
OpenPhi,fairness,1.0,publication_open_access,True,1.0,1.0,1.0
OpenPhi,maintainability,0.790059227,nloc_per_file,79.4,0.9206,0.342201,0.31503024059999996
OpenPhi,maintainability,0.790059227,avg_ccn,2.02,0.8866666666666667,0.324063,0.28733586
OpenPhi,maintainability,0.790059227,duplicate_rate,43.76,0.5624,0.333736,0.1876931264
OpenPhi,sustainability,0.22899611220884175,avg_issue_close_time_days,47.87448480324074,0.4680612799639918,0.199091,0.0931867882893111
OpenPhi,sustainability,0.22899611220884175,num_open_issues,1,0.995,0.127273,0.126636635
OpenPhi,sustainability,0.22899611220884175,days_since_last_commit,238,0.0,0.114545,0.0
OpenPhi,sustainability,0.22899611220884175,inverse_simpson_index,1.72071181413742,0.03793220074407474,0.241818,0.009172688919530665
OpenPhi,sustainability,0.22899611220884175,has_releases,False,0.0,0.149091,0.0
OpenPhi,sustainability,0.22899611220884175,has_contribution_guidelines,False,0.0,0.168182,0.0
OpenPhi,security,0.47669736382597355,default_branch_protected,True,1.0,0.47669736382597355,0.47669736382597355
OpenPhi,security,0.47669736382597355,has_security_policy,False,0.0,0.2996011877543224,0.0
OpenPhi,security,0.47669736382597355,gitignore_present,False,0.0,0.22370144841970407,0.0
OpenPhi,security,0.47669736382597355,security_updates,,,0.0,0.0
OpenPhi,security,0.47669736382597355,secret_scanning,,,0.0,0.0
OpenPhi,scientific_impact,0.14878619982342706,fwci,,,0.0,0.0
OpenPhi,scientific_impact,0.14878619982342706,citation_count,4,0.303478291430754,0.42010770929155566,0.1274935698326892
OpenPhi,scientific_impact,0.14878619982342706,star_count,5,0.05,0.32315947255229943,0.016157973627614973
OpenPhi,scientific_impact,0.14878619982342706,fork_count,2,0.02,0.2567328181561449,0.0051346563631228985
OpenPhi,scientific_impact,0.14878619982342706,altmetric_score,,,0.0,0.0
NanoPack2,compatibility,0.0,input_formats,,,0.0,0.0
NanoPack2,compatibility,0.0,output_formats,,,0.0,0.0
NanoPack2,compatibility,0.0,has_workflow_support,False,0.0,0.34142426786507973,0.0
NanoPack2,compatibility,0.0,has_distribution_support,False,0.0,0.6585757321349203,0.0
NanoPack2,fairness,1.0,license,,,0.0,0.0
NanoPack2,fairness,1.0,repository,,,0.0,0.0
NanoPack2,fairness,1.0,registry,,,0.0,0.0
NanoPack2,fairness,1.0,citation,,,0.0,0.0
NanoPack2,fairness,1.0,checklist,,,0.0,0.0
NanoPack2,fairness,1.0,publication_open_access,True,1.0,1.0,1.0
NanoPack2,maintainability,1.0,nloc_per_file,0.0,1.0,0.342201,0.342201
NanoPack2,maintainability,1.0,avg_ccn,0.0,1.0,0.324063,0.324063
NanoPack2,maintainability,1.0,duplicate_rate,0.0,1.0,0.333736,0.333736
NanoPack2,sustainability,0.18712043052623456,avg_issue_close_time_days,62.94569444444444,0.3006033950617284,0.199091,0.05984743052623456
NanoPack2,sustainability,0.18712043052623456,num_open_issues,0,1.0,0.127273,0.127273
NanoPack2,sustainability,0.18712043052623456,days_since_last_commit,1210,0.0,0.114545,0.0
NanoPack2,sustainability,0.18712043052623456,inverse_simpson_index,1.0,0.0,0.241818,0.0
NanoPack2,sustainability,0.18712043052623456,has_releases,False,0.0,0.149091,0.0
NanoPack2,sustainability,0.18712043052623456,has_contribution_guidelines,False,0.0,0.168182,0.0
NanoPack2,security,0.0,default_branch_protected,False,0.0,0.47669736382597355,0.0
NanoPack2,security,0.0,has_security_policy,False,0.0,0.2996011877543224,0.0
NanoPack2,security,0.0,gitignore_present,False,0.0,0.22370144841970407,0.0
NanoPack2,security,0.0,security_updates,,,0.0,0.0
NanoPack2,security,0.0,secret_scanning,,,0.0,0.0
NanoPack2,scientific_impact,0.7894790891119612,fwci,,,0.0,0.0
NanoPack2,scientific_impact,0.7894790891119612,citation_count,488,1.0,0.42010770929155566,0.42010770929155566
NanoPack2,scientific_impact,0.7894790891119612,star_count,283,1.0,0.32315947255229943,0.32315947255229943
NanoPack2,scientific_impact,0.7894790891119612,fork_count,18,0.18,0.2567328181561449,0.04621190726810608
NanoPack2,scientific_impact,0.7894790891119612,altmetric_score,,,0.0,0.0
CoverM,compatibility,0.0,input_formats,,,0.0,0.0
CoverM,compatibility,0.0,output_formats,,,0.0,0.0
CoverM,compatibility,0.0,has_workflow_support,False,0.0,0.34142426786507973,0.0
CoverM,compatibility,0.0,has_distribution_support,False,0.0,0.6585757321349203,0.0
CoverM,fairness,1.0,license,,,0.0,0.0
CoverM,fairness,1.0,repository,,,0.0,0.0
CoverM,fairness,1.0,registry,,,0.0,0.0
CoverM,fairness,1.0,citation,,,0.0,0.0
CoverM,fairness,1.0,checklist,,,0.0,0.0
CoverM,fairness,1.0,publication_open_access,True,1.0,1.0,1.0
CoverM,maintainability,0.64947148315,nloc_per_file,692.05,0.30795000000000006,0.342201,0.10538079795000001
CoverM,maintainability,0.64947148315,avg_ccn,2.89,0.79,0.324063,0.25600977
CoverM,maintainability,0.64947148315,duplicate_rate,13.68,0.8632,0.333736,0.28808091519999995
CoverM,sustainability,0.1346531185596132,avg_issue_close_time_days,67.73705832657475,0.24736601859361385,0.199091,0.04924834800782117
CoverM,sustainability,0.1346531185596132,num_open_issues,69,0.655,0.127273,0.08336381500000001
CoverM,sustainability,0.1346531185596132,days_since_last_commit,192,0.0,0.114545,0.0
CoverM,sustainability,0.1346531185596132,inverse_simpson_index,1.1603609139272029,0.00844004810143173,0.241818,0.002040955551792018
CoverM,sustainability,0.1346531185596132,has_releases,False,0.0,0.149091,0.0
CoverM,sustainability,0.1346531185596132,has_contribution_guidelines,False,0.0,0.168182,0.0
CoverM,security,0.0,default_branch_protected,False,0.0,0.47669736382597355,0.0
CoverM,security,0.0,has_security_policy,False,0.0,0.2996011877543224,0.0
CoverM,security,0.0,gitignore_present,False,0.0,0.22370144841970407,0.0
CoverM,security,0.0,security_updates,,,0.0,0.0
CoverM,security,0.0,secret_scanning,,,0.0,0.0
CoverM,scientific_impact,0.8145915765033804,fwci,,,0.0,0.0
CoverM,scientific_impact,0.8145915765033804,citation_count,153,0.9497761659449963,0.42010770929155566,0.3990082894148688
CoverM,scientific_impact,0.8145915765033804,star_count,391,1.0,0.32315947255229943,0.32315947255229943
CoverM,scientific_impact,0.8145915765033804,fork_count,36,0.36,0.2567328181561449,0.09242381453621216
CoverM,scientific_impact,0.8145915765033804,altmetric_score,,,0.0,0.0
PhaLP,compatibility,0.0,input_formats,,,0.0,0.0
PhaLP,compatibility,0.0,output_formats,,,0.0,0.0
PhaLP,compatibility,0.0,has_workflow_support,False,0.0,0.34142426786507973,0.0
PhaLP,compatibility,0.0,has_distribution_support,False,0.0,0.6585757321349203,0.0
PhaLP,fairness,1.0,license,,,0.0,0.0
PhaLP,fairness,1.0,repository,,,0.0,0.0
PhaLP,fairness,1.0,registry,,,0.0,0.0
PhaLP,fairness,1.0,citation,,,0.0,0.0
PhaLP,fairness,1.0,checklist,,,0.0,0.0
PhaLP,fairness,1.0,publication_open_access,True,1.0,1.0,1.0
PhaLP,maintainability,0.46106535469999993,nloc_per_file,788.5,0.21150000000000002,0.342201,0.0723755115
PhaLP,maintainability,0.46106535469999993,avg_ccn,7.28,0.30222222222222217,0.324063,0.09793903999999998
PhaLP,maintainability,0.46106535469999993,duplicate_rate,12.88,0.8712,0.333736,0.29075080319999996
PhaLP,sustainability,0.22650451357650186,avg_issue_close_time_days,,,0.0,0.0
PhaLP,sustainability,0.22650451357650186,num_open_issues,1,0.995,0.22764272721256468,0.22650451357650186
PhaLP,sustainability,0.22650451357650186,days_since_last_commit,2018,0.0,0.20487720245899146,0.0
PhaLP,sustainability,0.22650451357650186,inverse_simpson_index,,,0.0,0.0
PhaLP,sustainability,0.22650451357650186,has_releases,False,0.0,0.2666667859078397,0.0
PhaLP,sustainability,0.22650451357650186,has_contribution_guidelines,False,0.0,0.3008132844206042,0.0
PhaLP,security,0.0,default_branch_protected,False,0.0,0.47669736382597355,0.0
PhaLP,security,0.0,has_security_policy,False,0.0,0.2996011877543224,0.0
PhaLP,security,0.0,gitignore_present,False,0.0,0.22370144841970407,0.0
PhaLP,security,0.0,security_updates,,,0.0,0.0
PhaLP,security,0.0,secret_scanning,,,0.0,0.0
PhaLP,scientific_impact,0.30247557692153393,fwci,,,0.0,0.0
PhaLP,scientific_impact,0.30247557692153393,citation_count,38,0.6908072814298077,0.42010770929155566,0.2902134645634035
PhaLP,scientific_impact,0.30247557692153393,star_count,3,0.03,0.32315947255229943,0.009694784176568983
PhaLP,scientific_impact,0.30247557692153393,fork_count,1,0.01,0.2567328181561449,0.0025673281815614493
PhaLP,scientific_impact,0.30247557692153393,altmetric_score,,,0.0,0.0
brainageR,compatibility,0.0,input_formats,,,0.0,0.0
brainageR,compatibility,0.0,output_formats,,,0.0,0.0
brainageR,compatibility,0.0,has_workflow_support,False,0.0,0.34142426786507973,0.0
brainageR,compatibility,0.0,has_distribution_support,False,0.0,0.6585757321349203,0.0
brainageR,fairness,1.0,license,,,0.0,0.0
brainageR,fairness,1.0,repository,,,0.0,0.0
brainageR,fairness,1.0,registry,,,0.0,0.0
brainageR,fairness,1.0,citation,,,0.0,0.0
brainageR,fairness,1.0,checklist,,,0.0,0.0
brainageR,fairness,1.0,publication_open_access,True,1.0,1.0,1.0
brainageR,maintainability,0.8526608120999999,nloc_per_file,29.5,0.9705,0.342201,0.33210607049999996
brainageR,maintainability,0.8526608120999999,avg_ccn,2.5,0.8333333333333334,0.324063,0.27005250000000003
brainageR,maintainability,0.8526608120999999,duplicate_rate,24.94,0.7505999999999999,0.333736,0.25050224159999995
brainageR,sustainability,0.11856848839963527,avg_issue_close_time_days,342.9204224537037,0.0,0.199091,0.0
brainageR,sustainability,0.11856848839963527,num_open_issues,15,0.925,0.127273,0.117727525
brainageR,sustainability,0.11856848839963527,days_since_last_commit,996,0.0,0.114545,0.0
brainageR,sustainability,0.11856848839963527,inverse_simpson_index,1.0660757453666398,0.0034776708087705184,0.241818,0.0008409633996352692
brainageR,sustainability,0.11856848839963527,has_releases,False,0.0,0.149091,0.0
brainageR,sustainability,0.11856848839963527,has_contribution_guidelines,False,0.0,0.168182,0.0
brainageR,security,0.0,default_branch_protected,False,0.0,0.47669736382597355,0.0
brainageR,security,0.0,has_security_policy,False,0.0,0.2996011877543224,0.0
brainageR,security,0.0,gitignore_present,False,0.0,0.22370144841970407,0.0
brainageR,security,0.0,security_updates,,,0.0,0.0
brainageR,security,0.0,secret_scanning,,,0.0,0.0
brainageR,scientific_impact,0.7183165220648089,fwci,,,0.0,0.0
brainageR,scientific_impact,0.7183165220648089,citation_count,51,0.7450530918139344,0.42010770929155566,0.3130025477025431
brainageR,scientific_impact,0.7183165220648089,star_count,107,1.0,0.32315947255229943,0.32315947255229943
brainageR,scientific_impact,0.7183165220648089,fork_count,32,0.32,0.2567328181561449,0.08215450180996638
brainageR,scientific_impact,0.7183165220648089,altmetric_score,,,0.0,0.0
IRIDIA-AF,compatibility,0.0,input_formats,,,0.0,0.0
IRIDIA-AF,compatibility,0.0,output_formats,,,0.0,0.0
IRIDIA-AF,compatibility,0.0,has_workflow_support,False,0.0,0.34142426786507973,0.0
IRIDIA-AF,compatibility,0.0,has_distribution_support,False,0.0,0.6585757321349203,0.0
IRIDIA-AF,fairness,1.0,license,,,0.0,0.0
IRIDIA-AF,fairness,1.0,repository,,,0.0,0.0
IRIDIA-AF,fairness,1.0,registry,,,0.0,0.0
IRIDIA-AF,fairness,1.0,citation,,,0.0,0.0
IRIDIA-AF,fairness,1.0,checklist,,,0.0,0.0
IRIDIA-AF,fairness,1.0,publication_open_access,True,1.0,1.0,1.0
IRIDIA-AF,maintainability,0.92464262888,nloc_per_file,57.12,0.94288,0.342201,0.32265447888
IRIDIA-AF,maintainability,0.92464262888,avg_ccn,2.55,0.8277777777777778,0.324063,0.26825215
IRIDIA-AF,maintainability,0.92464262888,duplicate_rate,0.0,1.0,0.333736,0.333736
IRIDIA-AF,sustainability,0.32629265649800665,avg_issue_close_time_days,0.03225115740740741,0.9996416538065843,0.199091,0.19901965649800668
IRIDIA-AF,sustainability,0.32629265649800665,num_open_issues,0,1.0,0.127273,0.127273
IRIDIA-AF,sustainability,0.32629265649800665,days_since_last_commit,713,0.0,0.114545,0.0
IRIDIA-AF,sustainability,0.32629265649800665,inverse_simpson_index,1.0,0.0,0.241818,0.0
IRIDIA-AF,sustainability,0.32629265649800665,has_releases,False,0.0,0.149091,0.0
IRIDIA-AF,sustainability,0.32629265649800665,has_contribution_guidelines,False,0.0,0.168182,0.0
IRIDIA-AF,security,0.47669736382597355,default_branch_protected,True,1.0,0.47669736382597355,0.47669736382597355
IRIDIA-AF,security,0.47669736382597355,has_security_policy,False,0.0,0.2996011877543224,0.0
IRIDIA-AF,security,0.47669736382597355,gitignore_present,False,0.0,0.22370144841970407,0.0
IRIDIA-AF,security,0.47669736382597355,security_updates,,,0.0,0.0
IRIDIA-AF,security,0.47669736382597355,secret_scanning,,,0.0,0.0
IRIDIA-AF,scientific_impact,0.19482982315129166,fwci,,,0.0,0.0
IRIDIA-AF,scientific_impact,0.19482982315129166,citation_count,6,0.3669240563744024,0.42010770929155566,0.1541476248074158
IRIDIA-AF,scientific_impact,0.19482982315129166,star_count,11,0.11,0.32315947255229943,0.03554754198075294
IRIDIA-AF,scientific_impact,0.19482982315129166,fork_count,2,0.02,0.2567328181561449,0.0051346563631228985
IRIDIA-AF,scientific_impact,0.19482982315129166,altmetric_score,,,0.0,0.0
SBMLtoOdin,compatibility,0.0,input_formats,,,0.0,0.0
SBMLtoOdin,compatibility,0.0,output_formats,,,0.0,0.0
SBMLtoOdin,compatibility,0.0,has_workflow_support,False,0.0,0.34142426786507973,0.0
SBMLtoOdin,compatibility,0.0,has_distribution_support,False,0.0,0.6585757321349203,0.0
SBMLtoOdin,fairness,1.0,license,,,0.0,0.0
SBMLtoOdin,fairness,1.0,repository,,,0.0,0.0
SBMLtoOdin,fairness,1.0,registry,,,0.0,0.0
SBMLtoOdin,fairness,1.0,citation,,,0.0,0.0
SBMLtoOdin,fairness,1.0,checklist,,,0.0,0.0
SBMLtoOdin,fairness,1.0,publication_open_access,True,1.0,1.0,1.0
SBMLtoOdin,maintainability,0.6137024199,nloc_per_file,142.5,0.8575,0.342201,0.2934373575
SBMLtoOdin,maintainability,0.6137024199,avg_ccn,9.78,0.02444444444444449,0.324063,0.007921540000000015
SBMLtoOdin,maintainability,0.6137024199,duplicate_rate,6.41,0.9359,0.333736,0.31234352239999996
SBMLtoOdin,sustainability,0.15891068773106556,avg_issue_close_time_days,,,0.0,0.0
SBMLtoOdin,sustainability,0.15891068773106556,num_open_issues,0,1.0,0.15891068773106556,0.15891068773106556
SBMLtoOdin,sustainability,0.15891068773106556,days_since_last_commit,461,0.0,0.14301874495104935,0.0
SBMLtoOdin,sustainability,0.15891068773106556,inverse_simpson_index,1.0,0.0,0.301929432682115,0.0
SBMLtoOdin,sustainability,0.15891068773106556,has_releases,False,0.0,0.18615223452352264,0.0
SBMLtoOdin,sustainability,0.15891068773106556,has_contribution_guidelines,False,0.0,0.20998890011224747,0.0
SBMLtoOdin,security,0.0,default_branch_protected,False,0.0,0.47669736382597355,0.0
SBMLtoOdin,security,0.0,has_security_policy,False,0.0,0.2996011877543224,0.0
SBMLtoOdin,security,0.0,gitignore_present,False,0.0,0.22370144841970407,0.0
SBMLtoOdin,security,0.0,security_updates,,,0.0,0.0
SBMLtoOdin,security,0.0,secret_scanning,,,0.0,0.0
SBMLtoOdin,scientific_impact,0.009694784176568983,fwci,,,0.0,0.0
SBMLtoOdin,scientific_impact,0.009694784176568983,citation_count,0,0.0,0.42010770929155566,0.0
SBMLtoOdin,scientific_impact,0.009694784176568983,star_count,3,0.03,0.32315947255229943,0.009694784176568983
SBMLtoOdin,scientific_impact,0.009694784176568983,fork_count,0,0.0,0.2567328181561449,0.0
SBMLtoOdin,scientific_impact,0.009694784176568983,altmetric_score,,,0.0,0.0
SARS-CoV-2,compatibility,0.0,input_formats,,,0.0,0.0
SARS-CoV-2,compatibility,0.0,output_formats,,,0.0,0.0
SARS-CoV-2,compatibility,0.0,has_workflow_support,False,0.0,0.34142426786507973,0.0
SARS-CoV-2,compatibility,0.0,has_distribution_support,False,0.0,0.6585757321349203,0.0
SARS-CoV-2,fairness,1.0,license,,,0.0,0.0
SARS-CoV-2,fairness,1.0,repository,,,0.0,0.0
SARS-CoV-2,fairness,1.0,registry,,,0.0,0.0
SARS-CoV-2,fairness,1.0,citation,,,0.0,0.0
SARS-CoV-2,fairness,1.0,checklist,,,0.0,0.0
SARS-CoV-2,fairness,1.0,publication_open_access,True,1.0,1.0,1.0
SARS-CoV-2,maintainability,0.93956465739,nloc_per_file,29.41,0.97059,0.342201,0.33213686858999997
SARS-CoV-2,maintainability,0.93956465739,avg_ccn,2.36,0.8488888888888889,0.324063,0.27509348
SARS-CoV-2,maintainability,0.93956465739,duplicate_rate,0.42,0.9958,0.333736,0.3323343088
SARS-CoV-2,sustainability,0.3874393687807823,avg_issue_close_time_days,6.828124473905723,0.9241319502899364,0.199091,0.18398635411517372
SARS-CoV-2,sustainability,0.3874393687807823,num_open_issues,19,0.905,0.127273,0.115182065
SARS-CoV-2,sustainability,0.3874393687807823,days_since_last_commit,1329,0.0,0.114545,0.0
SARS-CoV-2,sustainability,0.3874393687807823,inverse_simpson_index,7.9355798313052075,0.3650305174371162,0.241818,0.08827094966560856
SARS-CoV-2,sustainability,0.3874393687807823,has_releases,False,0.0,0.149091,0.0
SARS-CoV-2,sustainability,0.3874393687807823,has_contribution_guidelines,False,0.0,0.168182,0.0
SARS-CoV-2,security,0.0,default_branch_protected,False,0.0,0.47669736382597355,0.0
SARS-CoV-2,security,0.0,has_security_policy,False,0.0,0.2996011877543224,0.0
SARS-CoV-2,security,0.0,gitignore_present,False,0.0,0.22370144841970407,0.0
SARS-CoV-2,security,0.0,security_updates,,,0.0,0.0
SARS-CoV-2,security,0.0,secret_scanning,,,0.0,0.0
SARS-CoV-2,scientific_impact,0.7700297903719919,fwci,,,0.0,0.0
SARS-CoV-2,scientific_impact,0.7700297903719919,citation_count,23,0.5992591196328295,0.42010770929155566,0.2517533760210223
SARS-CoV-2,scientific_impact,0.7700297903719919,star_count,127,1.0,0.32315947255229943,0.32315947255229943
SARS-CoV-2,scientific_impact,0.7700297903719919,fork_count,76,0.76,0.2567328181561449,0.19511694179867012
SARS-CoV-2,scientific_impact,0.7700297903719919,altmetric_score,,,0.0,0.0
osl-dynamics,compatibility,0.0,input_formats,,,0.0,0.0
osl-dynamics,compatibility,0.0,output_formats,,,0.0,0.0
osl-dynamics,compatibility,0.0,has_workflow_support,False,0.0,0.34142426786507973,0.0
osl-dynamics,compatibility,0.0,has_distribution_support,False,0.0,0.6585757321349203,0.0
osl-dynamics,fairness,1.0,license,,,0.0,0.0
osl-dynamics,fairness,1.0,repository,,,0.0,0.0
osl-dynamics,fairness,1.0,registry,,,0.0,0.0
osl-dynamics,fairness,1.0,citation,,,0.0,0.0
osl-dynamics,fairness,1.0,checklist,,,0.0,0.0
osl-dynamics,fairness,1.0,publication_open_access,True,1.0,1.0,1.0
osl-dynamics,maintainability,0.76619505159,nloc_per_file,107.61,0.89239,0.342201,0.30537675039
osl-dynamics,maintainability,0.76619505159,avg_ccn,5.49,0.5011111111111111,0.324063,0.16239156999999999
osl-dynamics,maintainability,0.76619505159,duplicate_rate,10.58,0.8942,0.333736,0.29842673119999996
osl-dynamics,sustainability,0.19255232657584354,avg_issue_close_time_days,59.51946305841924,0.33867263268423065,0.199091,0.06742667311373617
osl-dynamics,sustainability,0.19255232657584354,num_open_issues,44,0.78,0.127273,0.09927294
osl-dynamics,sustainability,0.19255232657584354,days_since_last_commit,239,0.0,0.114545,0.0
osl-dynamics,sustainability,0.19255232657584354,inverse_simpson_index,3.031286156448402,0.10690979770781063,0.241818,0.025852713462107352
osl-dynamics,sustainability,0.19255232657584354,has_releases,False,0.0,0.149091,0.0
osl-dynamics,sustainability,0.19255232657584354,has_contribution_guidelines,False,0.0,0.168182,0.0
osl-dynamics,security,0.47669736382597355,default_branch_protected,True,1.0,0.47669736382597355,0.47669736382597355
osl-dynamics,security,0.47669736382597355,has_security_policy,False,0.0,0.2996011877543224,0.0
osl-dynamics,security,0.47669736382597355,gitignore_present,False,0.0,0.22370144841970407,0.0
osl-dynamics,security,0.47669736382597355,security_updates,,,0.0,0.0
osl-dynamics,security,0.47669736382597355,secret_scanning,,,0.0,0.0
osl-dynamics,scientific_impact,0.45659970139637696,fwci,,,0.0,0.0
osl-dynamics,scientific_impact,0.45659970139637696,citation_count,15,0.5228039440135649,0.42010770929155566,0.21963396732812945
osl-dynamics,scientific_impact,0.45659970139637696,star_count,63,0.63,0.32315947255229943,0.20359046770794864
osl-dynamics,scientific_impact,0.45659970139637696,fork_count,13,0.13,0.2567328181561449,0.03337526636029884
osl-dynamics,scientific_impact,0.45659970139637696,altmetric_score,,,0.0,0.0
Simultant,compatibility,0.0,input_formats,,,0.0,0.0
Simultant,compatibility,0.0,output_formats,,,0.0,0.0
Simultant,compatibility,0.0,has_workflow_support,False,0.0,0.34142426786507973,0.0
Simultant,compatibility,0.0,has_distribution_support,False,0.0,0.6585757321349203,0.0
Simultant,fairness,1.0,license,,,0.0,0.0
Simultant,fairness,1.0,repository,,,0.0,0.0
Simultant,fairness,1.0,registry,,,0.0,0.0
Simultant,fairness,1.0,citation,,,0.0,0.0
Simultant,fairness,1.0,checklist,,,0.0,0.0
Simultant,fairness,1.0,publication_open_access,True,1.0,1.0,1.0
Simultant,maintainability,0.9083086950599999,nloc_per_file,60.94,0.93906,0.342201,0.32134727106
Simultant,maintainability,0.9083086950599999,avg_ccn,2.68,0.8133333333333334,0.324063,0.26357124
Simultant,maintainability,0.9083086950599999,duplicate_rate,3.1,0.969,0.333736,0.32339018399999997
Simultant,sustainability,0.15891068773106556,avg_issue_close_time_days,,,0.0,0.0
Simultant,sustainability,0.15891068773106556,num_open_issues,0,1.0,0.15891068773106556,0.15891068773106556
Simultant,sustainability,0.15891068773106556,days_since_last_commit,1820,0.0,0.14301874495104935,0.0
Simultant,sustainability,0.15891068773106556,inverse_simpson_index,1.0,0.0,0.301929432682115,0.0
Simultant,sustainability,0.15891068773106556,has_releases,False,0.0,0.18615223452352264,0.0
Simultant,sustainability,0.15891068773106556,has_contribution_guidelines,False,0.0,0.20998890011224747,0.0
Simultant,security,0.0,default_branch_protected,False,0.0,0.47669736382597355,0.0
Simultant,security,0.0,has_security_policy,False,0.0,0.2996011877543224,0.0
Simultant,security,0.0,gitignore_present,False,0.0,0.22370144841970407,0.0
Simultant,security,0.0,security_updates,,,0.0,0.0
Simultant,security,0.0,secret_scanning,,,0.0,0.0
Simultant,scientific_impact,0.006463189451045989,fwci,,,0.0,0.0
Simultant,scientific_impact,0.006463189451045989,citation_count,0,0.0,0.42010770929155566,0.0
Simultant,scientific_impact,0.006463189451045989,star_count,2,0.02,0.32315947255229943,0.006463189451045989
Simultant,scientific_impact,0.006463189451045989,fork_count,0,0.0,0.2567328181561449,0.0
Simultant,scientific_impact,0.006463189451045989,altmetric_score,,,0.0,0.0
Pheno-Ranker,compatibility,0.0,input_formats,,,0.0,0.0
Pheno-Ranker,compatibility,0.0,output_formats,,,0.0,0.0
Pheno-Ranker,compatibility,0.0,has_workflow_support,False,0.0,0.34142426786507973,0.0
Pheno-Ranker,compatibility,0.0,has_distribution_support,False,0.0,0.6585757321349203,0.0
Pheno-Ranker,fairness,1.0,license,,,0.0,0.0
Pheno-Ranker,fairness,1.0,repository,,,0.0,0.0
Pheno-Ranker,fairness,1.0,registry,,,0.0,0.0
Pheno-Ranker,fairness,1.0,citation,,,0.0,0.0
Pheno-Ranker,fairness,1.0,checklist,,,0.0,0.0
Pheno-Ranker,fairness,1.0,publication_open_access,True,1.0,1.0,1.0
Pheno-Ranker,maintainability,0.7854835352099999,nloc_per_file,80.79,0.91921,0.342201,0.31455458120999996
Pheno-Ranker,maintainability,0.7854835352099999,avg_ccn,4.35,0.6277777777777778,0.324063,0.20343955
Pheno-Ranker,maintainability,0.7854835352099999,duplicate_rate,19.85,0.8015,0.333736,0.267489404
Pheno-Ranker,sustainability,0.15811613429241023,avg_issue_close_time_days,,,0.0,0.0
Pheno-Ranker,sustainability,0.15811613429241023,num_open_issues,1,0.995,0.15891068773106556,0.15811613429241023
Pheno-Ranker,sustainability,0.15811613429241023,days_since_last_commit,195,0.0,0.14301874495104935,0.0
Pheno-Ranker,sustainability,0.15811613429241023,inverse_simpson_index,1.0,0.0,0.301929432682115,0.0
Pheno-Ranker,sustainability,0.15811613429241023,has_releases,False,0.0,0.18615223452352264,0.0
Pheno-Ranker,sustainability,0.15811613429241023,has_contribution_guidelines,False,0.0,0.20998890011224747,0.0
Pheno-Ranker,security,0.0,default_branch_protected,False,0.0,0.47669736382597355,0.0
Pheno-Ranker,security,0.0,has_security_policy,False,0.0,0.2996011877543224,0.0
Pheno-Ranker,security,0.0,gitignore_present,False,0.0,0.22370144841970407,0.0
Pheno-Ranker,security,0.0,security_updates,,,0.0,0.0
Pheno-Ranker,security,0.0,secret_scanning,,,0.0,0.0
Pheno-Ranker,scientific_impact,0.16712488361717998,fwci,,,0.0,0.0
Pheno-Ranker,scientific_impact,0.16712488361717998,citation_count,5,0.337857147626047,0.42010770929155566,0.14193639235695757
Pheno-Ranker,scientific_impact,0.16712488361717998,star_count,7,0.07,0.32315947255229943,0.022621163078660963
Pheno-Ranker,scientific_impact,0.16712488361717998,fork_count,1,0.01,0.2567328181561449,0.0025673281815614493
Pheno-Ranker,scientific_impact,0.16712488361717998,altmetric_score,,,0.0,0.0
getphylo,compatibility,0.0,input_formats,,,0.0,0.0
getphylo,compatibility,0.0,output_formats,,,0.0,0.0
getphylo,compatibility,0.0,has_workflow_support,False,0.0,0.34142426786507973,0.0
getphylo,compatibility,0.0,has_distribution_support,False,0.0,0.6585757321349203,0.0
getphylo,fairness,1.0,license,,,0.0,0.0
getphylo,fairness,1.0,repository,,,0.0,0.0
getphylo,fairness,1.0,registry,,,0.0,0.0
getphylo,fairness,1.0,citation,,,0.0,0.0
getphylo,fairness,1.0,checklist,,,0.0,0.0
getphylo,fairness,1.0,publication_open_access,True,1.0,1.0,1.0
getphylo,maintainability,1.0,nloc_per_file,0.0,1.0,0.342201,0.342201
getphylo,maintainability,1.0,avg_ccn,0.0,1.0,0.324063,0.324063
getphylo,maintainability,1.0,duplicate_rate,0.0,1.0,0.333736,0.333736
getphylo,sustainability,0.15891068773106556,avg_issue_close_time_days,,,0.0,0.0
getphylo,sustainability,0.15891068773106556,num_open_issues,0,1.0,0.15891068773106556,0.15891068773106556
getphylo,sustainability,0.15891068773106556,days_since_last_commit,487,0.0,0.14301874495104935,0.0
getphylo,sustainability,0.15891068773106556,inverse_simpson_index,1.0,0.0,0.301929432682115,0.0
getphylo,sustainability,0.15891068773106556,has_releases,False,0.0,0.18615223452352264,0.0
getphylo,sustainability,0.15891068773106556,has_contribution_guidelines,False,0.0,0.20998890011224747,0.0
getphylo,security,0.0,default_branch_protected,False,0.0,0.47669736382597355,0.0
getphylo,security,0.0,has_security_policy,False,0.0,0.2996011877543224,0.0
getphylo,security,0.0,gitignore_present,False,0.0,0.22370144841970407,0.0
getphylo,security,0.0,security_updates,,,0.0,0.0
getphylo,security,0.0,secret_scanning,,,0.0,0.0
getphylo,scientific_impact,0.14193639235695757,fwci,,,0.0,0.0
getphylo,scientific_impact,0.14193639235695757,citation_count,5,0.337857147626047,0.42010770929155566,0.14193639235695757
getphylo,scientific_impact,0.14193639235695757,star_count,0,0.0,0.32315947255229943,0.0
getphylo,scientific_impact,0.14193639235695757,fork_count,0,0.0,0.2567328181561449,0.0
getphylo,scientific_impact,0.14193639235695757,altmetric_score,,,0.0,0.0
ARBitR,compatibility,0.0,input_formats,,,0.0,0.0
ARBitR,compatibility,0.0,output_formats,,,0.0,0.0
ARBitR,compatibility,0.0,has_workflow_support,False,0.0,0.34142426786507973,0.0
ARBitR,compatibility,0.0,has_distribution_support,False,0.0,0.6585757321349203,0.0
ARBitR,fairness,1.0,license,,,0.0,0.0
ARBitR,fairness,1.0,repository,,,0.0,0.0
ARBitR,fairness,1.0,registry,,,0.0,0.0
ARBitR,fairness,1.0,citation,,,0.0,0.0
ARBitR,fairness,1.0,checklist,,,0.0,0.0
ARBitR,fairness,1.0,publication_open_access,True,1.0,1.0,1.0
ARBitR,maintainability,0.7917575237,nloc_per_file,110.3,0.8897,0.342201,0.30445622969999997
ARBitR,maintainability,0.7917575237,avg_ccn,5.61,0.48777777777777775,0.324063,0.15807073
ARBitR,maintainability,0.7917575237,duplicate_rate,1.35,0.9865,0.333736,0.329230564
ARBitR,sustainability,0.12472754,avg_issue_close_time_days,127.38858024691358,0.0,0.199091,0.0
ARBitR,sustainability,0.12472754,num_open_issues,4,0.98,0.127273,0.12472754
ARBitR,sustainability,0.12472754,days_since_last_commit,2163,0.0,0.114545,0.0
ARBitR,sustainability,0.12472754,inverse_simpson_index,1.0,0.0,0.241818,0.0
ARBitR,sustainability,0.12472754,has_releases,False,0.0,0.149091,0.0
ARBitR,sustainability,0.12472754,has_contribution_guidelines,False,0.0,0.168182,0.0
ARBitR,security,0.0,default_branch_protected,False,0.0,0.47669736382597355,0.0
ARBitR,security,0.0,has_security_policy,False,0.0,0.2996011877543224,0.0
ARBitR,security,0.0,gitignore_present,False,0.0,0.22370144841970407,0.0
ARBitR,security,0.0,security_updates,,,0.0,0.0
ARBitR,security,0.0,secret_scanning,,,0.0,0.0
ARBitR,scientific_impact,0.2545172427649208,fwci,,,0.0,0.0
ARBitR,scientific_impact,0.2545172427649208,citation_count,15,0.5228039440135649,0.42010770929155566,0.21963396732812945
ARBitR,scientific_impact,0.2545172427649208,star_count,10,0.1,0.32315947255229943,0.032315947255229946
ARBitR,scientific_impact,0.2545172427649208,fork_count,1,0.01,0.2567328181561449,0.0025673281815614493
ARBitR,scientific_impact,0.2545172427649208,altmetric_score,,,0.0,0.0
PyAMARES,compatibility,0.0,input_formats,,,0.0,0.0
PyAMARES,compatibility,0.0,output_formats,,,0.0,0.0
PyAMARES,compatibility,0.0,has_workflow_support,False,0.0,0.34142426786507973,0.0
PyAMARES,compatibility,0.0,has_distribution_support,False,0.0,0.6585757321349203,0.0
PyAMARES,fairness,1.0,license,,,0.0,0.0
PyAMARES,fairness,1.0,repository,,,0.0,0.0
PyAMARES,fairness,1.0,registry,,,0.0,0.0
PyAMARES,fairness,1.0,citation,,,0.0,0.0
PyAMARES,fairness,1.0,checklist,,,0.0,0.0
PyAMARES,fairness,1.0,publication_open_access,True,1.0,1.0,1.0
PyAMARES,maintainability,0.8077570024999999,nloc_per_file,134.7,0.8653,0.342201,0.2961065253
PyAMARES,maintainability,0.8077570024999999,avg_ccn,4.69,0.59,0.324063,0.19119716999999997
PyAMARES,maintainability,0.8077570024999999,duplicate_rate,3.98,0.9601999999999999,0.333736,0.3204533072
PyAMARES,sustainability,0.2834762028873598,avg_issue_close_time_days,20.32037326388889,0.7742180748456791,0.199091,0.15413985073910108
PyAMARES,sustainability,0.2834762028873598,num_open_issues,7,0.965,0.127273,0.122818445
PyAMARES,sustainability,0.2834762028873598,days_since_last_commit,245,0.0,0.114545,0.0
PyAMARES,sustainability,0.2834762028873598,inverse_simpson_index,1.5121216609884953,0.026953771630973438,0.241818,0.006517907148258735
PyAMARES,sustainability,0.2834762028873598,has_releases,False,0.0,0.149091,0.0
PyAMARES,sustainability,0.2834762028873598,has_contribution_guidelines,False,0.0,0.168182,0.0
PyAMARES,security,0.0,default_branch_protected,False,0.0,0.47669736382597355,0.0
PyAMARES,security,0.0,has_security_policy,False,0.0,0.2996011877543224,0.0
PyAMARES,security,0.0,gitignore_present,False,0.0,0.22370144841970407,0.0
PyAMARES,security,0.0,security_updates,,,0.0,0.0
PyAMARES,security,0.0,secret_scanning,,,0.0,0.0
PyAMARES,scientific_impact,0.16969221179874144,fwci,,,0.0,0.0
PyAMARES,scientific_impact,0.16969221179874144,citation_count,5,0.337857147626047,0.42010770929155566,0.14193639235695757
PyAMARES,scientific_impact,0.16969221179874144,star_count,7,0.07,0.32315947255229943,0.022621163078660963
PyAMARES,scientific_impact,0.16969221179874144,fork_count,2,0.02,0.2567328181561449,0.0051346563631228985
PyAMARES,scientific_impact,0.16969221179874144,altmetric_score,,,0.0,0.0
DDtrek,compatibility,0.0,input_formats,,,0.0,0.0
DDtrek,compatibility,0.0,output_formats,,,0.0,0.0
DDtrek,compatibility,0.0,has_workflow_support,False,0.0,0.34142426786507973,0.0
DDtrek,compatibility,0.0,has_distribution_support,False,0.0,0.6585757321349203,0.0
DDtrek,fairness,1.0,license,,,0.0,0.0
DDtrek,fairness,1.0,repository,,,0.0,0.0
DDtrek,fairness,1.0,registry,,,0.0,0.0
DDtrek,fairness,1.0,citation,,,0.0,0.0
DDtrek,fairness,1.0,checklist,,,0.0,0.0
DDtrek,fairness,1.0,publication_open_access,True,1.0,1.0,1.0
DDtrek,maintainability,0.7740272586999999,nloc_per_file,122.5,0.8775,0.342201,0.30028137749999995
DDtrek,maintainability,0.7740272586999999,avg_ccn,5.27,0.5255555555555556,0.324063,0.17031311
DDtrek,maintainability,0.7740272586999999,duplicate_rate,9.08,0.9092,0.333736,0.3034327712
DDtrek,sustainability,0.15891068773106556,avg_issue_close_time_days,,,0.0,0.0
DDtrek,sustainability,0.15891068773106556,num_open_issues,0,1.0,0.15891068773106556,0.15891068773106556
DDtrek,sustainability,0.15891068773106556,days_since_last_commit,455,0.0,0.14301874495104935,0.0
DDtrek,sustainability,0.15891068773106556,inverse_simpson_index,1.0,0.0,0.301929432682115,0.0
DDtrek,sustainability,0.15891068773106556,has_releases,False,0.0,0.18615223452352264,0.0
DDtrek,sustainability,0.15891068773106556,has_contribution_guidelines,False,0.0,0.20998890011224747,0.0
DDtrek,security,0.0,default_branch_protected,False,0.0,0.47669736382597355,0.0
DDtrek,security,0.0,has_security_policy,False,0.0,0.2996011877543224,0.0
DDtrek,security,0.0,gitignore_present,False,0.0,0.22370144841970407,0.0
DDtrek,security,0.0,security_updates,,,0.0,0.0
DDtrek,security,0.0,secret_scanning,,,0.0,0.0
DDtrek,scientific_impact,0.009694784176568983,fwci,,,0.0,0.0
DDtrek,scientific_impact,0.009694784176568983,citation_count,0,0.0,0.42010770929155566,0.0
DDtrek,scientific_impact,0.009694784176568983,star_count,3,0.03,0.32315947255229943,0.009694784176568983
DDtrek,scientific_impact,0.009694784176568983,fork_count,0,0.0,0.2567328181561449,0.0
DDtrek,scientific_impact,0.009694784176568983,altmetric_score,,,0.0,0.0
FlexTaxD,compatibility,0.0,input_formats,,,0.0,0.0
FlexTaxD,compatibility,0.0,output_formats,,,0.0,0.0
FlexTaxD,compatibility,0.0,has_workflow_support,False,0.0,0.34142426786507973,0.0
FlexTaxD,compatibility,0.0,has_distribution_support,False,0.0,0.6585757321349203,0.0
FlexTaxD,fairness,0.0,license,,,0.0,0.0
FlexTaxD,fairness,0.0,repository,,,0.0,0.0
FlexTaxD,fairness,0.0,registry,,,0.0,0.0
FlexTaxD,fairness,0.0,citation,,,0.0,0.0
FlexTaxD,fairness,0.0,checklist,,,0.0,0.0
FlexTaxD,fairness,0.0,publication_open_access,False,0.0,1.0,0.0
FlexTaxD,maintainability,0.8172086951599999,nloc_per_file,148.04,0.85196,0.342201,0.29154156395999997
FlexTaxD,maintainability,0.8172086951599999,avg_ccn,4.5,0.6111111111111112,0.324063,0.1980385
FlexTaxD,maintainability,0.8172086951599999,duplicate_rate,1.83,0.9817,0.333736,0.32762863119999996
FlexTaxD,sustainability,0.1276954856721436,avg_issue_close_time_days,199.21398842592592,0.0,0.199091,0.0
FlexTaxD,sustainability,0.1276954856721436,num_open_issues,3,0.985,0.127273,0.125363905
FlexTaxD,sustainability,0.1276954856721436,days_since_last_commit,193,0.0,0.114545,0.0
FlexTaxD,sustainability,0.1276954856721436,inverse_simpson_index,1.1831957619810274,0.009641882209527757,0.241818,0.002331580672143583
FlexTaxD,sustainability,0.1276954856721436,has_releases,False,0.0,0.149091,0.0
FlexTaxD,sustainability,0.1276954856721436,has_contribution_guidelines,False,0.0,0.168182,0.0
FlexTaxD,security,0.0,default_branch_protected,False,0.0,0.47669736382597355,0.0
FlexTaxD,security,0.0,has_security_policy,False,0.0,0.2996011877543224,0.0
FlexTaxD,security,0.0,gitignore_present,False,0.0,0.22370144841970407,0.0
FlexTaxD,security,0.0,security_updates,,,0.0,0.0
FlexTaxD,security,0.0,secret_scanning,,,0.0,0.0
FlexTaxD,scientific_impact,0.3645490418952214,fwci,,,0.0,0.0
FlexTaxD,scientific_impact,0.3645490418952214,citation_count,4,0.303478291430754,0.42010770929155566,0.1274935698326892
FlexTaxD,scientific_impact,0.3645490418952214,star_count,67,0.67,0.32315947255229943,0.21651684661004064
FlexTaxD,scientific_impact,0.3645490418952214,fork_count,8,0.08,0.2567328181561449,0.020538625452491594
FlexTaxD,scientific_impact,0.3645490418952214,altmetric_score,,,0.0,0.0
vcfgl,compatibility,0.0,input_formats,,,0.0,0.0
vcfgl,compatibility,0.0,output_formats,,,0.0,0.0
vcfgl,compatibility,0.0,has_workflow_support,False,0.0,0.34142426786507973,0.0
vcfgl,compatibility,0.0,has_distribution_support,False,0.0,0.6585757321349203,0.0
vcfgl,fairness,1.0,license,,,0.0,0.0
vcfgl,fairness,1.0,repository,,,0.0,0.0
vcfgl,fairness,1.0,registry,,,0.0,0.0
vcfgl,fairness,1.0,citation,,,0.0,0.0
vcfgl,fairness,1.0,checklist,,,0.0,0.0
vcfgl,fairness,1.0,publication_open_access,True,1.0,1.0,1.0
vcfgl,maintainability,0.50839065747,nloc_per_file,354.93,0.64507,0.342201,0.22074359907
vcfgl,maintainability,0.50839065747,avg_ccn,14.2,0.0,0.324063,0.0
vcfgl,maintainability,0.50839065747,duplicate_rate,13.81,0.8619,0.333736,0.2876470584
vcfgl,sustainability,0.25882253567148356,avg_issue_close_time_days,30.632480709876546,0.659639103223594,0.199091,0.13132820869988854
vcfgl,sustainability,0.25882253567148356,num_open_issues,0,1.0,0.127273,0.127273
vcfgl,sustainability,0.25882253567148356,days_since_last_commit,505,0.0,0.114545,0.0
vcfgl,sustainability,0.25882253567148356,inverse_simpson_index,1.017389989414789,0.0009152626007783729,0.241818,0.00022132697159502458
vcfgl,sustainability,0.25882253567148356,has_releases,False,0.0,0.149091,0.0
vcfgl,sustainability,0.25882253567148356,has_contribution_guidelines,False,0.0,0.168182,0.0
vcfgl,security,0.0,default_branch_protected,False,0.0,0.47669736382597355,0.0
vcfgl,security,0.0,has_security_policy,False,0.0,0.2996011877543224,0.0
vcfgl,security,0.0,gitignore_present,False,0.0,0.22370144841970407,0.0
vcfgl,security,0.0,security_updates,,,0.0,0.0
vcfgl,security,0.0,secret_scanning,,,0.0,0.0
vcfgl,scientific_impact,0.16408982745399409,fwci,,,0.0,0.0
vcfgl,scientific_impact,0.16408982745399409,citation_count,3,0.26140197200678245,0.42010770929155566,0.10981698366406473
vcfgl,scientific_impact,0.16408982745399409,star_count,16,0.16,0.32315947255229943,0.05170551560836791
vcfgl,scientific_impact,0.16408982745399409,fork_count,1,0.01,0.2567328181561449,0.0025673281815614493
vcfgl,scientific_impact,0.16408982745399409,altmetric_score,,,0.0,0.0
Circr,compatibility,0.0,input_formats,,,0.0,0.0
Circr,compatibility,0.0,output_formats,,,0.0,0.0
Circr,compatibility,0.0,has_workflow_support,False,0.0,0.34142426786507973,0.0
Circr,compatibility,0.0,has_distribution_support,False,0.0,0.6585757321349203,0.0
Circr,fairness,1.0,license,,,0.0,0.0
Circr,fairness,1.0,repository,,,0.0,0.0
Circr,fairness,1.0,registry,,,0.0,0.0
Circr,fairness,1.0,citation,,,0.0,0.0
Circr,fairness,1.0,checklist,,,0.0,0.0
Circr,fairness,1.0,publication_open_access,True,1.0,1.0,1.0
Circr,maintainability,0.5617270443,nloc_per_file,564.5,0.4355,0.342201,0.1490285355
Circr,maintainability,0.5617270443,avg_ccn,6.54,0.3844444444444445,0.324063,0.12458422000000001
Circr,maintainability,0.5617270443,duplicate_rate,13.67,0.8633,0.333736,0.28811428879999995
Circr,sustainability,0.24457269342114007,avg_issue_close_time_days,44.118541666666665,0.5097939814814815,0.199091,0.10149539356712962
Circr,sustainability,0.24457269342114007,num_open_issues,5,0.975,0.127273,0.124091175
Circr,sustainability,0.24457269342114007,days_since_last_commit,644,0.0,0.114545,0.0
Circr,sustainability,0.24457269342114007,inverse_simpson_index,2.4917680744452393,0.07851410918132838,0.241818,0.018986124854010467
Circr,sustainability,0.24457269342114007,has_releases,False,0.0,0.149091,0.0
Circr,sustainability,0.24457269342114007,has_contribution_guidelines,False,0.0,0.168182,0.0
Circr,security,0.0,default_branch_protected,False,0.0,0.47669736382597355,0.0
Circr,security,0.0,has_security_policy,False,0.0,0.2996011877543224,0.0
Circr,security,0.0,gitignore_present,False,0.0,0.22370144841970407,0.0
Circr,security,0.0,security_updates,,,0.0,0.0
Circr,security,0.0,secret_scanning,,,0.0,0.0
Circr,scientific_impact,0.21680898109180471,fwci,,,0.0,0.0
Circr,scientific_impact,0.21680898109180471,citation_count,11,0.46855813362943827,0.42010770929155566,0.19684488418898993
Circr,scientific_impact,0.21680898109180471,star_count,3,0.03,0.32315947255229943,0.009694784176568983
Circr,scientific_impact,0.21680898109180471,fork_count,4,0.04,0.2567328181561449,0.010269312726245797
Circr,scientific_impact,0.21680898109180471,altmetric_score,,,0.0,0.0
SNPtotree,compatibility,0.0,input_formats,,,0.0,0.0
SNPtotree,compatibility,0.0,output_formats,,,0.0,0.0
SNPtotree,compatibility,0.0,has_workflow_support,False,0.0,0.34142426786507973,0.0
SNPtotree,compatibility,0.0,has_distribution_support,False,0.0,0.6585757321349203,0.0
SNPtotree,fairness,1.0,license,,,0.0,0.0
SNPtotree,fairness,1.0,repository,,,0.0,0.0
SNPtotree,fairness,1.0,registry,,,0.0,0.0
SNPtotree,fairness,1.0,citation,,,0.0,0.0
SNPtotree,fairness,1.0,checklist,,,0.0,0.0
SNPtotree,fairness,1.0,publication_open_access,True,1.0,1.0,1.0
SNPtotree,maintainability,1.0,nloc_per_file,0.0,1.0,0.342201,0.342201
SNPtotree,maintainability,1.0,avg_ccn,0.0,1.0,0.324063,0.324063
SNPtotree,maintainability,1.0,duplicate_rate,0.0,1.0,0.333736,0.333736
SNPtotree,sustainability,0.15811613429241023,avg_issue_close_time_days,,,0.0,0.0
SNPtotree,sustainability,0.15811613429241023,num_open_issues,1,0.995,0.15891068773106556,0.15811613429241023
SNPtotree,sustainability,0.15811613429241023,days_since_last_commit,842,0.0,0.14301874495104935,0.0
SNPtotree,sustainability,0.15811613429241023,inverse_simpson_index,1.0,0.0,0.301929432682115,0.0
SNPtotree,sustainability,0.15811613429241023,has_releases,False,0.0,0.18615223452352264,0.0
SNPtotree,sustainability,0.15811613429241023,has_contribution_guidelines,False,0.0,0.20998890011224747,0.0
SNPtotree,security,0.0,default_branch_protected,False,0.0,0.47669736382597355,0.0
SNPtotree,security,0.0,has_security_policy,False,0.0,0.2996011877543224,0.0
SNPtotree,security,0.0,gitignore_present,False,0.0,0.22370144841970407,0.0
SNPtotree,security,0.0,security_updates,,,0.0,0.0
SNPtotree,security,0.0,secret_scanning,,,0.0,0.0
SNPtotree,scientific_impact,0.13395675928373518,fwci,,,0.0,0.0
SNPtotree,scientific_impact,0.13395675928373518,citation_count,4,0.303478291430754,0.42010770929155566,0.1274935698326892
SNPtotree,scientific_impact,0.13395675928373518,star_count,2,0.02,0.32315947255229943,0.006463189451045989
SNPtotree,scientific_impact,0.13395675928373518,fork_count,0,0.0,0.2567328181561449,0.0
SNPtotree,scientific_impact,0.13395675928373518,altmetric_score,,,0.0,0.0
Cancermuts,compatibility,0.0,input_formats,,,0.0,0.0
Cancermuts,compatibility,0.0,output_formats,,,0.0,0.0
Cancermuts,compatibility,0.0,has_workflow_support,False,0.0,0.34142426786507973,0.0
Cancermuts,compatibility,0.0,has_distribution_support,False,0.0,0.6585757321349203,0.0
Cancermuts,fairness,1.0,license,,,0.0,0.0
Cancermuts,fairness,1.0,repository,,,0.0,0.0
Cancermuts,fairness,1.0,registry,,,0.0,0.0
Cancermuts,fairness,1.0,citation,,,0.0,0.0
Cancermuts,fairness,1.0,checklist,,,0.0,0.0
Cancermuts,fairness,1.0,publication_open_access,True,1.0,1.0,1.0
Cancermuts,maintainability,0.82538564217,nloc_per_file,146.23,0.85377,0.342201,0.29216094777
Cancermuts,maintainability,0.82538564217,avg_ccn,4.0,0.6666666666666667,0.324063,0.216042
Cancermuts,maintainability,0.82538564217,duplicate_rate,4.96,0.9504,0.333736,0.31718269439999996
Cancermuts,sustainability,0.16986260506363288,avg_issue_close_time_days,,,0.0,0.0
Cancermuts,sustainability,0.16986260506363288,num_open_issues,8,0.96,0.15891068773106556,0.15255426022182295
Cancermuts,sustainability,0.16986260506363288,days_since_last_commit,190,0.0,0.14301874495104935,0.0
Cancermuts,sustainability,0.16986260506363288,inverse_simpson_index,2.0891901099970793,0.05732579526300417,0.301929432682115,0.017308344841809924
Cancermuts,sustainability,0.16986260506363288,has_releases,False,0.0,0.18615223452352264,0.0
Cancermuts,sustainability,0.16986260506363288,has_contribution_guidelines,False,0.0,0.20998890011224747,0.0
Cancermuts,security,0.0,default_branch_protected,,,0.0,0.0
Cancermuts,security,0.0,has_security_policy,False,0.0,0.5725199283243985,0.0
Cancermuts,security,0.0,gitignore_present,False,0.0,0.42748007167560154,0.0
Cancermuts,security,0.0,security_updates,,,0.0,0.0
Cancermuts,security,0.0,secret_scanning,,,0.0,0.0
Cancermuts,scientific_impact,0.22778141844862465,fwci,,,0.0,0.0
Cancermuts,scientific_impact,0.22778141844862465,citation_count,13,0.4976250423777937,0.42010770929155566,0.20905611663944823
Cancermuts,scientific_impact,0.22778141844862465,star_count,5,0.05,0.32315947255229943,0.016157973627614973
Cancermuts,scientific_impact,0.22778141844862465,fork_count,1,0.01,0.2567328181561449,0.0025673281815614493
Cancermuts,scientific_impact,0.22778141844862465,altmetric_score,,,0.0,0.0
COBY,compatibility,0.0,input_formats,,,0.0,0.0
COBY,compatibility,0.0,output_formats,,,0.0,0.0
COBY,compatibility,0.0,has_workflow_support,False,0.0,0.34142426786507973,0.0
COBY,compatibility,0.0,has_distribution_support,False,0.0,0.6585757321349203,0.0
COBY,fairness,1.0,license,,,0.0,0.0
COBY,fairness,1.0,repository,,,0.0,0.0
COBY,fairness,1.0,registry,,,0.0,0.0
COBY,fairness,1.0,citation,,,0.0,0.0
COBY,fairness,1.0,checklist,,,0.0,0.0
COBY,fairness,1.0,publication_open_access,True,1.0,1.0,1.0
COBY,maintainability,0.56452037773,nloc_per_file,81.87,0.91813,0.342201,0.31418500413
COBY,maintainability,0.56452037773,avg_ccn,11.93,0.0,0.324063,0.0
COBY,maintainability,0.56452037773,duplicate_rate,24.99,0.7501,0.333736,0.25033537359999997
COBY,sustainability,0.2953192193093644,avg_issue_close_time_days,13.361869212962963,0.8515347865226337,0.199091,0.16953291218357766
COBY,sustainability,0.2953192193093644,num_open_issues,4,0.98,0.127273,0.12472754
COBY,sustainability,0.2953192193093644,days_since_last_commit,303,0.0,0.114545,0.0
COBY,sustainability,0.2953192193093644,inverse_simpson_index,1.0831889081455806,0.004378363586609503,0.241818,0.0010587671257867369
COBY,sustainability,0.2953192193093644,has_releases,False,0.0,0.149091,0.0
COBY,sustainability,0.2953192193093644,has_contribution_guidelines,False,0.0,0.168182,0.0
COBY,security,0.0,default_branch_protected,False,0.0,0.47669736382597355,0.0
COBY,security,0.0,has_security_policy,False,0.0,0.2996011877543224,0.0
COBY,security,0.0,gitignore_present,False,0.0,0.22370144841970407,0.0
COBY,security,0.0,security_updates,,,0.0,0.0
COBY,security,0.0,secret_scanning,,,0.0,0.0
COBY,scientific_impact,0.3097998420955838,fwci,,,0.0,0.0
COBY,scientific_impact,0.3097998420955838,citation_count,5,0.337857147626047,0.42010770929155566,0.14193639235695757
COBY,scientific_impact,0.3097998420955838,star_count,44,0.44,0.32315947255229943,0.14219016792301176
COBY,scientific_impact,0.3097998420955838,fork_count,10,0.1,0.2567328181561449,0.025673281815614492
COBY,scientific_impact,0.3097998420955838,altmetric_score,,,0.0,0.0
ScreenDB,compatibility,0.0,input_formats,,,0.0,0.0
ScreenDB,compatibility,0.0,output_formats,,,0.0,0.0
ScreenDB,compatibility,0.0,has_workflow_support,False,0.0,0.34142426786507973,0.0
ScreenDB,compatibility,0.0,has_distribution_support,False,0.0,0.6585757321349203,0.0
ScreenDB,fairness,1.0,license,,,0.0,0.0
ScreenDB,fairness,1.0,repository,,,0.0,0.0
ScreenDB,fairness,1.0,registry,,,0.0,0.0
ScreenDB,fairness,1.0,citation,,,0.0,0.0
ScreenDB,fairness,1.0,checklist,,,0.0,0.0
ScreenDB,fairness,1.0,publication_open_access,True,1.0,1.0,1.0
ScreenDB,maintainability,0.815526954,nloc_per_file,336.0,0.6639999999999999,0.342201,0.22722146399999996
ScreenDB,maintainability,0.815526954,avg_ccn,2.93,0.7855555555555556,0.324063,0.25456949
ScreenDB,maintainability,0.815526954,duplicate_rate,0.0,1.0,0.333736,0.333736
ScreenDB,sustainability,0.17357932413667437,avg_issue_close_time_days,,,0.0,0.0
ScreenDB,sustainability,0.17357932413667437,num_open_issues,0,1.0,0.15891068773106556,0.15891068773106556
ScreenDB,sustainability,0.17357932413667437,days_since_last_commit,903,0.0,0.14301874495104935,0.0
ScreenDB,sustainability,0.17357932413667437,inverse_simpson_index,1.923076923076923,0.048582995951417,0.301929432682115,0.014668636405608823
ScreenDB,sustainability,0.17357932413667437,has_releases,False,0.0,0.18615223452352264,0.0
ScreenDB,sustainability,0.17357932413667437,has_contribution_guidelines,False,0.0,0.20998890011224747,0.0
ScreenDB,security,0.0,default_branch_protected,False,0.0,0.47669736382597355,0.0
ScreenDB,security,0.0,has_security_policy,False,0.0,0.2996011877543224,0.0
ScreenDB,security,0.0,gitignore_present,False,0.0,0.22370144841970407,0.0
ScreenDB,security,0.0,security_updates,,,0.0,0.0
ScreenDB,security,0.0,secret_scanning,,,0.0,0.0
ScreenDB,scientific_impact,0.1307251645582122,fwci,,,0.0,0.0
ScreenDB,scientific_impact,0.1307251645582122,citation_count,4,0.303478291430754,0.42010770929155566,0.1274935698326892
ScreenDB,scientific_impact,0.1307251645582122,star_count,1,0.01,0.32315947255229943,0.0032315947255229945
ScreenDB,scientific_impact,0.1307251645582122,fork_count,0,0.0,0.2567328181561449,0.0
ScreenDB,scientific_impact,0.1307251645582122,altmetric_score,,,0.0,0.0
dsMTL,compatibility,0.0,input_formats,,,0.0,0.0
dsMTL,compatibility,0.0,output_formats,,,0.0,0.0
dsMTL,compatibility,0.0,has_workflow_support,False,0.0,0.34142426786507973,0.0
dsMTL,compatibility,0.0,has_distribution_support,False,0.0,0.6585757321349203,0.0
dsMTL,fairness,1.0,license,,,0.0,0.0
dsMTL,fairness,1.0,repository,,,0.0,0.0
dsMTL,fairness,1.0,registry,,,0.0,0.0
dsMTL,fairness,1.0,citation,,,0.0,0.0
dsMTL,fairness,1.0,checklist,,,0.0,0.0
dsMTL,fairness,1.0,publication_open_access,True,1.0,1.0,1.0
dsMTL,maintainability,0.8872541737299999,nloc_per_file,24.27,0.97573,0.342201,0.33389578172999995
dsMTL,maintainability,0.8872541737299999,avg_ccn,1.88,0.9022222222222223,0.324063,0.29237684
dsMTL,maintainability,0.8872541737299999,duplicate_rate,21.8,0.782,0.333736,0.260981552
dsMTL,sustainability,0.33184153581400816,avg_issue_close_time_days,0.45391203703703703,0.9949565329218107,0.199091,0.19808689109593622
dsMTL,sustainability,0.33184153581400816,num_open_issues,0,1.0,0.127273,0.127273
dsMTL,sustainability,0.33184153581400816,days_since_last_commit,329,0.0,0.114545,0.0
dsMTL,sustainability,0.33184153581400816,inverse_simpson_index,1.5092724679029956,0.026803814100157666,0.241818,0.0064816447180719265
dsMTL,sustainability,0.33184153581400816,has_releases,False,0.0,0.149091,0.0
dsMTL,sustainability,0.33184153581400816,has_contribution_guidelines,False,0.0,0.168182,0.0
dsMTL,security,0.47669736382597355,default_branch_protected,True,1.0,0.47669736382597355,0.47669736382597355
dsMTL,security,0.47669736382597355,has_security_policy,False,0.0,0.2996011877543224,0.0
dsMTL,security,0.47669736382597355,gitignore_present,False,0.0,0.22370144841970407,0.0
dsMTL,security,0.47669736382597355,security_updates,,,0.0,0.0
dsMTL,security,0.47669736382597355,secret_scanning,,,0.0,0.0
dsMTL,scientific_impact,0.17021586044074605,fwci,,,0.0,0.0
dsMTL,scientific_impact,0.17021586044074605,citation_count,6,0.3669240563744024,0.42010770929155566,0.1541476248074158
dsMTL,scientific_impact,0.17021586044074605,star_count,1,0.01,0.32315947255229943,0.0032315947255229945
dsMTL,scientific_impact,0.17021586044074605,fork_count,5,0.05,0.2567328181561449,0.012836640907807246
dsMTL,scientific_impact,0.17021586044074605,altmetric_score,,,0.0,0.0
fastDFE,compatibility,0.0,input_formats,,,0.0,0.0
fastDFE,compatibility,0.0,output_formats,,,0.0,0.0
fastDFE,compatibility,0.0,has_workflow_support,False,0.0,0.34142426786507973,0.0
fastDFE,compatibility,0.0,has_distribution_support,False,0.0,0.6585757321349203,0.0
fastDFE,fairness,1.0,license,,,0.0,0.0
fastDFE,fairness,1.0,repository,,,0.0,0.0
fastDFE,fairness,1.0,registry,,,0.0,0.0
fastDFE,fairness,1.0,citation,,,0.0,0.0
fastDFE,fairness,1.0,checklist,,,0.0,0.0
fastDFE,fairness,1.0,publication_open_access,True,1.0,1.0,1.0
fastDFE,maintainability,,nloc_per_file,,,0.0,0.0
fastDFE,maintainability,,avg_ccn,,,0.0,0.0
fastDFE,maintainability,,duplicate_rate,,,0.0,0.0
fastDFE,sustainability,0.3119363103938584,avg_issue_close_time_days,5.659088128306878,0.9371212430188125,0.199091,0.1865724053938584
fastDFE,sustainability,0.3119363103938584,num_open_issues,3,0.985,0.127273,0.125363905
fastDFE,sustainability,0.3119363103938584,days_since_last_commit,208,0.0,0.114545,0.0
fastDFE,sustainability,0.3119363103938584,inverse_simpson_index,1.0,0.0,0.241818,0.0
fastDFE,sustainability,0.3119363103938584,has_releases,False,0.0,0.149091,0.0
fastDFE,sustainability,0.3119363103938584,has_contribution_guidelines,False,0.0,0.168182,0.0
fastDFE,security,0.0,default_branch_protected,False,0.0,0.47669736382597355,0.0
fastDFE,security,0.0,has_security_policy,False,0.0,0.2996011877543224,0.0
fastDFE,security,0.0,gitignore_present,False,0.0,0.22370144841970407,0.0
fastDFE,security,0.0,security_updates,,,0.0,0.0
fastDFE,security,0.0,secret_scanning,,,0.0,0.0
fastDFE,scientific_impact,0.2697921498804236,fwci,,,0.0,0.0
fastDFE,scientific_impact,0.2697921498804236,citation_count,13,0.4976250423777937,0.42010770929155566,0.20905611663944823
fastDFE,scientific_impact,0.2697921498804236,star_count,18,0.18,0.32315947255229943,0.0581687050594139
fastDFE,scientific_impact,0.2697921498804236,fork_count,1,0.01,0.2567328181561449,0.0025673281815614493
fastDFE,scientific_impact,0.2697921498804236,altmetric_score,,,0.0,0.0
TensorView MATLAB,compatibility,0.0,input_formats,,,0.0,0.0
TensorView MATLAB,compatibility,0.0,output_formats,,,0.0,0.0
TensorView MATLAB,compatibility,0.0,has_workflow_support,False,0.0,0.34142426786507973,0.0
TensorView MATLAB,compatibility,0.0,has_distribution_support,False,0.0,0.6585757321349203,0.0
TensorView MATLAB,fairness,0.0,license,,,0.0,0.0
TensorView MATLAB,fairness,0.0,repository,,,0.0,0.0
TensorView MATLAB,fairness,0.0,registry,,,0.0,0.0
TensorView MATLAB,fairness,0.0,citation,,,0.0,0.0
TensorView MATLAB,fairness,0.0,checklist,,,0.0,0.0
TensorView MATLAB,fairness,0.0,publication_open_access,False,0.0,1.0,0.0
TensorView MATLAB,maintainability,0.8181941276499999,nloc_per_file,4.75,0.99525,0.342201,0.34057554524999994
TensorView MATLAB,maintainability,0.8181941276499999,avg_ccn,1.1,0.9888888888888889,0.324063,0.3204623
TensorView MATLAB,maintainability,0.8181941276499999,duplicate_rate,52.91,0.4709,0.333736,0.15715628239999999
TensorView MATLAB,sustainability,0.15756986293064368,avg_issue_close_time_days,,,0.0,0.0
TensorView MATLAB,sustainability,0.15756986293064368,num_open_issues,2,0.99,0.15891068773106556,0.15732158085375492
TensorView MATLAB,sustainability,0.15756986293064368,days_since_last_commit,839,0.0,0.14301874495104935,0.0
TensorView MATLAB,sustainability,0.15756986293064368,inverse_simpson_index,1.0156240463838877,0.0008223182307309317,0.301929432682115,0.00024828207688875074
TensorView MATLAB,sustainability,0.15756986293064368,has_releases,False,0.0,0.18615223452352264,0.0
TensorView MATLAB,sustainability,0.15756986293064368,has_contribution_guidelines,False,0.0,0.20998890011224747,0.0
TensorView MATLAB,security,0.0,default_branch_protected,False,0.0,0.47669736382597355,0.0
TensorView MATLAB,security,0.0,has_security_policy,False,0.0,0.2996011877543224,0.0
TensorView MATLAB,security,0.0,gitignore_present,False,0.0,0.22370144841970407,0.0
TensorView MATLAB,security,0.0,security_updates,,,0.0,0.0
TensorView MATLAB,security,0.0,secret_scanning,,,0.0,0.0
TensorView MATLAB,scientific_impact,0.14878619982342706,fwci,,,0.0,0.0
TensorView MATLAB,scientific_impact,0.14878619982342706,citation_count,4,0.303478291430754,0.42010770929155566,0.1274935698326892
TensorView MATLAB,scientific_impact,0.14878619982342706,star_count,5,0.05,0.32315947255229943,0.016157973627614973
TensorView MATLAB,scientific_impact,0.14878619982342706,fork_count,2,0.02,0.2567328181561449,0.0051346563631228985
TensorView MATLAB,scientific_impact,0.14878619982342706,altmetric_score,,,0.0,0.0
MDSuite,compatibility,0.0,input_formats,,,0.0,0.0
MDSuite,compatibility,0.0,output_formats,,,0.0,0.0
MDSuite,compatibility,0.0,has_workflow_support,False,0.0,0.34142426786507973,0.0
MDSuite,compatibility,0.0,has_distribution_support,False,0.0,0.6585757321349203,0.0
MDSuite,fairness,1.0,license,,,0.0,0.0
MDSuite,fairness,1.0,repository,,,0.0,0.0
MDSuite,fairness,1.0,registry,,,0.0,0.0
MDSuite,fairness,1.0,citation,,,0.0,0.0
MDSuite,fairness,1.0,checklist,,,0.0,0.0
MDSuite,fairness,1.0,publication_open_access,True,1.0,1.0,1.0
MDSuite,maintainability,,nloc_per_file,,,0.0,0.0
MDSuite,maintainability,,avg_ccn,,,0.0,0.0
MDSuite,maintainability,,duplicate_rate,,,0.0,0.0
MDSuite,sustainability,0.17747407747308297,avg_issue_close_time_days,53.9271189309057,0.4008097896566033,0.199091,0.0797976218325228
MDSuite,sustainability,0.17747407747308297,num_open_issues,70,0.65,0.127273,0.08272745000000001
MDSuite,sustainability,0.17747407747308297,days_since_last_commit,400,0.0,0.114545,0.0
MDSuite,sustainability,0.17747407747308297,inverse_simpson_index,2.1745656120331947,0.06181924273858919,0.241818,0.014949005640560162
MDSuite,sustainability,0.17747407747308297,has_releases,False,0.0,0.149091,0.0
MDSuite,sustainability,0.17747407747308297,has_contribution_guidelines,False,0.0,0.168182,0.0
MDSuite,security,0.47669736382597355,default_branch_protected,True,1.0,0.47669736382597355,0.47669736382597355
MDSuite,security,0.47669736382597355,has_security_policy,False,0.0,0.2996011877543224,0.0
MDSuite,security,0.47669736382597355,gitignore_present,False,0.0,0.22370144841970407,0.0
MDSuite,security,0.47669736382597355,security_updates,,,0.0,0.0
MDSuite,security,0.47669736382597355,secret_scanning,,,0.0,0.0
MDSuite,scientific_impact,0.28414362285373695,fwci,,,0.0,0.0
MDSuite,scientific_impact,0.28414362285373695,citation_count,3,0.26140197200678245,0.42010770929155566,0.10981698366406473
MDSuite,scientific_impact,0.28414362285373695,star_count,46,0.46,0.32315947255229943,0.14865335737405774
MDSuite,scientific_impact,0.28414362285373695,fork_count,10,0.1,0.2567328181561449,0.025673281815614492
MDSuite,scientific_impact,0.28414362285373695,altmetric_score,,,0.0,0.0
DiazoTIME,compatibility,0.0,input_formats,,,0.0,0.0
DiazoTIME,compatibility,0.0,output_formats,,,0.0,0.0
DiazoTIME,compatibility,0.0,has_workflow_support,False,0.0,0.34142426786507973,0.0
DiazoTIME,compatibility,0.0,has_distribution_support,False,0.0,0.6585757321349203,0.0
DiazoTIME,fairness,0.0,license,,,0.0,0.0
DiazoTIME,fairness,0.0,repository,,,0.0,0.0
DiazoTIME,fairness,0.0,registry,,,0.0,0.0
DiazoTIME,fairness,0.0,citation,,,0.0,0.0
DiazoTIME,fairness,0.0,checklist,,,0.0,0.0
DiazoTIME,fairness,0.0,publication_open_access,False,0.0,1.0,0.0
DiazoTIME,maintainability,0.8772185255999999,nloc_per_file,0.0,1.0,0.342201,0.342201
DiazoTIME,maintainability,0.8772185255999999,avg_ccn,0.0,1.0,0.324063,0.324063
DiazoTIME,maintainability,0.8772185255999999,duplicate_rate,36.79,0.6321,0.333736,0.21095452559999997
DiazoTIME,sustainability,0.15891068773106556,avg_issue_close_time_days,,,0.0,0.0
DiazoTIME,sustainability,0.15891068773106556,num_open_issues,0,1.0,0.15891068773106556,0.15891068773106556
DiazoTIME,sustainability,0.15891068773106556,days_since_last_commit,408,0.0,0.14301874495104935,0.0
DiazoTIME,sustainability,0.15891068773106556,inverse_simpson_index,1.0,0.0,0.301929432682115,0.0
DiazoTIME,sustainability,0.15891068773106556,has_releases,False,0.0,0.18615223452352264,0.0
DiazoTIME,sustainability,0.15891068773106556,has_contribution_guidelines,False,0.0,0.20998890011224747,0.0
DiazoTIME,security,0.0,default_branch_protected,False,0.0,0.47669736382597355,0.0
DiazoTIME,security,0.0,has_security_policy,False,0.0,0.2996011877543224,0.0
DiazoTIME,security,0.0,gitignore_present,False,0.0,0.22370144841970407,0.0
DiazoTIME,security,0.0,security_updates,,,0.0,0.0
DiazoTIME,security,0.0,secret_scanning,,,0.0,0.0
DiazoTIME,scientific_impact,0.0032315947255229945,fwci,,,0.0,0.0
DiazoTIME,scientific_impact,0.0032315947255229945,citation_count,0,0.0,0.42010770929155566,0.0
DiazoTIME,scientific_impact,0.0032315947255229945,star_count,1,0.01,0.32315947255229943,0.0032315947255229945
DiazoTIME,scientific_impact,0.0032315947255229945,fork_count,0,0.0,0.2567328181561449,0.0
DiazoTIME,scientific_impact,0.0032315947255229945,altmetric_score,,,0.0,0.0
LocalNgsRelate,compatibility,0.0,input_formats,,,0.0,0.0
LocalNgsRelate,compatibility,0.0,output_formats,,,0.0,0.0
LocalNgsRelate,compatibility,0.0,has_workflow_support,False,0.0,0.34142426786507973,0.0
LocalNgsRelate,compatibility,0.0,has_distribution_support,False,0.0,0.6585757321349203,0.0
LocalNgsRelate,fairness,1.0,license,,,0.0,0.0
LocalNgsRelate,fairness,1.0,repository,,,0.0,0.0
LocalNgsRelate,fairness,1.0,registry,,,0.0,0.0
LocalNgsRelate,fairness,1.0,citation,,,0.0,0.0
LocalNgsRelate,fairness,1.0,checklist,,,0.0,0.0
LocalNgsRelate,fairness,1.0,publication_open_access,True,1.0,1.0,1.0
LocalNgsRelate,maintainability,0.47364362062,nloc_per_file,503.38,0.49661999999999995,0.342201,0.16994386061999997
LocalNgsRelate,maintainability,0.47364362062,avg_ccn,10.13,0.0,0.324063,0.0
LocalNgsRelate,maintainability,0.47364362062,duplicate_rate,9.0,0.91,0.333736,0.30369976
LocalNgsRelate,sustainability,0.12600027,avg_issue_close_time_days,181.8732523148148,0.0,0.199091,0.0
LocalNgsRelate,sustainability,0.12600027,num_open_issues,2,0.99,0.127273,0.12600027
LocalNgsRelate,sustainability,0.12600027,days_since_last_commit,708,0.0,0.114545,0.0
LocalNgsRelate,sustainability,0.12600027,inverse_simpson_index,1.0,0.0,0.241818,0.0
LocalNgsRelate,sustainability,0.12600027,has_releases,False,0.0,0.149091,0.0
LocalNgsRelate,sustainability,0.12600027,has_contribution_guidelines,False,0.0,0.168182,0.0
LocalNgsRelate,security,0.0,default_branch_protected,False,0.0,0.47669736382597355,0.0
LocalNgsRelate,security,0.0,has_security_policy,False,0.0,0.2996011877543224,0.0
LocalNgsRelate,security,0.0,gitignore_present,False,0.0,0.22370144841970407,0.0
LocalNgsRelate,security,0.0,security_updates,,,0.0,0.0
LocalNgsRelate,security,0.0,secret_scanning,,,0.0,0.0
LocalNgsRelate,scientific_impact,0.18345077730527354,fwci,,,0.0,0.0
LocalNgsRelate,scientific_impact,0.18345077730527354,citation_count,7,0.3921029580101737,0.42010770929155566,0.16472547549609712
LocalNgsRelate,scientific_impact,0.18345077730527354,star_count,5,0.05,0.32315947255229943,0.016157973627614973
LocalNgsRelate,scientific_impact,0.18345077730527354,fork_count,1,0.01,0.2567328181561449,0.0025673281815614493
LocalNgsRelate,scientific_impact,0.18345077730527354,altmetric_score,,,0.0,0.0
Chemprop,compatibility,0.0,input_formats,,,0.0,0.0
Chemprop,compatibility,0.0,output_formats,,,0.0,0.0
Chemprop,compatibility,0.0,has_workflow_support,False,0.0,0.34142426786507973,0.0
Chemprop,compatibility,0.0,has_distribution_support,False,0.0,0.6585757321349203,0.0
Chemprop,fairness,1.0,license,,,0.0,0.0
Chemprop,fairness,1.0,repository,,,0.0,0.0
Chemprop,fairness,1.0,registry,,,0.0,0.0
Chemprop,fairness,1.0,citation,,,0.0,0.0
Chemprop,fairness,1.0,checklist,,,0.0,0.0
Chemprop,fairness,1.0,publication_open_access,True,1.0,1.0,1.0
Chemprop,maintainability,0.84842779655,nloc_per_file,125.05,0.87495,0.342201,0.29940876494999996
Chemprop,maintainability,0.84842779655,avg_ccn,2.59,0.8233333333333334,0.324063,0.26681187
Chemprop,maintainability,0.84842779655,duplicate_rate,15.44,0.8456,0.333736,0.2822071616
Chemprop,sustainability,0.19997832739216445,avg_issue_close_time_days,91.57820837913637,0.0,0.199091,0.0
Chemprop,sustainability,0.19997832739216445,num_open_issues,12,0.94,0.127273,0.11963661999999999
Chemprop,sustainability,0.19997832739216445,days_since_last_commit,191,0.0,0.114545,0.0
Chemprop,sustainability,0.19997832739216445,inverse_simpson_index,7.3125674699613965,0.33224039315586296,0.241818,0.08034170739216447
Chemprop,sustainability,0.19997832739216445,has_releases,False,0.0,0.149091,0.0
Chemprop,sustainability,0.19997832739216445,has_contribution_guidelines,False,0.0,0.168182,0.0
Chemprop,security,0.47669736382597355,default_branch_protected,True,1.0,0.47669736382597355,0.47669736382597355
Chemprop,security,0.47669736382597355,has_security_policy,False,0.0,0.2996011877543224,0.0
Chemprop,security,0.47669736382597355,gitignore_present,False,0.0,0.22370144841970407,0.0
Chemprop,security,0.47669736382597355,security_updates,,,0.0,0.0
Chemprop,security,0.47669736382597355,secret_scanning,,,0.0,0.0
Chemprop,scientific_impact,1.0,fwci,,,0.0,0.0
Chemprop,scientific_impact,1.0,citation_count,247,1.0,0.42010770929155566,0.42010770929155566
Chemprop,scientific_impact,1.0,star_count,2292,1.0,0.32315947255229943,0.32315947255229943
Chemprop,scientific_impact,1.0,fork_count,726,1.0,0.2567328181561449,0.2567328181561449
Chemprop,scientific_impact,1.0,altmetric_score,,,0.0,0.0
PTRA,compatibility,0.0,input_formats,,,0.0,0.0
PTRA,compatibility,0.0,output_formats,,,0.0,0.0
PTRA,compatibility,0.0,has_workflow_support,False,0.0,0.34142426786507973,0.0
PTRA,compatibility,0.0,has_distribution_support,False,0.0,0.6585757321349203,0.0
PTRA,fairness,1.0,license,,,0.0,0.0
PTRA,fairness,1.0,repository,,,0.0,0.0
PTRA,fairness,1.0,registry,,,0.0,0.0
PTRA,fairness,1.0,citation,,,0.0,0.0
PTRA,fairness,1.0,checklist,,,0.0,0.0
PTRA,fairness,1.0,publication_open_access,True,1.0,1.0,1.0
PTRA,maintainability,0.74019480795,nloc_per_file,254.85,0.74515,0.342201,0.25499107514999997
PTRA,maintainability,0.74019480795,avg_ccn,4.1,0.6555555555555557,0.324063,0.21244130000000003
PTRA,maintainability,0.74019480795,duplicate_rate,18.27,0.8173,0.333736,0.2727624328
PTRA,sustainability,0.3436331388702159,avg_issue_close_time_days,0.015046296296296295,0.9998328189300412,0.199091,0.19905771575360082
PTRA,sustainability,0.3436331388702159,num_open_issues,0,1.0,0.127273,0.127273
PTRA,sustainability,0.3436331388702159,days_since_last_commit,239,0.0,0.114545,0.0
PTRA,sustainability,0.3436331388702159,inverse_simpson_index,2.359477124183007,0.07155142758857931,0.241818,0.017302423116615073
PTRA,sustainability,0.3436331388702159,has_releases,False,0.0,0.149091,0.0
PTRA,sustainability,0.3436331388702159,has_contribution_guidelines,False,0.0,0.168182,0.0
PTRA,security,0.47669736382597355,default_branch_protected,True,1.0,0.47669736382597355,0.47669736382597355
PTRA,security,0.47669736382597355,has_security_policy,False,0.0,0.2996011877543224,0.0
PTRA,security,0.47669736382597355,gitignore_present,False,0.0,0.22370144841970407,0.0
PTRA,security,0.47669736382597355,security_updates,,,0.0,0.0
PTRA,security,0.47669736382597355,secret_scanning,,,0.0,0.0
PTRA,scientific_impact,0.20437894867319573,fwci,,,0.0,0.0
PTRA,scientific_impact,0.20437894867319573,citation_count,8,0.41431232324531164,0.42010770929155566,0.1740558010498504
PTRA,scientific_impact,0.20437894867319573,star_count,7,0.07,0.32315947255229943,0.022621163078660963
PTRA,scientific_impact,0.20437894867319573,fork_count,3,0.03,0.2567328181561449,0.0077019845446843465
PTRA,scientific_impact,0.20437894867319573,altmetric_score,,,0.0,0.0
Neo4COVID19,compatibility,0.0,input_formats,,,0.0,0.0
Neo4COVID19,compatibility,0.0,output_formats,,,0.0,0.0
Neo4COVID19,compatibility,0.0,has_workflow_support,False,0.0,0.34142426786507973,0.0
Neo4COVID19,compatibility,0.0,has_distribution_support,False,0.0,0.6585757321349203,0.0
Neo4COVID19,fairness,0.0,license,,,0.0,0.0
Neo4COVID19,fairness,0.0,repository,,,0.0,0.0
Neo4COVID19,fairness,0.0,registry,,,0.0,0.0
Neo4COVID19,fairness,0.0,citation,,,0.0,0.0
Neo4COVID19,fairness,0.0,checklist,,,0.0,0.0
Neo4COVID19,fairness,0.0,publication_open_access,False,0.0,1.0,0.0
Neo4COVID19,maintainability,0.9027403475,nloc_per_file,114.5,0.8855,0.342201,0.30301898549999995
Neo4COVID19,maintainability,0.9027403475,avg_ccn,1.89,0.9011111111111111,0.324063,0.29201677
Neo4COVID19,maintainability,0.9027403475,duplicate_rate,7.8,0.922,0.333736,0.307704592
Neo4COVID19,sustainability,0.2041389833150261,avg_issue_close_time_days,,,0.0,0.0
Neo4COVID19,sustainability,0.2041389833150261,num_open_issues,0,1.0,0.15891068773106556,0.15891068773106556
Neo4COVID19,sustainability,0.2041389833150261,days_since_last_commit,782,0.0,0.14301874495104935,0.0
Neo4COVID19,sustainability,0.2041389833150261,inverse_simpson_index,3.846153846153846,0.1497975708502024,0.301929432682115,0.045228295583960534
Neo4COVID19,sustainability,0.2041389833150261,has_releases,False,0.0,0.18615223452352264,0.0
Neo4COVID19,sustainability,0.2041389833150261,has_contribution_guidelines,False,0.0,0.20998890011224747,0.0
Neo4COVID19,security,0.0,default_branch_protected,False,0.0,0.47669736382597355,0.0
Neo4COVID19,security,0.0,has_security_policy,False,0.0,0.2996011877543224,0.0
Neo4COVID19,security,0.0,gitignore_present,False,0.0,0.22370144841970407,0.0
Neo4COVID19,security,0.0,security_updates,,,0.0,0.0
Neo4COVID19,security,0.0,secret_scanning,,,0.0,0.0
Neo4COVID19,scientific_impact,0.1580046279902878,fwci,,,0.0,0.0
Neo4COVID19,scientific_impact,0.1580046279902878,citation_count,5,0.337857147626047,0.42010770929155566,0.14193639235695757
Neo4COVID19,scientific_impact,0.1580046279902878,star_count,1,0.01,0.32315947255229943,0.0032315947255229945
Neo4COVID19,scientific_impact,0.1580046279902878,fork_count,5,0.05,0.2567328181561449,0.012836640907807246
Neo4COVID19,scientific_impact,0.1580046279902878,altmetric_score,,,0.0,0.0
WISH-R,compatibility,0.0,input_formats,,,0.0,0.0
WISH-R,compatibility,0.0,output_formats,,,0.0,0.0
WISH-R,compatibility,0.0,has_workflow_support,False,0.0,0.34142426786507973,0.0
WISH-R,compatibility,0.0,has_distribution_support,False,0.0,0.6585757321349203,0.0
WISH-R,fairness,0.0,license,,,0.0,0.0
WISH-R,fairness,0.0,repository,,,0.0,0.0
WISH-R,fairness,0.0,registry,,,0.0,0.0
WISH-R,fairness,0.0,citation,,,0.0,0.0
WISH-R,fairness,0.0,checklist,,,0.0,0.0
WISH-R,fairness,0.0,publication_open_access,False,0.0,1.0,0.0
WISH-R,maintainability,0.2691693252,nloc_per_file,1082.0,0.0,0.342201,0.0
WISH-R,maintainability,0.2691693252,avg_ccn,7.93,0.22999999999999998,0.324063,0.07453449
WISH-R,maintainability,0.2691693252,duplicate_rate,41.68,0.5831999999999999,0.333736,0.19463483519999997
WISH-R,sustainability,0.19401588574679707,avg_issue_close_time_days,64.13662037037037,0.28737088477366257,0.199091,0.057212956820473254
WISH-R,sustainability,0.19401588574679707,num_open_issues,5,0.975,0.127273,0.124091175
WISH-R,sustainability,0.19401588574679707,days_since_last_commit,2262,0.0,0.114545,0.0
WISH-R,sustainability,0.19401588574679707,inverse_simpson_index,1.9987814166031985,0.05256744297911571,0.241818,0.012711753926323803
WISH-R,sustainability,0.19401588574679707,has_releases,False,0.0,0.149091,0.0
WISH-R,sustainability,0.19401588574679707,has_contribution_guidelines,False,0.0,0.168182,0.0
WISH-R,security,0.0,default_branch_protected,False,0.0,0.47669736382597355,0.0
WISH-R,security,0.0,has_security_policy,False,0.0,0.2996011877543224,0.0
WISH-R,security,0.0,gitignore_present,False,0.0,0.22370144841970407,0.0
WISH-R,security,0.0,security_updates,,,0.0,0.0
WISH-R,security,0.0,secret_scanning,,,0.0,0.0
WISH-R,scientific_impact,0.13367694183636405,fwci,,,0.0,0.0
WISH-R,scientific_impact,0.13367694183636405,citation_count,3,0.26140197200678245,0.42010770929155566,0.10981698366406473
WISH-R,scientific_impact,0.13367694183636405,star_count,5,0.05,0.32315947255229943,0.016157973627614973
WISH-R,scientific_impact,0.13367694183636405,fork_count,3,0.03,0.2567328181561449,0.0077019845446843465
WISH-R,scientific_impact,0.13367694183636405,altmetric_score,,,0.0,0.0
qdiv,compatibility,0.0,input_formats,,,0.0,0.0
qdiv,compatibility,0.0,output_formats,,,0.0,0.0
qdiv,compatibility,0.0,has_workflow_support,False,0.0,0.34142426786507973,0.0
qdiv,compatibility,0.0,has_distribution_support,False,0.0,0.6585757321349203,0.0
qdiv,fairness,1.0,license,,,0.0,0.0
qdiv,fairness,1.0,repository,,,0.0,0.0
qdiv,fairness,1.0,registry,,,0.0,0.0
qdiv,fairness,1.0,citation,,,0.0,0.0
qdiv,fairness,1.0,checklist,,,0.0,0.0
qdiv,fairness,1.0,publication_open_access,True,1.0,1.0,1.0
qdiv,maintainability,0.6132094926899999,nloc_per_file,247.31,0.75269,0.342201,0.25757127068999996
qdiv,maintainability,0.6132094926899999,avg_ccn,8.97,0.11444444444444435,0.324063,0.03708720999999997
qdiv,maintainability,0.6132094926899999,duplicate_rate,4.55,0.9545,0.333736,0.31855101199999997
qdiv,sustainability,0.30049607257368827,avg_issue_close_time_days,11.693715277777779,0.8700698302469135,0.199091,0.17322307257368824
qdiv,sustainability,0.30049607257368827,num_open_issues,0,1.0,0.127273,0.127273
qdiv,sustainability,0.30049607257368827,days_since_last_commit,193,0.0,0.114545,0.0
qdiv,sustainability,0.30049607257368827,inverse_simpson_index,1.0,0.0,0.241818,0.0
qdiv,sustainability,0.30049607257368827,has_releases,False,0.0,0.149091,0.0
qdiv,sustainability,0.30049607257368827,has_contribution_guidelines,False,0.0,0.168182,0.0
qdiv,security,0.0,default_branch_protected,False,0.0,0.47669736382597355,0.0
qdiv,security,0.0,has_security_policy,False,0.0,0.2996011877543224,0.0
qdiv,security,0.0,gitignore_present,False,0.0,0.22370144841970407,0.0
qdiv,security,0.0,security_updates,,,0.0,0.0
qdiv,security,0.0,secret_scanning,,,0.0,0.0
qdiv,scientific_impact,0.28924218565847615,fwci,,,0.0,0.0
qdiv,scientific_impact,0.28924218565847615,citation_count,32,0.6593072851898583,0.42010770929155566,0.27698007330034574
qdiv,scientific_impact,0.28924218565847615,star_count,3,0.03,0.32315947255229943,0.009694784176568983
qdiv,scientific_impact,0.28924218565847615,fork_count,1,0.01,0.2567328181561449,0.0025673281815614493
qdiv,scientific_impact,0.28924218565847615,altmetric_score,,,0.0,0.0
Adera2.0,compatibility,0.0,input_formats,,,0.0,0.0
Adera2.0,compatibility,0.0,output_formats,,,0.0,0.0
Adera2.0,compatibility,0.0,has_workflow_support,False,0.0,0.34142426786507973,0.0
Adera2.0,compatibility,0.0,has_distribution_support,False,0.0,0.6585757321349203,0.0
Adera2.0,fairness,1.0,license,,,0.0,0.0
Adera2.0,fairness,1.0,repository,,,0.0,0.0
Adera2.0,fairness,1.0,registry,,,0.0,0.0
Adera2.0,fairness,1.0,citation,,,0.0,0.0
Adera2.0,fairness,1.0,checklist,,,0.0,0.0
Adera2.0,fairness,1.0,publication_open_access,True,1.0,1.0,1.0
Adera2.0,maintainability,0.910367548,nloc_per_file,82.0,0.918,0.342201,0.314140518
Adera2.0,maintainability,0.910367548,avg_ccn,2.71,0.81,0.324063,0.26249103
Adera2.0,maintainability,0.910367548,duplicate_rate,0.0,1.0,0.333736,0.333736
Adera2.0,sustainability,0.17260141504296714,avg_issue_close_time_days,,,0.0,0.0
Adera2.0,sustainability,0.17260141504296714,num_open_issues,0,1.0,0.15891068773106556,0.15891068773106556
Adera2.0,sustainability,0.17260141504296714,days_since_last_commit,692,0.0,0.14301874495104935,0.0
Adera2.0,sustainability,0.17260141504296714,inverse_simpson_index,1.8615384615384616,0.045344129554655874,0.301929432682115,0.01369072731190157
Adera2.0,sustainability,0.17260141504296714,has_releases,False,0.0,0.18615223452352264,0.0
Adera2.0,sustainability,0.17260141504296714,has_contribution_guidelines,False,0.0,0.20998890011224747,0.0
Adera2.0,security,0.0,default_branch_protected,False,0.0,0.47669736382597355,0.0
Adera2.0,security,0.0,has_security_policy,False,0.0,0.2996011877543224,0.0
Adera2.0,security,0.0,gitignore_present,False,0.0,0.22370144841970407,0.0
Adera2.0,security,0.0,security_updates,,,0.0,0.0
Adera2.0,security,0.0,secret_scanning,,,0.0,0.0
Adera2.0,scientific_impact,0.13395675928373518,fwci,,,0.0,0.0
Adera2.0,scientific_impact,0.13395675928373518,citation_count,4,0.303478291430754,0.42010770929155566,0.1274935698326892
Adera2.0,scientific_impact,0.13395675928373518,star_count,2,0.02,0.32315947255229943,0.006463189451045989
Adera2.0,scientific_impact,0.13395675928373518,fork_count,0,0.0,0.2567328181561449,0.0
Adera2.0,scientific_impact,0.13395675928373518,altmetric_score,,,0.0,0.0
PatientMatcher,compatibility,0.0,input_formats,,,0.0,0.0
PatientMatcher,compatibility,0.0,output_formats,,,0.0,0.0
PatientMatcher,compatibility,0.0,has_workflow_support,False,0.0,0.34142426786507973,0.0
PatientMatcher,compatibility,0.0,has_distribution_support,False,0.0,0.6585757321349203,0.0
PatientMatcher,fairness,1.0,license,,,0.0,0.0
PatientMatcher,fairness,1.0,repository,,,0.0,0.0
PatientMatcher,fairness,1.0,registry,,,0.0,0.0
PatientMatcher,fairness,1.0,citation,,,0.0,0.0
PatientMatcher,fairness,1.0,checklist,,,0.0,0.0
PatientMatcher,fairness,1.0,publication_open_access,True,1.0,1.0,1.0
PatientMatcher,maintainability,0.90579630099,nloc_per_file,58.21,0.94179,0.342201,0.32228147979
PatientMatcher,maintainability,0.90579630099,avg_ccn,2.43,0.8411111111111111,0.324063,0.27257299
PatientMatcher,maintainability,0.90579630099,duplicate_rate,6.83,0.9317,0.333736,0.31094183119999996
PatientMatcher,sustainability,0.26071085071651784,avg_issue_close_time_days,28.828095460199005,0.6796878282200111,0.199091,0.1353197294081502
PatientMatcher,sustainability,0.26071085071651784,num_open_issues,4,0.98,0.127273,0.12472754
PatientMatcher,sustainability,0.26071085071651784,days_since_last_commit,427,0.0,0.114545,0.0
PatientMatcher,sustainability,0.26071085071651784,inverse_simpson_index,1.0521385705736752,0.002744135293351327,0.241818,0.0006635813083676312
PatientMatcher,sustainability,0.26071085071651784,has_releases,False,0.0,0.149091,0.0
PatientMatcher,sustainability,0.26071085071651784,has_contribution_guidelines,False,0.0,0.168182,0.0
PatientMatcher,security,0.47669736382597355,default_branch_protected,True,1.0,0.47669736382597355,0.47669736382597355
PatientMatcher,security,0.47669736382597355,has_security_policy,False,0.0,0.2996011877543224,0.0
PatientMatcher,security,0.47669736382597355,gitignore_present,False,0.0,0.22370144841970407,0.0
PatientMatcher,security,0.47669736382597355,security_updates,,,0.0,0.0
PatientMatcher,security,0.47669736382597355,secret_scanning,,,0.0,0.0
PatientMatcher,scientific_impact,0.2108980587846219,fwci,,,0.0,0.0
PatientMatcher,scientific_impact,0.2108980587846219,citation_count,6,0.3669240563744024,0.42010770929155566,0.1541476248074158
PatientMatcher,scientific_impact,0.2108980587846219,star_count,12,0.12,0.32315947255229943,0.03877913670627593
PatientMatcher,scientific_impact,0.2108980587846219,fork_count,7,0.07,0.2567328181561449,0.017971297270930144
PatientMatcher,scientific_impact,0.2108980587846219,altmetric_score,,,0.0,0.0
pytximport,compatibility,0.0,input_formats,,,0.0,0.0
pytximport,compatibility,0.0,output_formats,,,0.0,0.0
pytximport,compatibility,0.0,has_workflow_support,False,0.0,0.34142426786507973,0.0
pytximport,compatibility,0.0,has_distribution_support,False,0.0,0.6585757321349203,0.0
pytximport,fairness,1.0,license,,,0.0,0.0
pytximport,fairness,1.0,repository,,,0.0,0.0
pytximport,fairness,1.0,registry,,,0.0,0.0
pytximport,fairness,1.0,citation,,,0.0,0.0
pytximport,fairness,1.0,checklist,,,0.0,0.0
pytximport,fairness,1.0,publication_open_access,True,1.0,1.0,1.0
pytximport,maintainability,0.77756868071,nloc_per_file,51.29,0.9487099999999999,0.342201,0.32464951071
pytximport,maintainability,0.77756868071,avg_ccn,6.69,0.36777777777777776,0.324063,0.11918316999999999
pytximport,maintainability,0.77756868071,duplicate_rate,0.0,1.0,0.333736,0.333736
pytximport,sustainability,0.30923162058463693,avg_issue_close_time_days,7.664247685185185,0.9148416923868313,0.199091,0.18213674737898664
pytximport,sustainability,0.30923162058463693,num_open_issues,4,0.98,0.127273,0.12472754
pytximport,sustainability,0.30923162058463693,days_since_last_commit,196,0.0,0.114545,0.0
pytximport,sustainability,0.30923162058463693,inverse_simpson_index,1.1860048917258248,0.009789731143464464,0.241818,0.00236733320565029
pytximport,sustainability,0.30923162058463693,has_releases,False,0.0,0.149091,0.0
pytximport,sustainability,0.30923162058463693,has_contribution_guidelines,False,0.0,0.168182,0.0
pytximport,security,0.47669736382597355,default_branch_protected,True,1.0,0.47669736382597355,0.47669736382597355
pytximport,security,0.47669736382597355,has_security_policy,False,0.0,0.2996011877543224,0.0
pytximport,security,0.47669736382597355,gitignore_present,False,0.0,0.22370144841970407,0.0
pytximport,security,0.47669736382597355,security_updates,,,0.0,0.0
pytximport,security,0.47669736382597355,secret_scanning,,,0.0,0.0
pytximport,scientific_impact,0.19900172139264402,fwci,,,0.0,0.0
pytximport,scientific_impact,0.19900172139264402,citation_count,1,0.13070098600339122,0.42010770929155566,0.05490849183203236
pytximport,scientific_impact,0.19900172139264402,star_count,43,0.43,0.32315947255229943,0.13895857319748875
pytximport,scientific_impact,0.19900172139264402,fork_count,2,0.02,0.2567328181561449,0.0051346563631228985
pytximport,scientific_impact,0.19900172139264402,altmetric_score,,,0.0,0.0
CLIPPER 2.0,compatibility,0.0,input_formats,,,0.0,0.0
CLIPPER 2.0,compatibility,0.0,output_formats,,,0.0,0.0
CLIPPER 2.0,compatibility,0.0,has_workflow_support,False,0.0,0.34142426786507973,0.0
CLIPPER 2.0,compatibility,0.0,has_distribution_support,False,0.0,0.6585757321349203,0.0
CLIPPER 2.0,fairness,1.0,license,,,0.0,0.0
CLIPPER 2.0,fairness,1.0,repository,,,0.0,0.0
CLIPPER 2.0,fairness,1.0,registry,,,0.0,0.0
CLIPPER 2.0,fairness,1.0,citation,,,0.0,0.0
CLIPPER 2.0,fairness,1.0,checklist,,,0.0,0.0
CLIPPER 2.0,fairness,1.0,publication_open_access,True,1.0,1.0,1.0
CLIPPER 2.0,maintainability,0.7613395414699999,nloc_per_file,220.93,0.7790699999999999,0.342201,0.26659853307
CLIPPER 2.0,maintainability,0.7613395414699999,avg_ccn,4.99,0.5566666666666666,0.324063,0.18039507
CLIPPER 2.0,maintainability,0.7613395414699999,duplicate_rate,5.81,0.9419,0.333736,0.31434593839999997
CLIPPER 2.0,sustainability,0.1706351503489136,avg_issue_close_time_days,,,0.0,0.0
CLIPPER 2.0,sustainability,0.1706351503489136,num_open_issues,0,1.0,0.15891068773106556,0.15891068773106556
CLIPPER 2.0,sustainability,0.1706351503489136,days_since_last_commit,212,0.0,0.14301874495104935,0.0
CLIPPER 2.0,sustainability,0.1706351503489136,inverse_simpson_index,1.7378041543026705,0.0388317975948774,0.301929432682115,0.01172446261784805
CLIPPER 2.0,sustainability,0.1706351503489136,has_releases,False,0.0,0.18615223452352264,0.0
CLIPPER 2.0,sustainability,0.1706351503489136,has_contribution_guidelines,False,0.0,0.20998890011224747,0.0
CLIPPER 2.0,security,0.0,default_branch_protected,False,0.0,0.47669736382597355,0.0
CLIPPER 2.0,security,0.0,has_security_policy,False,0.0,0.2996011877543224,0.0
CLIPPER 2.0,security,0.0,gitignore_present,False,0.0,0.22370144841970407,0.0
CLIPPER 2.0,security,0.0,security_updates,,,0.0,0.0
CLIPPER 2.0,security,0.0,secret_scanning,,,0.0,0.0
CLIPPER 2.0,scientific_impact,0.2277097887547392,fwci,,,0.0,0.0
CLIPPER 2.0,scientific_impact,0.2277097887547392,citation_count,12,0.4836511198071519,0.42010770929155566,0.20318556403847834
CLIPPER 2.0,scientific_impact,0.2277097887547392,star_count,6,0.06,0.32315947255229943,0.019389568353137966
CLIPPER 2.0,scientific_impact,0.2277097887547392,fork_count,2,0.02,0.2567328181561449,0.0051346563631228985
CLIPPER 2.0,scientific_impact,0.2277097887547392,altmetric_score,,,0.0,0.0
MSLibrarian,compatibility,0.0,input_formats,,,0.0,0.0
MSLibrarian,compatibility,0.0,output_formats,,,0.0,0.0
MSLibrarian,compatibility,0.0,has_workflow_support,False,0.0,0.34142426786507973,0.0
MSLibrarian,compatibility,0.0,has_distribution_support,False,0.0,0.6585757321349203,0.0
MSLibrarian,fairness,1.0,license,,,0.0,0.0
MSLibrarian,fairness,1.0,repository,,,0.0,0.0
MSLibrarian,fairness,1.0,registry,,,0.0,0.0
MSLibrarian,fairness,1.0,citation,,,0.0,0.0
MSLibrarian,fairness,1.0,checklist,,,0.0,0.0
MSLibrarian,fairness,1.0,publication_open_access,True,1.0,1.0,1.0
MSLibrarian,maintainability,0.90739882141,nloc_per_file,29.79,0.97021,0.342201,0.33200683221
MSLibrarian,maintainability,0.90739882141,avg_ccn,3.17,0.758888888888889,0.324063,0.24592781000000002
MSLibrarian,maintainability,0.90739882141,duplicate_rate,1.28,0.9872,0.333736,0.3294641792
MSLibrarian,sustainability,0.305858280133211,avg_issue_close_time_days,9.077916666666667,0.8991342592592593,0.199091,0.1790095388101852
MSLibrarian,sustainability,0.305858280133211,num_open_issues,1,0.995,0.127273,0.126636635
MSLibrarian,sustainability,0.305858280133211,days_since_last_commit,1491,0.0,0.114545,0.0
MSLibrarian,sustainability,0.305858280133211,inverse_simpson_index,1.0166655093396293,0.0008771320705068048,0.241818,0.00021210632302581453
MSLibrarian,sustainability,0.305858280133211,has_releases,False,0.0,0.149091,0.0
MSLibrarian,sustainability,0.305858280133211,has_contribution_guidelines,False,0.0,0.168182,0.0
MSLibrarian,security,0.0,default_branch_protected,False,0.0,0.47669736382597355,0.0
MSLibrarian,security,0.0,has_security_policy,False,0.0,0.2996011877543224,0.0
MSLibrarian,security,0.0,gitignore_present,False,0.0,0.22370144841970407,0.0
MSLibrarian,security,0.0,security_updates,,,0.0,0.0
MSLibrarian,security,0.0,secret_scanning,,,0.0,0.0
MSLibrarian,scientific_impact,0.25429844279677016,fwci,,,0.0,0.0
MSLibrarian,scientific_impact,0.25429844279677016,citation_count,13,0.4976250423777937,0.42010770929155566,0.20905611663944823
MSLibrarian,scientific_impact,0.25429844279677016,star_count,14,0.14,0.32315947255229943,0.045242326157321926
MSLibrarian,scientific_impact,0.25429844279677016,fork_count,0,0.0,0.2567328181561449,0.0
MSLibrarian,scientific_impact,0.25429844279677016,altmetric_score,,,0.0,0.0
Quandenser+Triqler,compatibility,0.0,input_formats,,,0.0,0.0
Quandenser+Triqler,compatibility,0.0,output_formats,,,0.0,0.0
Quandenser+Triqler,compatibility,0.0,has_workflow_support,False,0.0,0.34142426786507973,0.0
Quandenser+Triqler,compatibility,0.0,has_distribution_support,False,0.0,0.6585757321349203,0.0
Quandenser+Triqler,fairness,1.0,license,,,0.0,0.0
Quandenser+Triqler,fairness,1.0,repository,,,0.0,0.0
Quandenser+Triqler,fairness,1.0,registry,,,0.0,0.0
Quandenser+Triqler,fairness,1.0,citation,,,0.0,0.0
Quandenser+Triqler,fairness,1.0,checklist,,,0.0,0.0
Quandenser+Triqler,fairness,1.0,publication_open_access,True,1.0,1.0,1.0
Quandenser+Triqler,maintainability,0.90290246039,nloc_per_file,75.61,0.92439,0.342201,0.31632718239
Quandenser+Triqler,maintainability,0.90290246039,avg_ccn,2.89,0.79,0.324063,0.25600977
Quandenser+Triqler,maintainability,0.90290246039,duplicate_rate,0.95,0.9905,0.333736,0.330565508
Quandenser+Triqler,sustainability,0.1988612295415125,avg_issue_close_time_days,56.675910087719295,0.37026766569200786,0.199091,0.07371695983028753
Quandenser+Triqler,sustainability,0.1988612295415125,num_open_issues,6,0.97,0.127273,0.12345481
Quandenser+Triqler,sustainability,0.1988612295415125,days_since_last_commit,1496,0.0,0.114545,0.0
Quandenser+Triqler,sustainability,0.1988612295415125,inverse_simpson_index,1.1327433628318584,0.006986492780624126,0.241818,0.001689459711224965
Quandenser+Triqler,sustainability,0.1988612295415125,has_releases,False,0.0,0.149091,0.0
Quandenser+Triqler,sustainability,0.1988612295415125,has_contribution_guidelines,False,0.0,0.168182,0.0
Quandenser+Triqler,security,0.0,default_branch_protected,False,0.0,0.47669736382597355,0.0
Quandenser+Triqler,security,0.0,has_security_policy,False,0.0,0.2996011877543224,0.0
Quandenser+Triqler,security,0.0,gitignore_present,False,0.0,0.22370144841970407,0.0
Quandenser+Triqler,security,0.0,security_updates,,,0.0,0.0
Quandenser+Triqler,security,0.0,secret_scanning,,,0.0,0.0
Quandenser+Triqler,scientific_impact,0.29243774328373123,fwci,,,0.0,0.0
Quandenser+Triqler,scientific_impact,0.29243774328373123,citation_count,24,0.606956582861508,0.42010770929155566,0.2549871396653784
Quandenser+Triqler,scientific_impact,0.29243774328373123,star_count,10,0.1,0.32315947255229943,0.032315947255229946
Quandenser+Triqler,scientific_impact,0.29243774328373123,fork_count,2,0.02,0.2567328181561449,0.0051346563631228985
Quandenser+Triqler,scientific_impact,0.29243774328373123,altmetric_score,,,0.0,0.0
pycabnn,compatibility,0.0,input_formats,,,0.0,0.0
pycabnn,compatibility,0.0,output_formats,,,0.0,0.0
pycabnn,compatibility,0.0,has_workflow_support,False,0.0,0.34142426786507973,0.0
pycabnn,compatibility,0.0,has_distribution_support,False,0.0,0.6585757321349203,0.0
pycabnn,fairness,1.0,license,,,0.0,0.0
pycabnn,fairness,1.0,repository,,,0.0,0.0
pycabnn,fairness,1.0,registry,,,0.0,0.0
pycabnn,fairness,1.0,citation,,,0.0,0.0
pycabnn,fairness,1.0,checklist,,,0.0,0.0
pycabnn,fairness,1.0,publication_open_access,True,1.0,1.0,1.0
pycabnn,maintainability,0.8732039528,nloc_per_file,82.0,0.918,0.342201,0.314140518
pycabnn,maintainability,0.8732039528,avg_ccn,3.11,0.7655555555555555,0.324063,0.24808823
pycabnn,maintainability,0.8732039528,duplicate_rate,6.82,0.9318,0.333736,0.31097520479999996
pycabnn,sustainability,0.24802813388366277,avg_issue_close_time_days,40.192453703703706,0.5534171810699589,0.199091,0.11018037999639917
pycabnn,sustainability,0.24802813388366277,num_open_issues,2,0.99,0.127273,0.12600027
pycabnn,sustainability,0.24802813388366277,days_since_last_commit,1446,0.0,0.114545,0.0
pycabnn,sustainability,0.24802813388366277,inverse_simpson_index,1.9308744339048733,0.04899339125815123,0.241818,0.011847483887263614
pycabnn,sustainability,0.24802813388366277,has_releases,False,0.0,0.149091,0.0
pycabnn,sustainability,0.24802813388366277,has_contribution_guidelines,False,0.0,0.168182,0.0
pycabnn,security,0.47669736382597355,default_branch_protected,True,1.0,0.47669736382597355,0.47669736382597355
pycabnn,security,0.47669736382597355,has_security_policy,False,0.0,0.2996011877543224,0.0
pycabnn,security,0.47669736382597355,gitignore_present,False,0.0,0.22370144841970407,0.0
pycabnn,security,0.47669736382597355,security_updates,,,0.0,0.0
pycabnn,security,0.47669736382597355,secret_scanning,,,0.0,0.0
pycabnn,scientific_impact,0.1561015663526879,fwci,,,0.0,0.0
pycabnn,scientific_impact,0.1561015663526879,citation_count,5,0.337857147626047,0.42010770929155566,0.14193639235695757
pycabnn,scientific_impact,0.1561015663526879,star_count,2,0.02,0.32315947255229943,0.006463189451045989
pycabnn,scientific_impact,0.1561015663526879,fork_count,3,0.03,0.2567328181561449,0.0077019845446843465
pycabnn,scientific_impact,0.1561015663526879,altmetric_score,,,0.0,0.0
BacSPaD,compatibility,0.0,input_formats,,,0.0,0.0
BacSPaD,compatibility,0.0,output_formats,,,0.0,0.0
BacSPaD,compatibility,0.0,has_workflow_support,False,0.0,0.34142426786507973,0.0
BacSPaD,compatibility,0.0,has_distribution_support,False,0.0,0.6585757321349203,0.0
BacSPaD,fairness,1.0,license,,,0.0,0.0
BacSPaD,fairness,1.0,repository,,,0.0,0.0
BacSPaD,fairness,1.0,registry,,,0.0,0.0
BacSPaD,fairness,1.0,citation,,,0.0,0.0
BacSPaD,fairness,1.0,checklist,,,0.0,0.0
BacSPaD,fairness,1.0,publication_open_access,True,1.0,1.0,1.0
BacSPaD,maintainability,1.0,nloc_per_file,0.0,1.0,0.342201,0.342201
BacSPaD,maintainability,1.0,avg_ccn,0.0,1.0,0.324063,0.324063
BacSPaD,maintainability,1.0,duplicate_rate,0.0,1.0,0.333736,0.333736
BacSPaD,sustainability,0.15891068773106556,avg_issue_close_time_days,,,0.0,0.0
BacSPaD,sustainability,0.15891068773106556,num_open_issues,0,1.0,0.15891068773106556,0.15891068773106556
BacSPaD,sustainability,0.15891068773106556,days_since_last_commit,779,0.0,0.14301874495104935,0.0
BacSPaD,sustainability,0.15891068773106556,inverse_simpson_index,1.0,0.0,0.301929432682115,0.0
BacSPaD,sustainability,0.15891068773106556,has_releases,False,0.0,0.18615223452352264,0.0
BacSPaD,sustainability,0.15891068773106556,has_contribution_guidelines,False,0.0,0.20998890011224747,0.0
BacSPaD,security,0.0,default_branch_protected,False,0.0,0.47669736382597355,0.0
BacSPaD,security,0.0,has_security_policy,False,0.0,0.2996011877543224,0.0
BacSPaD,security,0.0,gitignore_present,False,0.0,0.22370144841970407,0.0
BacSPaD,security,0.0,security_updates,,,0.0,0.0
BacSPaD,security,0.0,secret_scanning,,,0.0,0.0
BacSPaD,scientific_impact,0.05747582001359381,fwci,,,0.0,0.0
BacSPaD,scientific_impact,0.05747582001359381,citation_count,1,0.13070098600339122,0.42010770929155566,0.05490849183203236
BacSPaD,scientific_impact,0.05747582001359381,star_count,0,0.0,0.32315947255229943,0.0
BacSPaD,scientific_impact,0.05747582001359381,fork_count,1,0.01,0.2567328181561449,0.0025673281815614493
BacSPaD,scientific_impact,0.05747582001359381,altmetric_score,,,0.0,0.0
DEER-PREdict,compatibility,0.0,input_formats,,,0.0,0.0
DEER-PREdict,compatibility,0.0,output_formats,,,0.0,0.0
DEER-PREdict,compatibility,0.0,has_workflow_support,False,0.0,0.34142426786507973,0.0
DEER-PREdict,compatibility,0.0,has_distribution_support,False,0.0,0.6585757321349203,0.0
DEER-PREdict,fairness,1.0,license,,,0.0,0.0
DEER-PREdict,fairness,1.0,repository,,,0.0,0.0
DEER-PREdict,fairness,1.0,registry,,,0.0,0.0
DEER-PREdict,fairness,1.0,citation,,,0.0,0.0
DEER-PREdict,fairness,1.0,checklist,,,0.0,0.0
DEER-PREdict,fairness,1.0,publication_open_access,True,1.0,1.0,1.0
DEER-PREdict,maintainability,0.9109398364999999,nloc_per_file,43.5,0.9565,0.342201,0.3273152565
DEER-PREdict,maintainability,0.9109398364999999,avg_ccn,3.06,0.7711111111111111,0.324063,0.24988857999999997
DEER-PREdict,maintainability,0.9109398364999999,duplicate_rate,0.0,1.0,0.333736,0.333736
DEER-PREdict,sustainability,0.3255373520131583,avg_issue_close_time_days,1.88423225308642,0.9790640860768176,0.199091,0.1949228479611197
DEER-PREdict,sustainability,0.3255373520131583,num_open_issues,0,1.0,0.127273,0.127273
DEER-PREdict,sustainability,0.3255373520131583,days_since_last_commit,506,0.0,0.114545,0.0
DEER-PREdict,sustainability,0.3255373520131583,inverse_simpson_index,1.2625469443496073,0.013818260228926703,0.241818,0.0033415040520385973
DEER-PREdict,sustainability,0.3255373520131583,has_releases,False,0.0,0.149091,0.0
DEER-PREdict,sustainability,0.3255373520131583,has_contribution_guidelines,False,0.0,0.168182,0.0
DEER-PREdict,security,0.0,default_branch_protected,False,0.0,0.47669736382597355,0.0
DEER-PREdict,security,0.0,has_security_policy,False,0.0,0.2996011877543224,0.0
DEER-PREdict,security,0.0,gitignore_present,False,0.0,0.22370144841970407,0.0
DEER-PREdict,security,0.0,security_updates,,,0.0,0.0
DEER-PREdict,security,0.0,secret_scanning,,,0.0,0.0
DEER-PREdict,scientific_impact,0.3853598529246752,fwci,,,0.0,0.0
DEER-PREdict,scientific_impact,0.3853598529246752,citation_count,66,0.7928438383773442,0.42010770929155566,0.33307980876663046
DEER-PREdict,scientific_impact,0.3853598529246752,star_count,13,0.13,0.32315947255229943,0.042010731431798926
DEER-PREdict,scientific_impact,0.3853598529246752,fork_count,4,0.04,0.2567328181561449,0.010269312726245797
DEER-PREdict,scientific_impact,0.3853598529246752,altmetric_score,,,0.0,0.0
blik,compatibility,0.0,input_formats,,,0.0,0.0
blik,compatibility,0.0,output_formats,,,0.0,0.0
blik,compatibility,0.0,has_workflow_support,False,0.0,0.34142426786507973,0.0
blik,compatibility,0.0,has_distribution_support,False,0.0,0.6585757321349203,0.0
blik,fairness,1.0,license,,,0.0,0.0
blik,fairness,1.0,repository,,,0.0,0.0
blik,fairness,1.0,registry,,,0.0,0.0
blik,fairness,1.0,citation,,,0.0,0.0
blik,fairness,1.0,checklist,,,0.0,0.0
blik,fairness,1.0,publication_open_access,True,1.0,1.0,1.0
blik,maintainability,0.91403670167,nloc_per_file,72.33,0.92767,0.342201,0.31744960166999997
blik,maintainability,0.91403670167,avg_ccn,2.7,0.8111111111111111,0.324063,0.2628511
blik,maintainability,0.91403670167,duplicate_rate,0.0,1.0,0.333736,0.333736
blik,sustainability,0.1313588745594917,avg_issue_close_time_days,125.3614932966821,0.0,0.199091,0.0
blik,sustainability,0.1313588745594917,num_open_issues,6,0.97,0.127273,0.12345481
blik,sustainability,0.1313588745594917,days_since_last_commit,297,0.0,0.114545,0.0
blik,sustainability,0.1313588745594917,inverse_simpson_index,1.6210341109030024,0.032686005837000126,0.241818,0.007904064559491697
blik,sustainability,0.1313588745594917,has_releases,False,0.0,0.149091,0.0
blik,sustainability,0.1313588745594917,has_contribution_guidelines,False,0.0,0.168182,0.0
blik,security,0.47669736382597355,default_branch_protected,True,1.0,0.47669736382597355,0.47669736382597355
blik,security,0.47669736382597355,has_security_policy,False,0.0,0.2996011877543224,0.0
blik,security,0.47669736382597355,gitignore_present,False,0.0,0.22370144841970407,0.0
blik,security,0.47669736382597355,security_updates,,,0.0,0.0
blik,security,0.47669736382597355,secret_scanning,,,0.0,0.0
blik,scientific_impact,0.29667692463115475,fwci,,,0.0,0.0
blik,scientific_impact,0.29667692463115475,citation_count,8,0.41431232324531164,0.42010770929155566,0.1740558010498504
blik,scientific_impact,0.29667692463115475,star_count,30,0.3,0.32315947255229943,0.09694784176568982
blik,scientific_impact,0.29667692463115475,fork_count,10,0.1,0.2567328181561449,0.025673281815614492
blik,scientific_impact,0.29667692463115475,altmetric_score,,,0.0,0.0
NXTfusion,compatibility,0.0,input_formats,,,0.0,0.0
NXTfusion,compatibility,0.0,output_formats,,,0.0,0.0
NXTfusion,compatibility,0.0,has_workflow_support,False,0.0,0.34142426786507973,0.0
NXTfusion,compatibility,0.0,has_distribution_support,False,0.0,0.6585757321349203,0.0
NXTfusion,fairness,1.0,license,,,0.0,0.0
NXTfusion,fairness,1.0,repository,,,0.0,0.0
NXTfusion,fairness,1.0,registry,,,0.0,0.0
NXTfusion,fairness,1.0,citation,,,0.0,0.0
NXTfusion,fairness,1.0,checklist,,,0.0,0.0
NXTfusion,fairness,1.0,publication_open_access,True,1.0,1.0,1.0
NXTfusion,maintainability,0.40490095345,nloc_per_file,153.35,0.84665,0.342201,0.28972447665
NXTfusion,maintainability,0.40490095345,avg_ccn,9.2,0.08888888888888902,0.324063,0.028805600000000042
NXTfusion,maintainability,0.40490095345,duplicate_rate,74.12,0.2587999999999999,0.333736,0.08637087679999997
NXTfusion,sustainability,0.15891068773106556,avg_issue_close_time_days,,,0.0,0.0
NXTfusion,sustainability,0.15891068773106556,num_open_issues,0,1.0,0.15891068773106556,0.15891068773106556
NXTfusion,sustainability,0.15891068773106556,days_since_last_commit,1283,0.0,0.14301874495104935,0.0
NXTfusion,sustainability,0.15891068773106556,inverse_simpson_index,1.0,0.0,0.301929432682115,0.0
NXTfusion,sustainability,0.15891068773106556,has_releases,False,0.0,0.18615223452352264,0.0
NXTfusion,sustainability,0.15891068773106556,has_contribution_guidelines,False,0.0,0.20998890011224747,0.0
NXTfusion,security,0.0,default_branch_protected,False,0.0,0.47669736382597355,0.0
NXTfusion,security,0.0,has_security_policy,False,0.0,0.2996011877543224,0.0
NXTfusion,security,0.0,gitignore_present,False,0.0,0.22370144841970407,0.0
NXTfusion,security,0.0,security_updates,,,0.0,0.0
NXTfusion,security,0.0,secret_scanning,,,0.0,0.0
NXTfusion,scientific_impact,0.14193639235695757,fwci,,,0.0,0.0
NXTfusion,scientific_impact,0.14193639235695757,citation_count,5,0.337857147626047,0.42010770929155566,0.14193639235695757
NXTfusion,scientific_impact,0.14193639235695757,star_count,0,0.0,0.32315947255229943,0.0
NXTfusion,scientific_impact,0.14193639235695757,fork_count,0,0.0,0.2567328181561449,0.0
NXTfusion,scientific_impact,0.14193639235695757,altmetric_score,,,0.0,0.0
BiomiX,compatibility,0.0,input_formats,,,0.0,0.0
BiomiX,compatibility,0.0,output_formats,,,0.0,0.0
BiomiX,compatibility,0.0,has_workflow_support,False,0.0,0.34142426786507973,0.0
BiomiX,compatibility,0.0,has_distribution_support,False,0.0,0.6585757321349203,0.0
BiomiX,fairness,1.0,license,,,0.0,0.0
BiomiX,fairness,1.0,repository,,,0.0,0.0
BiomiX,fairness,1.0,registry,,,0.0,0.0
BiomiX,fairness,1.0,citation,,,0.0,0.0
BiomiX,fairness,1.0,checklist,,,0.0,0.0
BiomiX,fairness,1.0,publication_open_access,True,1.0,1.0,1.0
BiomiX,maintainability,0.6720235999699999,nloc_per_file,258.83,0.74117,0.342201,0.25362911517
BiomiX,maintainability,0.6720235999699999,avg_ccn,3.68,0.7022222222222222,0.324063,0.22756423999999997
BiomiX,maintainability,0.6720235999699999,duplicate_rate,42.82,0.5718,0.333736,0.19083024479999997
BiomiX,sustainability,0.29580163685828187,avg_issue_close_time_days,13.81585648148148,0.8464904835390947,0.199091,0.1685286368582819
BiomiX,sustainability,0.29580163685828187,num_open_issues,0,1.0,0.127273,0.127273
BiomiX,sustainability,0.29580163685828187,days_since_last_commit,263,0.0,0.114545,0.0
BiomiX,sustainability,0.29580163685828187,inverse_simpson_index,1.0,0.0,0.241818,0.0
BiomiX,sustainability,0.29580163685828187,has_releases,False,0.0,0.149091,0.0
BiomiX,sustainability,0.29580163685828187,has_contribution_guidelines,False,0.0,0.168182,0.0
BiomiX,security,0.0,default_branch_protected,False,0.0,0.47669736382597355,0.0
BiomiX,security,0.0,has_security_policy,False,0.0,0.2996011877543224,0.0
BiomiX,security,0.0,gitignore_present,False,0.0,0.22370144841970407,0.0
BiomiX,security,0.0,security_updates,,,0.0,0.0
BiomiX,security,0.0,secret_scanning,,,0.0,0.0
BiomiX,scientific_impact,0.1955449696029254,fwci,,,0.0,0.0
BiomiX,scientific_impact,0.1955449696029254,citation_count,5,0.337857147626047,0.42010770929155566,0.14193639235695757
BiomiX,scientific_impact,0.1955449696029254,star_count,15,0.15,0.32315947255229943,0.04847392088284491
BiomiX,scientific_impact,0.1955449696029254,fork_count,2,0.02,0.2567328181561449,0.0051346563631228985
BiomiX,scientific_impact,0.1955449696029254,altmetric_score,,,0.0,0.0
GeneDMRs,compatibility,0.0,input_formats,,,0.0,0.0
GeneDMRs,compatibility,0.0,output_formats,,,0.0,0.0
GeneDMRs,compatibility,0.0,has_workflow_support,False,0.0,0.34142426786507973,0.0
GeneDMRs,compatibility,0.0,has_distribution_support,False,0.0,0.6585757321349203,0.0
GeneDMRs,fairness,1.0,license,,,0.0,0.0
GeneDMRs,fairness,1.0,repository,,,0.0,0.0
GeneDMRs,fairness,1.0,registry,,,0.0,0.0
GeneDMRs,fairness,1.0,citation,,,0.0,0.0
GeneDMRs,fairness,1.0,checklist,,,0.0,0.0
GeneDMRs,fairness,1.0,publication_open_access,True,1.0,1.0,1.0
GeneDMRs,maintainability,0.71801949304,nloc_per_file,137.36,0.86264,0.342201,0.29519627064
GeneDMRs,maintainability,0.71801949304,avg_ccn,6.7,0.3666666666666667,0.324063,0.1188231
GeneDMRs,maintainability,0.71801949304,duplicate_rate,8.91,0.9109,0.333736,0.3040001224
GeneDMRs,sustainability,0.2493561248962191,avg_issue_close_time_days,33.661076388888894,0.6259880401234568,0.199091,0.12462858489621913
GeneDMRs,sustainability,0.2493561248962191,num_open_issues,4,0.98,0.127273,0.12472754
GeneDMRs,sustainability,0.2493561248962191,days_since_last_commit,1041,0.0,0.114545,0.0
GeneDMRs,sustainability,0.2493561248962191,inverse_simpson_index,1.0,0.0,0.241818,0.0
GeneDMRs,sustainability,0.2493561248962191,has_releases,False,0.0,0.149091,0.0
GeneDMRs,sustainability,0.2493561248962191,has_contribution_guidelines,False,0.0,0.168182,0.0
GeneDMRs,security,0.0,default_branch_protected,False,0.0,0.47669736382597355,0.0
GeneDMRs,security,0.0,has_security_policy,False,0.0,0.2996011877543224,0.0
GeneDMRs,security,0.0,gitignore_present,False,0.0,0.22370144841970407,0.0
GeneDMRs,security,0.0,security_updates,,,0.0,0.0
GeneDMRs,security,0.0,secret_scanning,,,0.0,0.0
GeneDMRs,scientific_impact,0.1941655566073301,fwci,,,0.0,0.0
GeneDMRs,scientific_impact,0.1941655566073301,citation_count,6,0.3669240563744024,0.42010770929155566,0.1541476248074158
GeneDMRs,scientific_impact,0.1941655566073301,star_count,10,0.1,0.32315947255229943,0.032315947255229946
GeneDMRs,scientific_impact,0.1941655566073301,fork_count,3,0.03,0.2567328181561449,0.0077019845446843465
GeneDMRs,scientific_impact,0.1941655566073301,altmetric_score,,,0.0,0.0
OneFlowTraX,compatibility,0.0,input_formats,,,0.0,0.0
OneFlowTraX,compatibility,0.0,output_formats,,,0.0,0.0
OneFlowTraX,compatibility,0.0,has_workflow_support,False,0.0,0.34142426786507973,0.0
OneFlowTraX,compatibility,0.0,has_distribution_support,False,0.0,0.6585757321349203,0.0
OneFlowTraX,fairness,1.0,license,,,0.0,0.0
OneFlowTraX,fairness,1.0,repository,,,0.0,0.0
OneFlowTraX,fairness,1.0,registry,,,0.0,0.0
OneFlowTraX,fairness,1.0,citation,,,0.0,0.0
OneFlowTraX,fairness,1.0,checklist,,,0.0,0.0
OneFlowTraX,fairness,1.0,publication_open_access,True,1.0,1.0,1.0
OneFlowTraX,maintainability,0.9724714072999999,nloc_per_file,15.5,0.9845,0.342201,0.3368968845
OneFlowTraX,maintainability,0.9724714072999999,avg_ccn,1.43,0.9522222222222222,0.324063,0.30857998999999997
OneFlowTraX,maintainability,0.9724714072999999,duplicate_rate,2.02,0.9798,0.333736,0.32699453279999996
OneFlowTraX,sustainability,0.15811613429241023,avg_issue_close_time_days,,,0.0,0.0
OneFlowTraX,sustainability,0.15811613429241023,num_open_issues,1,0.995,0.15891068773106556,0.15811613429241023
OneFlowTraX,sustainability,0.15811613429241023,days_since_last_commit,231,0.0,0.14301874495104935,0.0
OneFlowTraX,sustainability,0.15811613429241023,inverse_simpson_index,1.0,0.0,0.301929432682115,0.0
OneFlowTraX,sustainability,0.15811613429241023,has_releases,False,0.0,0.18615223452352264,0.0
OneFlowTraX,sustainability,0.15811613429241023,has_contribution_guidelines,False,0.0,0.20998890011224747,0.0
OneFlowTraX,security,0.0,default_branch_protected,False,0.0,0.47669736382597355,0.0
OneFlowTraX,security,0.0,has_security_policy,False,0.0,0.2996011877543224,0.0
OneFlowTraX,security,0.0,gitignore_present,False,0.0,0.22370144841970407,0.0
OneFlowTraX,security,0.0,security_updates,,,0.0,0.0
OneFlowTraX,security,0.0,secret_scanning,,,0.0,0.0
OneFlowTraX,scientific_impact,0.1805189905008964,fwci,,,0.0,0.0
OneFlowTraX,scientific_impact,0.1805189905008964,citation_count,8,0.41431232324531164,0.42010770929155566,0.1740558010498504
OneFlowTraX,scientific_impact,0.1805189905008964,star_count,2,0.02,0.32315947255229943,0.006463189451045989
OneFlowTraX,scientific_impact,0.1805189905008964,fork_count,0,0.0,0.2567328181561449,0.0
OneFlowTraX,scientific_impact,0.1805189905008964,altmetric_score,,,0.0,0.0
qgg,compatibility,0.0,input_formats,,,0.0,0.0
qgg,compatibility,0.0,output_formats,,,0.0,0.0
qgg,compatibility,0.0,has_workflow_support,False,0.0,0.34142426786507973,0.0
qgg,compatibility,0.0,has_distribution_support,False,0.0,0.6585757321349203,0.0
qgg,fairness,1.0,license,,,0.0,0.0
qgg,fairness,1.0,repository,,,0.0,0.0
qgg,fairness,1.0,registry,,,0.0,0.0
qgg,fairness,1.0,citation,,,0.0,0.0
qgg,fairness,1.0,checklist,,,0.0,0.0
qgg,fairness,1.0,publication_open_access,True,1.0,1.0,1.0
qgg,maintainability,0.58427455462,nloc_per_file,650.18,0.34982,0.342201,0.11970875382
qgg,maintainability,0.58427455462,avg_ccn,4.84,0.5733333333333334,0.324063,0.18579612
qgg,maintainability,0.58427455462,duplicate_rate,16.47,0.8353,0.333736,0.2787696808
qgg,sustainability,0.13112671330309214,avg_issue_close_time_days,245.9403302469136,0.0,0.199091,0.0
qgg,sustainability,0.13112671330309214,num_open_issues,1,0.995,0.127273,0.126636635
qgg,sustainability,0.13112671330309214,days_since_last_commit,191,0.0,0.114545,0.0
qgg,sustainability,0.13112671330309214,inverse_simpson_index,1.3527921319287668,0.018568006943619306,0.241818,0.004490078303092134
qgg,sustainability,0.13112671330309214,has_releases,False,0.0,0.149091,0.0
qgg,sustainability,0.13112671330309214,has_contribution_guidelines,False,0.0,0.168182,0.0
qgg,security,0.0,default_branch_protected,False,0.0,0.47669736382597355,0.0
qgg,security,0.0,has_security_policy,False,0.0,0.2996011877543224,0.0
qgg,security,0.0,gitignore_present,False,0.0,0.22370144841970407,0.0
qgg,security,0.0,security_updates,,,0.0,0.0
qgg,security,0.0,secret_scanning,,,0.0,0.0
qgg,scientific_impact,0.35239534166181363,fwci,,,0.0,0.0
qgg,scientific_impact,0.35239534166181363,citation_count,13,0.4976250423777937,0.42010770929155566,0.20905611663944823
qgg,scientific_impact,0.35239534166181363,star_count,38,0.38,0.32315947255229943,0.12280059956987378
qgg,scientific_impact,0.35239534166181363,fork_count,8,0.08,0.2567328181561449,0.020538625452491594
qgg,scientific_impact,0.35239534166181363,altmetric_score,,,0.0,0.0
ISA API,compatibility,0.0,input_formats,,,0.0,0.0
ISA API,compatibility,0.0,output_formats,,,0.0,0.0
ISA API,compatibility,0.0,has_workflow_support,False,0.0,0.34142426786507973,0.0
ISA API,compatibility,0.0,has_distribution_support,False,0.0,0.6585757321349203,0.0
ISA API,fairness,1.0,license,,,0.0,0.0
ISA API,fairness,1.0,repository,,,0.0,0.0
ISA API,fairness,1.0,registry,,,0.0,0.0
ISA API,fairness,1.0,citation,,,0.0,0.0
ISA API,fairness,1.0,checklist,,,0.0,0.0
ISA API,fairness,1.0,publication_open_access,True,1.0,1.0,1.0
ISA API,maintainability,0.8079495905526939,nloc_per_file,174.0,0.8260000000000001,0.5136117214797737,0.42424328194229316
ISA API,maintainability,0.8079495905526939,avg_ccn,2.9,0.7888888888888889,0.4863882785202262,0.38370630861040067
ISA API,maintainability,0.8079495905526939,duplicate_rate,,,0.0,0.0
ISA API,sustainability,0.13793808413844605,avg_issue_close_time_days,299.9597073100729,0.0,0.199091,0.0
ISA API,sustainability,0.13793808413844605,num_open_issues,44,0.78,0.127273,0.09927294
ISA API,sustainability,0.13793808413844605,days_since_last_commit,195,0.0,0.114545,0.0
ISA API,sustainability,0.13793808413844605,inverse_simpson_index,4.037977895071809,0.15989357342483207,0.241818,0.038665144138446045
ISA API,sustainability,0.13793808413844605,has_releases,False,0.0,0.149091,0.0
ISA API,sustainability,0.13793808413844605,has_contribution_guidelines,False,0.0,0.168182,0.0
ISA API,security,0.47669736382597355,default_branch_protected,True,1.0,0.47669736382597355,0.47669736382597355
ISA API,security,0.47669736382597355,has_security_policy,False,0.0,0.2996011877543224,0.0
ISA API,security,0.47669736382597355,gitignore_present,False,0.0,0.22370144841970407,0.0
ISA API,security,0.47669736382597355,security_updates,,,0.0,0.0
ISA API,security,0.47669736382597355,secret_scanning,,,0.0,0.0
ISA API,scientific_impact,0.496359022677954,fwci,,,0.0,0.0
ISA API,scientific_impact,0.496359022677954,citation_count,19,0.5648802634375365,0.42010770929155566,0.23731055349675395
ISA API,scientific_impact,0.496359022677954,star_count,46,0.46,0.32315947255229943,0.14865335737405774
ISA API,scientific_impact,0.496359022677954,fork_count,43,0.43,0.2567328181561449,0.1103951118071423
ISA API,scientific_impact,0.496359022677954,altmetric_score,,,0.0,0.0
CellexalVR,compatibility,0.0,input_formats,,,0.0,0.0
CellexalVR,compatibility,0.0,output_formats,,,0.0,0.0
CellexalVR,compatibility,0.0,has_workflow_support,False,0.0,0.34142426786507973,0.0
CellexalVR,compatibility,0.0,has_distribution_support,False,0.0,0.6585757321349203,0.0
CellexalVR,fairness,1.0,license,,,0.0,0.0
CellexalVR,fairness,1.0,repository,,,0.0,0.0
CellexalVR,fairness,1.0,registry,,,0.0,0.0
CellexalVR,fairness,1.0,citation,,,0.0,0.0
CellexalVR,fairness,1.0,checklist,,,0.0,0.0
CellexalVR,fairness,1.0,publication_open_access,True,1.0,1.0,1.0
CellexalVR,maintainability,0.88546800356,nloc_per_file,100.04,0.89996,0.342201,0.30796721196
CellexalVR,maintainability,0.88546800356,avg_ccn,2.61,0.8211111111111111,0.324063,0.26609172999999997
CellexalVR,maintainability,0.88546800356,duplicate_rate,6.69,0.9331,0.333736,0.3114090616
CellexalVR,sustainability,0.16826384326177876,avg_issue_close_time_days,,,0.0,0.0
CellexalVR,sustainability,0.16826384326177876,num_open_issues,1,0.995,0.15891068773106556,0.15811613429241023
CellexalVR,sustainability,0.16826384326177876,days_since_last_commit,878,0.0,0.14301874495104935,0.0
CellexalVR,sustainability,0.16826384326177876,inverse_simpson_index,1.6385812363678949,0.033609538756204996,0.301929432682115,0.01014770896936853
CellexalVR,sustainability,0.16826384326177876,has_releases,False,0.0,0.18615223452352264,0.0
CellexalVR,sustainability,0.16826384326177876,has_contribution_guidelines,False,0.0,0.20998890011224747,0.0
CellexalVR,security,0.0,default_branch_protected,False,0.0,0.47669736382597355,0.0
CellexalVR,security,0.0,has_security_policy,False,0.0,0.2996011877543224,0.0
CellexalVR,security,0.0,gitignore_present,False,0.0,0.22370144841970407,0.0
CellexalVR,security,0.0,security_updates,,,0.0,0.0
CellexalVR,security,0.0,secret_scanning,,,0.0,0.0
CellexalVR,scientific_impact,0.2777356147940583,fwci,,,0.0,0.0
CellexalVR,scientific_impact,0.2777356147940583,citation_count,18,0.5552083144780106,0.42010770929155566,0.23324729317498266
CellexalVR,scientific_impact,0.2777356147940583,star_count,9,0.09,0.32315947255229943,0.02908435252970695
CellexalVR,scientific_impact,0.2777356147940583,fork_count,6,0.06,0.2567328181561449,0.015403969089368693
CellexalVR,scientific_impact,0.2777356147940583,altmetric_score,,,0.0,0.0
RegiSTORM,compatibility,0.0,input_formats,,,0.0,0.0
RegiSTORM,compatibility,0.0,output_formats,,,0.0,0.0
RegiSTORM,compatibility,0.0,has_workflow_support,False,0.0,0.34142426786507973,0.0
RegiSTORM,compatibility,0.0,has_distribution_support,False,0.0,0.6585757321349203,0.0
RegiSTORM,fairness,1.0,license,,,0.0,0.0
RegiSTORM,fairness,1.0,repository,,,0.0,0.0
RegiSTORM,fairness,1.0,registry,,,0.0,0.0
RegiSTORM,fairness,1.0,citation,,,0.0,0.0
RegiSTORM,fairness,1.0,checklist,,,0.0,0.0
RegiSTORM,fairness,1.0,publication_open_access,True,1.0,1.0,1.0
RegiSTORM,maintainability,0.78980179167,nloc_per_file,152.33,0.8476699999999999,0.342201,0.29007352166999995
RegiSTORM,maintainability,0.78980179167,avg_ccn,5.39,0.5122222222222222,0.324063,0.16599227
RegiSTORM,maintainability,0.78980179167,duplicate_rate,0.0,1.0,0.333736,0.333736
RegiSTORM,sustainability,0.15891068773106556,avg_issue_close_time_days,,,0.0,0.0
RegiSTORM,sustainability,0.15891068773106556,num_open_issues,0,1.0,0.15891068773106556,0.15891068773106556
RegiSTORM,sustainability,0.15891068773106556,days_since_last_commit,1108,0.0,0.14301874495104935,0.0
RegiSTORM,sustainability,0.15891068773106556,inverse_simpson_index,1.0,0.0,0.301929432682115,0.0
RegiSTORM,sustainability,0.15891068773106556,has_releases,False,0.0,0.18615223452352264,0.0
RegiSTORM,sustainability,0.15891068773106556,has_contribution_guidelines,False,0.0,0.20998890011224747,0.0
RegiSTORM,security,0.0,default_branch_protected,False,0.0,0.47669736382597355,0.0
RegiSTORM,security,0.0,has_security_policy,False,0.0,0.2996011877543224,0.0
RegiSTORM,security,0.0,gitignore_present,False,0.0,0.22370144841970407,0.0
RegiSTORM,security,0.0,security_updates,,,0.0,0.0
RegiSTORM,security,0.0,secret_scanning,,,0.0,0.0
RegiSTORM,scientific_impact,0.09672268470149419,fwci,,,0.0,0.0
RegiSTORM,scientific_impact,0.09672268470149419,citation_count,2,0.2071561616226558,0.42010770929155566,0.0870279005249252
RegiSTORM,scientific_impact,0.09672268470149419,star_count,3,0.03,0.32315947255229943,0.009694784176568983
RegiSTORM,scientific_impact,0.09672268470149419,fork_count,0,0.0,0.2567328181561449,0.0
RegiSTORM,scientific_impact,0.09672268470149419,altmetric_score,,,0.0,0.0
geckopy,compatibility,0.0,input_formats,,,0.0,0.0
geckopy,compatibility,0.0,output_formats,,,0.0,0.0
geckopy,compatibility,0.0,has_workflow_support,False,0.0,0.34142426786507973,0.0
geckopy,compatibility,0.0,has_distribution_support,False,0.0,0.6585757321349203,0.0
geckopy,fairness,1.0,license,,,0.0,0.0
geckopy,fairness,1.0,repository,,,0.0,0.0
geckopy,fairness,1.0,registry,,,0.0,0.0
geckopy,fairness,1.0,citation,,,0.0,0.0
geckopy,fairness,1.0,checklist,,,0.0,0.0
geckopy,fairness,1.0,publication_open_access,True,1.0,1.0,1.0
geckopy,maintainability,0.82420811425,nloc_per_file,110.15,0.88985,0.342201,0.30450755985
geckopy,maintainability,0.82420811425,avg_ccn,4.7,0.5888888888888888,0.324063,0.19083709999999995
geckopy,maintainability,0.82420811425,duplicate_rate,1.46,0.9854,0.333736,0.3288634544
geckopy,sustainability,0.24343005242348253,avg_issue_close_time_days,35.764641203703704,0.6026150977366256,0.199091,0.11997524242348252
geckopy,sustainability,0.24343005242348253,num_open_issues,6,0.97,0.127273,0.12345481
geckopy,sustainability,0.24343005242348253,days_since_last_commit,1065,0.0,0.114545,0.0
geckopy,sustainability,0.24343005242348253,inverse_simpson_index,1.0,0.0,0.241818,0.0
geckopy,sustainability,0.24343005242348253,has_releases,False,0.0,0.149091,0.0
geckopy,sustainability,0.24343005242348253,has_contribution_guidelines,False,0.0,0.168182,0.0
geckopy,security,0.0,default_branch_protected,False,0.0,0.47669736382597355,0.0
geckopy,security,0.0,has_security_policy,False,0.0,0.2996011877543224,0.0
geckopy,security,0.0,gitignore_present,False,0.0,0.22370144841970407,0.0
geckopy,security,0.0,security_updates,,,0.0,0.0
geckopy,security,0.0,secret_scanning,,,0.0,0.0
geckopy,scientific_impact,0.24412569105382267,fwci,,,0.0,0.0
geckopy,scientific_impact,0.24412569105382267,citation_count,3,0.26140197200678245,0.42010770929155566,0.10981698366406473
geckopy,scientific_impact,0.24412569105382267,star_count,36,0.36,0.32315947255229943,0.1163374101188278
geckopy,scientific_impact,0.24412569105382267,fork_count,7,0.07,0.2567328181561449,0.017971297270930144
geckopy,scientific_impact,0.24412569105382267,altmetric_score,,,0.0,0.0
SMARTER-database,compatibility,0.0,input_formats,,,0.0,0.0
SMARTER-database,compatibility,0.0,output_formats,,,0.0,0.0
SMARTER-database,compatibility,0.0,has_workflow_support,False,0.0,0.34142426786507973,0.0
SMARTER-database,compatibility,0.0,has_distribution_support,False,0.0,0.6585757321349203,0.0
SMARTER-database,fairness,1.0,license,,,0.0,0.0
SMARTER-database,fairness,1.0,repository,,,0.0,0.0
SMARTER-database,fairness,1.0,registry,,,0.0,0.0
SMARTER-database,fairness,1.0,citation,,,0.0,0.0
SMARTER-database,fairness,1.0,checklist,,,0.0,0.0
SMARTER-database,fairness,1.0,publication_open_access,True,1.0,1.0,1.0
SMARTER-database,maintainability,0.85794542944,nloc_per_file,138.56,0.86144,0.342201,0.29478562944
SMARTER-database,maintainability,0.85794542944,avg_ccn,1.96,0.8933333333333333,0.324063,0.28949628
SMARTER-database,maintainability,0.85794542944,duplicate_rate,18.0,0.8200000000000001,0.333736,0.27366352
SMARTER-database,sustainability,0.11938648496920672,avg_issue_close_time_days,152.45229202835648,0.0,0.199091,0.0
SMARTER-database,sustainability,0.11938648496920672,num_open_issues,14,0.9299999999999999,0.127273,0.11836388999999999
SMARTER-database,sustainability,0.11938648496920672,days_since_last_commit,708,0.0,0.114545,0.0
SMARTER-database,sustainability,0.11938648496920672,inverse_simpson_index,1.0803468079916625,0.004228779367982237,0.241818,0.0010225949692067287
SMARTER-database,sustainability,0.11938648496920672,has_releases,False,0.0,0.149091,0.0
SMARTER-database,sustainability,0.11938648496920672,has_contribution_guidelines,False,0.0,0.168182,0.0
SMARTER-database,security,0.0,default_branch_protected,False,0.0,0.47669736382597355,0.0
SMARTER-database,security,0.0,has_security_policy,False,0.0,0.2996011877543224,0.0
SMARTER-database,security,0.0,gitignore_present,False,0.0,0.22370144841970407,0.0
SMARTER-database,security,0.0,security_updates,,,0.0,0.0
SMARTER-database,security,0.0,secret_scanning,,,0.0,0.0
SMARTER-database,scientific_impact,0.13395675928373518,fwci,,,0.0,0.0
SMARTER-database,scientific_impact,0.13395675928373518,citation_count,4,0.303478291430754,0.42010770929155566,0.1274935698326892
SMARTER-database,scientific_impact,0.13395675928373518,star_count,2,0.02,0.32315947255229943,0.006463189451045989
SMARTER-database,scientific_impact,0.13395675928373518,fork_count,0,0.0,0.2567328181561449,0.0
SMARTER-database,scientific_impact,0.13395675928373518,altmetric_score,,,0.0,0.0
MITST,compatibility,0.0,input_formats,,,0.0,0.0
MITST,compatibility,0.0,output_formats,,,0.0,0.0
MITST,compatibility,0.0,has_workflow_support,False,0.0,0.34142426786507973,0.0
MITST,compatibility,0.0,has_distribution_support,False,0.0,0.6585757321349203,0.0
MITST,fairness,1.0,license,,,0.0,0.0
MITST,fairness,1.0,repository,,,0.0,0.0
MITST,fairness,1.0,registry,,,0.0,0.0
MITST,fairness,1.0,citation,,,0.0,0.0
MITST,fairness,1.0,checklist,,,0.0,0.0
MITST,fairness,1.0,publication_open_access,True,1.0,1.0,1.0
MITST,maintainability,0.82269808666,nloc_per_file,90.94,0.90906,0.342201,0.31108124105999996
MITST,maintainability,0.82269808666,avg_ccn,4.5,0.6111111111111112,0.324063,0.1980385
MITST,maintainability,0.82269808666,duplicate_rate,6.04,0.9396,0.333736,0.3135783456
MITST,sustainability,0.15891068773106556,avg_issue_close_time_days,,,0.0,0.0
MITST,sustainability,0.15891068773106556,num_open_issues,0,1.0,0.15891068773106556,0.15891068773106556
MITST,sustainability,0.15891068773106556,days_since_last_commit,460,0.0,0.14301874495104935,0.0
MITST,sustainability,0.15891068773106556,inverse_simpson_index,1.0,0.0,0.301929432682115,0.0
MITST,sustainability,0.15891068773106556,has_releases,False,0.0,0.18615223452352264,0.0
MITST,sustainability,0.15891068773106556,has_contribution_guidelines,False,0.0,0.20998890011224747,0.0
MITST,security,0.0,default_branch_protected,False,0.0,0.47669736382597355,0.0
MITST,security,0.0,has_security_policy,False,0.0,0.2996011877543224,0.0
MITST,security,0.0,gitignore_present,False,0.0,0.22370144841970407,0.0
MITST,security,0.0,security_updates,,,0.0,0.0
MITST,security,0.0,secret_scanning,,,0.0,0.0
MITST,scientific_impact,0.012926378902091978,fwci,,,0.0,0.0
MITST,scientific_impact,0.012926378902091978,citation_count,0,0.0,0.42010770929155566,0.0
MITST,scientific_impact,0.012926378902091978,star_count,4,0.04,0.32315947255229943,0.012926378902091978
MITST,scientific_impact,0.012926378902091978,fork_count,0,0.0,0.2567328181561449,0.0
MITST,scientific_impact,0.012926378902091978,altmetric_score,,,0.0,0.0
iAUSAXS,compatibility,0.0,input_formats,,,0.0,0.0
iAUSAXS,compatibility,0.0,output_formats,,,0.0,0.0
iAUSAXS,compatibility,0.0,has_workflow_support,False,0.0,0.34142426786507973,0.0
iAUSAXS,compatibility,0.0,has_distribution_support,False,0.0,0.6585757321349203,0.0
iAUSAXS,fairness,1.0,license,,,0.0,0.0
iAUSAXS,fairness,1.0,repository,,,0.0,0.0
iAUSAXS,fairness,1.0,registry,,,0.0,0.0
iAUSAXS,fairness,1.0,citation,,,0.0,0.0
iAUSAXS,fairness,1.0,checklist,,,0.0,0.0
iAUSAXS,fairness,1.0,publication_open_access,True,1.0,1.0,1.0
iAUSAXS,maintainability,0.8694482051499999,nloc_per_file,49.65,0.95035,0.342201,0.32521072035
iAUSAXS,maintainability,0.8694482051499999,avg_ccn,2.34,0.8511111111111112,0.324063,0.27581362
iAUSAXS,maintainability,0.8694482051499999,duplicate_rate,19.57,0.8043,0.333736,0.26842386479999997
iAUSAXS,sustainability,0.11484985534918855,avg_issue_close_time_days,137.30747440349003,0.0,0.199091,0.0
iAUSAXS,sustainability,0.11484985534918855,num_open_issues,20,0.9,0.127273,0.1145457
iAUSAXS,sustainability,0.11484985534918855,days_since_last_commit,195,0.0,0.114545,0.0
iAUSAXS,sustainability,0.11484985534918855,inverse_simpson_index,1.023897938261761,0.001257786224303211,0.241818,0.0003041553491885539
iAUSAXS,sustainability,0.11484985534918855,has_releases,False,0.0,0.149091,0.0
iAUSAXS,sustainability,0.11484985534918855,has_contribution_guidelines,False,0.0,0.168182,0.0
iAUSAXS,security,0.47669736382597355,default_branch_protected,True,1.0,0.47669736382597355,0.47669736382597355
iAUSAXS,security,0.47669736382597355,has_security_policy,False,0.0,0.2996011877543224,0.0
iAUSAXS,security,0.47669736382597355,gitignore_present,False,0.0,0.22370144841970407,0.0
iAUSAXS,security,0.47669736382597355,security_updates,,,0.0,0.0
iAUSAXS,security,0.47669736382597355,secret_scanning,,,0.0,0.0
iAUSAXS,scientific_impact,0.08523163945537768,fwci,,,0.0,0.0
iAUSAXS,scientific_impact,0.08523163945537768,citation_count,1,0.13070098600339122,0.42010770929155566,0.05490849183203236
iAUSAXS,scientific_impact,0.08523163945537768,star_count,7,0.07,0.32315947255229943,0.022621163078660963
iAUSAXS,scientific_impact,0.08523163945537768,fork_count,3,0.03,0.2567328181561449,0.0077019845446843465
iAUSAXS,scientific_impact,0.08523163945537768,altmetric_score,,,0.0,0.0
RootPainter,compatibility,0.0,input_formats,,,0.0,0.0
RootPainter,compatibility,0.0,output_formats,,,0.0,0.0
RootPainter,compatibility,0.0,has_workflow_support,False,0.0,0.34142426786507973,0.0
RootPainter,compatibility,0.0,has_distribution_support,False,0.0,0.6585757321349203,0.0
RootPainter,fairness,1.0,license,,,0.0,0.0
RootPainter,fairness,1.0,repository,,,0.0,0.0
RootPainter,fairness,1.0,registry,,,0.0,0.0
RootPainter,fairness,1.0,citation,,,0.0,0.0
RootPainter,fairness,1.0,checklist,,,0.0,0.0
RootPainter,fairness,1.0,publication_open_access,True,1.0,1.0,1.0
RootPainter,maintainability,0.88237829966,nloc_per_file,118.34,0.88166,0.342201,0.30170493366
RootPainter,maintainability,0.88237829966,avg_ccn,2.85,0.7944444444444444,0.324063,0.25745005
RootPainter,maintainability,0.88237829966,duplicate_rate,3.15,0.9685,0.333736,0.323223316
RootPainter,sustainability,0.10348965909588702,avg_issue_close_time_days,128.40780671296295,0.0,0.199091,0.0
RootPainter,sustainability,0.10348965909588702,num_open_issues,39,0.8049999999999999,0.127273,0.10245476499999999
RootPainter,sustainability,0.10348965909588702,days_since_last_commit,214,0.0,0.114545,0.0
RootPainter,sustainability,0.10348965909588702,inverse_simpson_index,1.0813131686717012,0.004279640456405329,0.241818,0.0010348940958870238
RootPainter,sustainability,0.10348965909588702,has_releases,False,0.0,0.149091,0.0
RootPainter,sustainability,0.10348965909588702,has_contribution_guidelines,False,0.0,0.168182,0.0
RootPainter,security,0.47669736382597355,default_branch_protected,True,1.0,0.47669736382597355,0.47669736382597355
RootPainter,security,0.47669736382597355,has_security_policy,False,0.0,0.2996011877543224,0.0
RootPainter,security,0.47669736382597355,gitignore_present,False,0.0,0.22370144841970407,0.0
RootPainter,security,0.47669736382597355,security_updates,,,0.0,0.0
RootPainter,security,0.47669736382597355,secret_scanning,,,0.0,0.0
RootPainter,scientific_impact,0.6582037294521154,fwci,,,0.0,0.0
RootPainter,scientific_impact,0.6582037294521154,citation_count,81,0.8309383155714201,0.42010770929155566,0.3490835923172931
RootPainter,scientific_impact,0.6582037294521154,star_count,75,0.75,0.32315947255229943,0.24236960441422456
RootPainter,scientific_impact,0.6582037294521154,fork_count,26,0.26,0.2567328181561449,0.06675053272059768
RootPainter,scientific_impact,0.6582037294521154,altmetric_score,,,0.0,0.0
OpenCustomDB,compatibility,0.0,input_formats,,,0.0,0.0
OpenCustomDB,compatibility,0.0,output_formats,,,0.0,0.0
OpenCustomDB,compatibility,0.0,has_workflow_support,False,0.0,0.34142426786507973,0.0
OpenCustomDB,compatibility,0.0,has_distribution_support,False,0.0,0.6585757321349203,0.0
OpenCustomDB,fairness,1.0,license,,,0.0,0.0
OpenCustomDB,fairness,1.0,repository,,,0.0,0.0
OpenCustomDB,fairness,1.0,registry,,,0.0,0.0
OpenCustomDB,fairness,1.0,citation,,,0.0,0.0
OpenCustomDB,fairness,1.0,checklist,,,0.0,0.0
OpenCustomDB,fairness,1.0,publication_open_access,True,1.0,1.0,1.0
OpenCustomDB,maintainability,0.79944653375,nloc_per_file,126.25,0.87375,0.342201,0.29899812375
OpenCustomDB,maintainability,0.79944653375,avg_ccn,5.37,0.5144444444444445,0.324063,0.16671241
OpenCustomDB,maintainability,0.79944653375,duplicate_rate,0.0,1.0,0.333736,0.333736
OpenCustomDB,sustainability,0.16493796169164932,avg_issue_close_time_days,76.01514467592594,0.1553872813786007,0.199091,0.03093620923694699
OpenCustomDB,sustainability,0.16493796169164932,num_open_issues,3,0.985,0.127273,0.125363905
OpenCustomDB,sustainability,0.16493796169164932,days_since_last_commit,1114,0.0,0.114545,0.0
OpenCustomDB,sustainability,0.16493796169164932,inverse_simpson_index,1.678688524590164,0.03572044866264021,0.241818,0.00863784745470233
OpenCustomDB,sustainability,0.16493796169164932,has_releases,False,0.0,0.149091,0.0
OpenCustomDB,sustainability,0.16493796169164932,has_contribution_guidelines,False,0.0,0.168182,0.0
OpenCustomDB,security,0.0,default_branch_protected,False,0.0,0.47669736382597355,0.0
OpenCustomDB,security,0.0,has_security_policy,False,0.0,0.2996011877543224,0.0
OpenCustomDB,security,0.0,gitignore_present,False,0.0,0.22370144841970407,0.0
OpenCustomDB,security,0.0,security_updates,,,0.0,0.0
OpenCustomDB,security,0.0,secret_scanning,,,0.0,0.0
OpenCustomDB,scientific_impact,0.20964875348952433,fwci,,,0.0,0.0
OpenCustomDB,scientific_impact,0.20964875348952433,citation_count,12,0.4836511198071519,0.42010770929155566,0.20318556403847834
OpenCustomDB,scientific_impact,0.20964875348952433,star_count,2,0.02,0.32315947255229943,0.006463189451045989
OpenCustomDB,scientific_impact,0.20964875348952433,fork_count,0,0.0,0.2567328181561449,0.0
OpenCustomDB,scientific_impact,0.20964875348952433,altmetric_score,,,0.0,0.0
CompareM2,compatibility,0.0,input_formats,,,0.0,0.0
CompareM2,compatibility,0.0,output_formats,,,0.0,0.0
CompareM2,compatibility,0.0,has_workflow_support,False,0.0,0.34142426786507973,0.0
CompareM2,compatibility,0.0,has_distribution_support,False,0.0,0.6585757321349203,0.0
CompareM2,fairness,1.0,license,,,0.0,0.0
CompareM2,fairness,1.0,repository,,,0.0,0.0
CompareM2,fairness,1.0,registry,,,0.0,0.0
CompareM2,fairness,1.0,citation,,,0.0,0.0
CompareM2,fairness,1.0,checklist,,,0.0,0.0
CompareM2,fairness,1.0,publication_open_access,True,1.0,1.0,1.0
CompareM2,maintainability,0.9561223769999999,nloc_per_file,23.0,0.977,0.342201,0.33433037699999996
CompareM2,maintainability,0.9561223769999999,avg_ccn,2.0,0.8888888888888888,0.324063,0.288056
CompareM2,maintainability,0.9561223769999999,duplicate_rate,0.0,1.0,0.333736,0.333736
CompareM2,sustainability,0.126272939962406,avg_issue_close_time_days,200.44216345289465,0.0,0.199091,0.0
CompareM2,sustainability,0.126272939962406,num_open_issues,33,0.835,0.127273,0.10627295499999999
CompareM2,sustainability,0.126272939962406,days_since_last_commit,194,0.0,0.114545,0.0
CompareM2,sustainability,0.126272939962406,inverse_simpson_index,2.571428571428571,0.08270676691729321,0.241818,0.01999998496240601
CompareM2,sustainability,0.126272939962406,has_releases,False,0.0,0.149091,0.0
CompareM2,sustainability,0.126272939962406,has_contribution_guidelines,False,0.0,0.168182,0.0
CompareM2,security,0.0,default_branch_protected,False,0.0,0.47669736382597355,0.0
CompareM2,security,0.0,has_security_policy,False,0.0,0.2996011877543224,0.0
CompareM2,security,0.0,gitignore_present,False,0.0,0.22370144841970407,0.0
CompareM2,security,0.0,security_updates,,,0.0,0.0
CompareM2,security,0.0,secret_scanning,,,0.0,0.0
CompareM2,scientific_impact,0.24683999423338593,fwci,,,0.0,0.0
CompareM2,scientific_impact,0.24683999423338593,citation_count,0,0.0,0.42010770929155566,0.0
CompareM2,scientific_impact,0.24683999423338593,star_count,74,0.74,0.32315947255229943,0.23913800968870158
CompareM2,scientific_impact,0.24683999423338593,fork_count,3,0.03,0.2567328181561449,0.0077019845446843465
CompareM2,scientific_impact,0.24683999423338593,altmetric_score,,,0.0,0.0
BLAMM,compatibility,0.0,input_formats,,,0.0,0.0
BLAMM,compatibility,0.0,output_formats,,,0.0,0.0
BLAMM,compatibility,0.0,has_workflow_support,False,0.0,0.34142426786507973,0.0
BLAMM,compatibility,0.0,has_distribution_support,False,0.0,0.6585757321349203,0.0
BLAMM,fairness,1.0,license,,,0.0,0.0
BLAMM,fairness,1.0,repository,,,0.0,0.0
BLAMM,fairness,1.0,registry,,,0.0,0.0
BLAMM,fairness,1.0,citation,,,0.0,0.0
BLAMM,fairness,1.0,checklist,,,0.0,0.0
BLAMM,fairness,1.0,publication_open_access,True,1.0,1.0,1.0
BLAMM,maintainability,0.86767061623,nloc_per_file,104.17,0.89583,0.342201,0.30655392182999996
BLAMM,maintainability,0.86767061623,avg_ccn,3.04,0.7733333333333333,0.324063,0.25060872
BLAMM,maintainability,0.86767061623,duplicate_rate,6.96,0.9304,0.333736,0.3105079744
BLAMM,sustainability,0.32320284987564296,avg_issue_close_time_days,0.8536689814814815,0.9905147890946502,0.199091,0.197202579875643
BLAMM,sustainability,0.32320284987564296,num_open_issues,2,0.99,0.127273,0.12600027
BLAMM,sustainability,0.32320284987564296,days_since_last_commit,1840,0.0,0.114545,0.0
BLAMM,sustainability,0.32320284987564296,inverse_simpson_index,1.0,0.0,0.241818,0.0
BLAMM,sustainability,0.32320284987564296,has_releases,False,0.0,0.149091,0.0
BLAMM,sustainability,0.32320284987564296,has_contribution_guidelines,False,0.0,0.168182,0.0
BLAMM,security,0.0,default_branch_protected,False,0.0,0.47669736382597355,0.0
BLAMM,security,0.0,has_security_policy,False,0.0,0.2996011877543224,0.0
BLAMM,security,0.0,gitignore_present,False,0.0,0.22370144841970407,0.0
BLAMM,security,0.0,security_updates,,,0.0,0.0
BLAMM,security,0.0,secret_scanning,,,0.0,0.0
BLAMM,scientific_impact,0.13690853656188703,fwci,,,0.0,0.0
BLAMM,scientific_impact,0.13690853656188703,citation_count,3,0.26140197200678245,0.42010770929155566,0.10981698366406473
BLAMM,scientific_impact,0.13690853656188703,star_count,6,0.06,0.32315947255229943,0.019389568353137966
BLAMM,scientific_impact,0.13690853656188703,fork_count,3,0.03,0.2567328181561449,0.0077019845446843465
BLAMM,scientific_impact,0.13690853656188703,altmetric_score,,,0.0,0.0
GOUHFI,compatibility,0.0,input_formats,,,0.0,0.0
GOUHFI,compatibility,0.0,output_formats,,,0.0,0.0
GOUHFI,compatibility,0.0,has_workflow_support,False,0.0,0.34142426786507973,0.0
GOUHFI,compatibility,0.0,has_distribution_support,False,0.0,0.6585757321349203,0.0
GOUHFI,fairness,1.0,license,,,0.0,0.0
GOUHFI,fairness,1.0,repository,,,0.0,0.0
GOUHFI,fairness,1.0,registry,,,0.0,0.0
GOUHFI,fairness,1.0,citation,,,0.0,0.0
GOUHFI,fairness,1.0,checklist,,,0.0,0.0
GOUHFI,fairness,1.0,publication_open_access,True,1.0,1.0,1.0
GOUHFI,maintainability,0.81868996011,nloc_per_file,67.49,0.93251,0.342201,0.31910585450999995
GOUHFI,maintainability,0.81868996011,avg_ccn,4.0,0.6666666666666667,0.324063,0.216042
GOUHFI,maintainability,0.81868996011,duplicate_rate,15.04,0.8496,0.333736,0.2835421056
GOUHFI,sustainability,0.29890510258532665,avg_issue_close_time_days,12.125248842592592,0.8652750128600823,0.199091,0.17226846758532666
GOUHFI,sustainability,0.29890510258532665,num_open_issues,1,0.995,0.127273,0.126636635
GOUHFI,sustainability,0.29890510258532665,days_since_last_commit,252,0.0,0.114545,0.0
GOUHFI,sustainability,0.29890510258532665,inverse_simpson_index,1.0,0.0,0.241818,0.0
GOUHFI,sustainability,0.29890510258532665,has_releases,False,0.0,0.149091,0.0
GOUHFI,sustainability,0.29890510258532665,has_contribution_guidelines,False,0.0,0.168182,0.0
GOUHFI,security,0.47669736382597355,default_branch_protected,True,1.0,0.47669736382597355,0.47669736382597355
GOUHFI,security,0.47669736382597355,has_security_policy,False,0.0,0.2996011877543224,0.0
GOUHFI,security,0.47669736382597355,gitignore_present,False,0.0,0.22370144841970407,0.0
GOUHFI,security,0.47669736382597355,security_updates,,,0.0,0.0
GOUHFI,security,0.47669736382597355,secret_scanning,,,0.0,0.0
GOUHFI,scientific_impact,0.036786337074391294,fwci,,,0.0,0.0
GOUHFI,scientific_impact,0.036786337074391294,citation_count,0,0.0,0.42010770929155566,0.0
GOUHFI,scientific_impact,0.036786337074391294,star_count,9,0.09,0.32315947255229943,0.02908435252970695
GOUHFI,scientific_impact,0.036786337074391294,fork_count,3,0.03,0.2567328181561449,0.0077019845446843465
GOUHFI,scientific_impact,0.036786337074391294,altmetric_score,,,0.0,0.0
Met-ID,compatibility,0.0,input_formats,,,0.0,0.0
Met-ID,compatibility,0.0,output_formats,,,0.0,0.0
Met-ID,compatibility,0.0,has_workflow_support,False,0.0,0.34142426786507973,0.0
Met-ID,compatibility,0.0,has_distribution_support,False,0.0,0.6585757321349203,0.0
Met-ID,fairness,1.0,license,,,0.0,0.0
Met-ID,fairness,1.0,repository,,,0.0,0.0
Met-ID,fairness,1.0,registry,,,0.0,0.0
Met-ID,fairness,1.0,citation,,,0.0,0.0
Met-ID,fairness,1.0,checklist,,,0.0,0.0
Met-ID,fairness,1.0,publication_open_access,True,1.0,1.0,1.0
Met-ID,maintainability,0.87853665201,nloc_per_file,102.39,0.89761,0.342201,0.30716303960999997
Met-ID,maintainability,0.87853665201,avg_ccn,2.25,0.8611111111111112,0.324063,0.27905425
Met-ID,maintainability,0.87853665201,duplicate_rate,12.41,0.8759,0.333736,0.2923193624
Met-ID,sustainability,0.15891068773106556,avg_issue_close_time_days,,,0.0,0.0
Met-ID,sustainability,0.15891068773106556,num_open_issues,0,1.0,0.15891068773106556,0.15891068773106556
Met-ID,sustainability,0.15891068773106556,days_since_last_commit,465,0.0,0.14301874495104935,0.0
Met-ID,sustainability,0.15891068773106556,inverse_simpson_index,1.0,0.0,0.301929432682115,0.0
Met-ID,sustainability,0.15891068773106556,has_releases,False,0.0,0.18615223452352264,0.0
Met-ID,sustainability,0.15891068773106556,has_contribution_guidelines,False,0.0,0.20998890011224747,0.0
Met-ID,security,0.0,default_branch_protected,False,0.0,0.47669736382597355,0.0
Met-ID,security,0.0,has_security_policy,False,0.0,0.2996011877543224,0.0
Met-ID,security,0.0,gitignore_present,False,0.0,0.22370144841970407,0.0
Met-ID,security,0.0,security_updates,,,0.0,0.0
Met-ID,security,0.0,secret_scanning,,,0.0,0.0
Met-ID,scientific_impact,0.009694784176568983,fwci,,,0.0,0.0
Met-ID,scientific_impact,0.009694784176568983,citation_count,0,0.0,0.42010770929155566,0.0
Met-ID,scientific_impact,0.009694784176568983,star_count,3,0.03,0.32315947255229943,0.009694784176568983
Met-ID,scientific_impact,0.009694784176568983,fork_count,0,0.0,0.2567328181561449,0.0
Met-ID,scientific_impact,0.009694784176568983,altmetric_score,,,0.0,0.0
distAngsd,compatibility,0.0,input_formats,,,0.0,0.0
distAngsd,compatibility,0.0,output_formats,,,0.0,0.0
distAngsd,compatibility,0.0,has_workflow_support,False,0.0,0.34142426786507973,0.0
distAngsd,compatibility,0.0,has_distribution_support,False,0.0,0.6585757321349203,0.0
distAngsd,fairness,1.0,license,,,0.0,0.0
distAngsd,fairness,1.0,repository,,,0.0,0.0
distAngsd,fairness,1.0,registry,,,0.0,0.0
distAngsd,fairness,1.0,citation,,,0.0,0.0
distAngsd,fairness,1.0,checklist,,,0.0,0.0
distAngsd,fairness,1.0,publication_open_access,True,1.0,1.0,1.0
distAngsd,maintainability,0.50877997705,nloc_per_file,424.95,0.5750500000000001,0.342201,0.19678268505000002
distAngsd,maintainability,0.50877997705,avg_ccn,8.56,0.15999999999999992,0.324063,0.05185007999999997
distAngsd,maintainability,0.50877997705,duplicate_rate,22.05,0.7795,0.333736,0.26014721199999996
distAngsd,sustainability,0.28387264771542936,avg_issue_close_time_days,17.788634259259258,0.8023485082304527,0.199091,0.15974036685210904
distAngsd,sustainability,0.28387264771542936,num_open_issues,10,0.95,0.127273,0.12090934999999998
distAngsd,sustainability,0.28387264771542936,days_since_last_commit,1223,0.0,0.114545,0.0
distAngsd,sustainability,0.28387264771542936,inverse_simpson_index,1.2532304725168755,0.01332791960615134,0.241818,0.0032229308633203047
distAngsd,sustainability,0.28387264771542936,has_releases,False,0.0,0.149091,0.0
distAngsd,sustainability,0.28387264771542936,has_contribution_guidelines,False,0.0,0.168182,0.0
distAngsd,security,0.0,default_branch_protected,False,0.0,0.47669736382597355,0.0
distAngsd,security,0.0,has_security_policy,False,0.0,0.2996011877543224,0.0
distAngsd,security,0.0,gitignore_present,False,0.0,0.22370144841970407,0.0
distAngsd,security,0.0,security_updates,,,0.0,0.0
distAngsd,security,0.0,secret_scanning,,,0.0,0.0
distAngsd,scientific_impact,0.19314556148184253,fwci,,,0.0,0.0
distAngsd,scientific_impact,0.19314556148184253,citation_count,7,0.3921029580101737,0.42010770929155566,0.16472547549609712
distAngsd,scientific_impact,0.19314556148184253,star_count,8,0.08,0.32315947255229943,0.025852757804183956
distAngsd,scientific_impact,0.19314556148184253,fork_count,1,0.01,0.2567328181561449,0.0025673281815614493
distAngsd,scientific_impact,0.19314556148184253,altmetric_score,,,0.0,0.0
DNAModAnnot,compatibility,0.0,input_formats,,,0.0,0.0
DNAModAnnot,compatibility,0.0,output_formats,,,0.0,0.0
DNAModAnnot,compatibility,0.0,has_workflow_support,False,0.0,0.34142426786507973,0.0
DNAModAnnot,compatibility,0.0,has_distribution_support,False,0.0,0.6585757321349203,0.0
DNAModAnnot,fairness,1.0,license,,,0.0,0.0
DNAModAnnot,fairness,1.0,repository,,,0.0,0.0
DNAModAnnot,fairness,1.0,registry,,,0.0,0.0
DNAModAnnot,fairness,1.0,citation,,,0.0,0.0
DNAModAnnot,fairness,1.0,checklist,,,0.0,0.0
DNAModAnnot,fairness,1.0,publication_open_access,True,1.0,1.0,1.0
DNAModAnnot,maintainability,0.7141830964999999,nloc_per_file,393.5,0.6065,0.342201,0.2075449065
DNAModAnnot,maintainability,0.7141830964999999,avg_ccn,3.97,0.6699999999999999,0.324063,0.21712220999999998
DNAModAnnot,maintainability,0.7141830964999999,duplicate_rate,13.25,0.8674999999999999,0.333736,0.28951597999999995
DNAModAnnot,sustainability,0.15811613429241023,avg_issue_close_time_days,,,0.0,0.0
DNAModAnnot,sustainability,0.15811613429241023,num_open_issues,1,0.995,0.15891068773106556,0.15811613429241023
DNAModAnnot,sustainability,0.15811613429241023,days_since_last_commit,1312,0.0,0.14301874495104935,0.0
DNAModAnnot,sustainability,0.15811613429241023,inverse_simpson_index,1.0,0.0,0.301929432682115,0.0
DNAModAnnot,sustainability,0.15811613429241023,has_releases,False,0.0,0.18615223452352264,0.0
DNAModAnnot,sustainability,0.15811613429241023,has_contribution_guidelines,False,0.0,0.20998890011224747,0.0
DNAModAnnot,security,0.0,default_branch_protected,False,0.0,0.47669736382597355,0.0
DNAModAnnot,security,0.0,has_security_policy,False,0.0,0.2996011877543224,0.0
DNAModAnnot,security,0.0,gitignore_present,False,0.0,0.22370144841970407,0.0
DNAModAnnot,security,0.0,security_updates,,,0.0,0.0
DNAModAnnot,security,0.0,secret_scanning,,,0.0,0.0
DNAModAnnot,scientific_impact,0.21082214765046703,fwci,,,0.0,0.0
DNAModAnnot,scientific_impact,0.21082214765046703,citation_count,9,0.4341792774341453,0.42010770929155566,0.18240206166472162
DNAModAnnot,scientific_impact,0.21082214765046703,star_count,8,0.08,0.32315947255229943,0.025852757804183956
DNAModAnnot,scientific_impact,0.21082214765046703,fork_count,1,0.01,0.2567328181561449,0.0025673281815614493
DNAModAnnot,scientific_impact,0.21082214765046703,altmetric_score,,,0.0,0.0
Varia,compatibility,0.0,input_formats,,,0.0,0.0
Varia,compatibility,0.0,output_formats,,,0.0,0.0
Varia,compatibility,0.0,has_workflow_support,False,0.0,0.34142426786507973,0.0
Varia,compatibility,0.0,has_distribution_support,False,0.0,0.6585757321349203,0.0
Varia,fairness,1.0,license,,,0.0,0.0
Varia,fairness,1.0,repository,,,0.0,0.0
Varia,fairness,1.0,registry,,,0.0,0.0
Varia,fairness,1.0,citation,,,0.0,0.0
Varia,fairness,1.0,checklist,,,0.0,0.0
Varia,fairness,1.0,publication_open_access,True,1.0,1.0,1.0
Varia,maintainability,0.9025453051999999,nloc_per_file,18.0,0.982,0.342201,0.336041382
Varia,maintainability,0.9025453051999999,avg_ccn,3.06,0.7711111111111111,0.324063,0.24988857999999997
Varia,maintainability,0.9025453051999999,duplicate_rate,5.13,0.9487,0.333736,0.31661534319999995
Varia,sustainability,0.15891068773106556,avg_issue_close_time_days,,,0.0,0.0
Varia,sustainability,0.15891068773106556,num_open_issues,0,1.0,0.15891068773106556,0.15891068773106556
Varia,sustainability,0.15891068773106556,days_since_last_commit,286,0.0,0.14301874495104935,0.0
Varia,sustainability,0.15891068773106556,inverse_simpson_index,1.0,0.0,0.301929432682115,0.0
Varia,sustainability,0.15891068773106556,has_releases,False,0.0,0.18615223452352264,0.0
Varia,sustainability,0.15891068773106556,has_contribution_guidelines,False,0.0,0.20998890011224747,0.0
Varia,security,0.0,default_branch_protected,False,0.0,0.47669736382597355,0.0
Varia,security,0.0,has_security_policy,False,0.0,0.2996011877543224,0.0
Varia,security,0.0,gitignore_present,False,0.0,0.22370144841970407,0.0
Varia,security,0.0,security_updates,,,0.0,0.0
Varia,security,0.0,secret_scanning,,,0.0,0.0
Varia,scientific_impact,0.18314223934283802,fwci,,,0.0,0.0
Varia,scientific_impact,0.18314223934283802,citation_count,6,0.3669240563744024,0.42010770929155566,0.1541476248074158
Varia,scientific_impact,0.18314223934283802,star_count,5,0.05,0.32315947255229943,0.016157973627614973
Varia,scientific_impact,0.18314223934283802,fork_count,5,0.05,0.2567328181561449,0.012836640907807246
Varia,scientific_impact,0.18314223934283802,altmetric_score,,,0.0,0.0
EagleImp,compatibility,0.0,input_formats,,,0.0,0.0
EagleImp,compatibility,0.0,output_formats,,,0.0,0.0
EagleImp,compatibility,0.0,has_workflow_support,False,0.0,0.34142426786507973,0.0
EagleImp,compatibility,0.0,has_distribution_support,False,0.0,0.6585757321349203,0.0
EagleImp,fairness,1.0,license,,,0.0,0.0
EagleImp,fairness,1.0,repository,,,0.0,0.0
EagleImp,fairness,1.0,registry,,,0.0,0.0
EagleImp,fairness,1.0,citation,,,0.0,0.0
EagleImp,fairness,1.0,checklist,,,0.0,0.0
EagleImp,fairness,1.0,publication_open_access,True,1.0,1.0,1.0
EagleImp,maintainability,0.59412828033,nloc_per_file,153.27,0.84673,0.342201,0.28975185273
EagleImp,maintainability,0.59412828033,avg_ccn,5.13,0.5411111111111111,0.324063,0.17535409
EagleImp,maintainability,0.59412828033,duplicate_rate,61.34,0.38659999999999994,0.333736,0.12902233759999998
EagleImp,sustainability,0.23321626547998114,avg_issue_close_time_days,41.82018904320988,0.5353312328532236,0.199091,0.10657963047998113
EagleImp,sustainability,0.23321626547998114,num_open_issues,1,0.995,0.127273,0.126636635
EagleImp,sustainability,0.23321626547998114,days_since_last_commit,195,0.0,0.114545,0.0
EagleImp,sustainability,0.23321626547998114,inverse_simpson_index,1.0,0.0,0.241818,0.0
EagleImp,sustainability,0.23321626547998114,has_releases,False,0.0,0.149091,0.0
EagleImp,sustainability,0.23321626547998114,has_contribution_guidelines,False,0.0,0.168182,0.0
EagleImp,security,0.0,default_branch_protected,False,0.0,0.47669736382597355,0.0
EagleImp,security,0.0,has_security_policy,False,0.0,0.2996011877543224,0.0
EagleImp,security,0.0,gitignore_present,False,0.0,0.22370144841970407,0.0
EagleImp,security,0.0,security_updates,,,0.0,0.0
EagleImp,security,0.0,secret_scanning,,,0.0,0.0
EagleImp,scientific_impact,0.26224784581146376,fwci,,,0.0,0.0
EagleImp,scientific_impact,0.26224784581146376,citation_count,7,0.3921029580101737,0.42010770929155566,0.16472547549609712
EagleImp,scientific_impact,0.26224784581146376,star_count,27,0.27,0.32315947255229943,0.08725305758912086
EagleImp,scientific_impact,0.26224784581146376,fork_count,4,0.04,0.2567328181561449,0.010269312726245797
EagleImp,scientific_impact,0.26224784581146376,altmetric_score,,,0.0,0.0
MultiStageSearch,compatibility,0.0,input_formats,,,0.0,0.0
MultiStageSearch,compatibility,0.0,output_formats,,,0.0,0.0
MultiStageSearch,compatibility,0.0,has_workflow_support,False,0.0,0.34142426786507973,0.0
MultiStageSearch,compatibility,0.0,has_distribution_support,False,0.0,0.6585757321349203,0.0
MultiStageSearch,fairness,1.0,license,,,0.0,0.0
MultiStageSearch,fairness,1.0,repository,,,0.0,0.0
MultiStageSearch,fairness,1.0,registry,,,0.0,0.0
MultiStageSearch,fairness,1.0,citation,,,0.0,0.0
MultiStageSearch,fairness,1.0,checklist,,,0.0,0.0
MultiStageSearch,fairness,1.0,publication_open_access,True,1.0,1.0,1.0
MultiStageSearch,maintainability,0.90405357008,nloc_per_file,69.52,0.93048,0.342201,0.31841118648
MultiStageSearch,maintainability,0.90405357008,avg_ccn,2.75,0.8055555555555556,0.324063,0.26105075
MultiStageSearch,maintainability,0.90405357008,duplicate_rate,2.74,0.9726,0.333736,0.3245916336
MultiStageSearch,sustainability,0.15891068773106556,avg_issue_close_time_days,,,0.0,0.0
MultiStageSearch,sustainability,0.15891068773106556,num_open_issues,0,1.0,0.15891068773106556,0.15891068773106556
MultiStageSearch,sustainability,0.15891068773106556,days_since_last_commit,480,0.0,0.14301874495104935,0.0
MultiStageSearch,sustainability,0.15891068773106556,inverse_simpson_index,1.0,0.0,0.301929432682115,0.0
MultiStageSearch,sustainability,0.15891068773106556,has_releases,False,0.0,0.18615223452352264,0.0
MultiStageSearch,sustainability,0.15891068773106556,has_contribution_guidelines,False,0.0,0.20998890011224747,0.0
MultiStageSearch,security,0.0,default_branch_protected,False,0.0,0.47669736382597355,0.0
MultiStageSearch,security,0.0,has_security_policy,False,0.0,0.2996011877543224,0.0
MultiStageSearch,security,0.0,gitignore_present,False,0.0,0.22370144841970407,0.0
MultiStageSearch,security,0.0,security_updates,,,0.0,0.0
MultiStageSearch,security,0.0,secret_scanning,,,0.0,0.0
MultiStageSearch,scientific_impact,0.05490849183203236,fwci,,,0.0,0.0
MultiStageSearch,scientific_impact,0.05490849183203236,citation_count,1,0.13070098600339122,0.42010770929155566,0.05490849183203236
MultiStageSearch,scientific_impact,0.05490849183203236,star_count,0,0.0,0.32315947255229943,0.0
MultiStageSearch,scientific_impact,0.05490849183203236,fork_count,0,0.0,0.2567328181561449,0.0
MultiStageSearch,scientific_impact,0.05490849183203236,altmetric_score,,,0.0,0.0
DTU-DADS-Aqua,compatibility,0.0,input_formats,,,0.0,0.0
DTU-DADS-Aqua,compatibility,0.0,output_formats,,,0.0,0.0
DTU-DADS-Aqua,compatibility,0.0,has_workflow_support,False,0.0,0.34142426786507973,0.0
DTU-DADS-Aqua,compatibility,0.0,has_distribution_support,False,0.0,0.6585757321349203,0.0
DTU-DADS-Aqua,fairness,0.0,license,,,0.0,0.0
DTU-DADS-Aqua,fairness,0.0,repository,,,0.0,0.0
DTU-DADS-Aqua,fairness,0.0,registry,,,0.0,0.0
DTU-DADS-Aqua,fairness,0.0,citation,,,0.0,0.0
DTU-DADS-Aqua,fairness,0.0,checklist,,,0.0,0.0
DTU-DADS-Aqua,fairness,0.0,publication_open_access,False,0.0,1.0,0.0
DTU-DADS-Aqua,maintainability,0.81277461625,nloc_per_file,149.35,0.85065,0.342201,0.29109328065
DTU-DADS-Aqua,maintainability,0.81277461625,avg_ccn,4.29,0.6344444444444444,0.324063,0.20559996999999997
DTU-DADS-Aqua,maintainability,0.81277461625,duplicate_rate,5.29,0.9471,0.333736,0.3160813656
DTU-DADS-Aqua,sustainability,0.14000026315789474,avg_issue_close_time_days,265.25388888888887,0.0,0.199091,0.0
DTU-DADS-Aqua,sustainability,0.14000026315789474,num_open_issues,0,1.0,0.127273,0.127273
DTU-DADS-Aqua,sustainability,0.14000026315789474,days_since_last_commit,1032,0.0,0.114545,0.0
DTU-DADS-Aqua,sustainability,0.14000026315789474,inverse_simpson_index,2.0,0.05263157894736842,0.241818,0.012727263157894736
DTU-DADS-Aqua,sustainability,0.14000026315789474,has_releases,False,0.0,0.149091,0.0
DTU-DADS-Aqua,sustainability,0.14000026315789474,has_contribution_guidelines,False,0.0,0.168182,0.0
DTU-DADS-Aqua,security,0.47669736382597355,default_branch_protected,True,1.0,0.47669736382597355,0.47669736382597355
DTU-DADS-Aqua,security,0.47669736382597355,has_security_policy,False,0.0,0.2996011877543224,0.0
DTU-DADS-Aqua,security,0.47669736382597355,gitignore_present,False,0.0,0.22370144841970407,0.0
DTU-DADS-Aqua,security,0.47669736382597355,security_updates,,,0.0,0.0
DTU-DADS-Aqua,security,0.47669736382597355,secret_scanning,,,0.0,0.0
DTU-DADS-Aqua,scientific_impact,0.14936072837310388,fwci,,,0.0,0.0
DTU-DADS-Aqua,scientific_impact,0.14936072837310388,citation_count,4,0.303478291430754,0.42010770929155566,0.1274935698326892
DTU-DADS-Aqua,scientific_impact,0.14936072837310388,star_count,2,0.02,0.32315947255229943,0.006463189451045989
DTU-DADS-Aqua,scientific_impact,0.14936072837310388,fork_count,6,0.06,0.2567328181561449,0.015403969089368693
DTU-DADS-Aqua,scientific_impact,0.14936072837310388,altmetric_score,,,0.0,0.0
meRgeION,compatibility,0.0,input_formats,,,0.0,0.0
meRgeION,compatibility,0.0,output_formats,,,0.0,0.0
meRgeION,compatibility,0.0,has_workflow_support,False,0.0,0.34142426786507973,0.0
meRgeION,compatibility,0.0,has_distribution_support,False,0.0,0.6585757321349203,0.0
meRgeION,fairness,0.0,license,,,0.0,0.0
meRgeION,fairness,0.0,repository,,,0.0,0.0
meRgeION,fairness,0.0,registry,,,0.0,0.0
meRgeION,fairness,0.0,citation,,,0.0,0.0
meRgeION,fairness,0.0,checklist,,,0.0,0.0
meRgeION,fairness,0.0,publication_open_access,False,0.0,1.0,0.0
meRgeION,maintainability,0.5924847317999999,nloc_per_file,191.4,0.8086,0.342201,0.2767037286
meRgeION,maintainability,0.5924847317999999,avg_ccn,10.81,0.0,0.324063,0.0
meRgeION,maintainability,0.5924847317999999,duplicate_rate,5.38,0.9462,0.333736,0.31578100319999997
meRgeION,sustainability,0.18295094375129617,avg_issue_close_time_days,,,0.0,0.0
meRgeION,sustainability,0.18295094375129617,num_open_issues,4,0.98,0.15891068773106556,0.15573247397644424
meRgeION,sustainability,0.18295094375129617,days_since_last_commit,591,0.0,0.14301874495104935,0.0
meRgeION,sustainability,0.18295094375129617,inverse_simpson_index,2.7128205128205125,0.09014844804318486,0.301929432682115,0.027218469774851924
meRgeION,sustainability,0.18295094375129617,has_releases,False,0.0,0.18615223452352264,0.0
meRgeION,sustainability,0.18295094375129617,has_contribution_guidelines,False,0.0,0.20998890011224747,0.0
meRgeION,security,0.0,default_branch_protected,False,0.0,0.47669736382597355,0.0
meRgeION,security,0.0,has_security_policy,False,0.0,0.2996011877543224,0.0
meRgeION,security,0.0,gitignore_present,False,0.0,0.22370144841970407,0.0
meRgeION,security,0.0,security_updates,,,0.0,0.0
meRgeION,security,0.0,secret_scanning,,,0.0,0.0
meRgeION,scientific_impact,0.1657963505292569,fwci,,,0.0,0.0
meRgeION,scientific_impact,0.1657963505292569,citation_count,5,0.337857147626047,0.42010770929155566,0.14193639235695757
meRgeION,scientific_impact,0.1657963505292569,star_count,5,0.05,0.32315947255229943,0.016157973627614973
meRgeION,scientific_impact,0.1657963505292569,fork_count,3,0.03,0.2567328181561449,0.0077019845446843465
meRgeION,scientific_impact,0.1657963505292569,altmetric_score,,,0.0,0.0
MkVsites,compatibility,0.0,input_formats,,,0.0,0.0
MkVsites,compatibility,0.0,output_formats,,,0.0,0.0
MkVsites,compatibility,0.0,has_workflow_support,False,0.0,0.34142426786507973,0.0
MkVsites,compatibility,0.0,has_distribution_support,False,0.0,0.6585757321349203,0.0
MkVsites,fairness,1.0,license,,,0.0,0.0
MkVsites,fairness,1.0,repository,,,0.0,0.0
MkVsites,fairness,1.0,registry,,,0.0,0.0
MkVsites,fairness,1.0,citation,,,0.0,0.0
MkVsites,fairness,1.0,checklist,,,0.0,0.0
MkVsites,fairness,1.0,publication_open_access,True,1.0,1.0,1.0
MkVsites,maintainability,0.85513748509,nloc_per_file,166.11,0.83389,0.342201,0.28535799189
MkVsites,maintainability,0.85513748509,avg_ccn,2.83,0.7966666666666666,0.324063,0.25817018999999997
MkVsites,maintainability,0.85513748509,duplicate_rate,6.63,0.9337,0.333736,0.31160930319999997
MkVsites,sustainability,0.12345481,avg_issue_close_time_days,196.8844212962963,0.0,0.199091,0.0
MkVsites,sustainability,0.12345481,num_open_issues,6,0.97,0.127273,0.12345481
MkVsites,sustainability,0.12345481,days_since_last_commit,1901,0.0,0.114545,0.0
MkVsites,sustainability,0.12345481,inverse_simpson_index,1.0,0.0,0.241818,0.0
MkVsites,sustainability,0.12345481,has_releases,False,0.0,0.149091,0.0
MkVsites,sustainability,0.12345481,has_contribution_guidelines,False,0.0,0.168182,0.0
MkVsites,security,0.0,default_branch_protected,False,0.0,0.47669736382597355,0.0
MkVsites,security,0.0,has_security_policy,False,0.0,0.2996011877543224,0.0
MkVsites,security,0.0,gitignore_present,False,0.0,0.22370144841970407,0.0
MkVsites,security,0.0,security_updates,,,0.0,0.0
MkVsites,security,0.0,secret_scanning,,,0.0,0.0
MkVsites,scientific_impact,0.2655632404302126,fwci,,,0.0,0.0
MkVsites,scientific_impact,0.2655632404302126,citation_count,18,0.5552083144780106,0.42010770929155566,0.23324729317498266
MkVsites,scientific_impact,0.2655632404302126,star_count,10,0.1,0.32315947255229943,0.032315947255229946
MkVsites,scientific_impact,0.2655632404302126,fork_count,0,0.0,0.2567328181561449,0.0
MkVsites,scientific_impact,0.2655632404302126,altmetric_score,,,0.0,0.0
ParaRef,compatibility,0.0,input_formats,,,0.0,0.0
ParaRef,compatibility,0.0,output_formats,,,0.0,0.0
ParaRef,compatibility,0.0,has_workflow_support,False,0.0,0.34142426786507973,0.0
ParaRef,compatibility,0.0,has_distribution_support,False,0.0,0.6585757321349203,0.0
ParaRef,fairness,1.0,license,,,0.0,0.0
ParaRef,fairness,1.0,repository,,,0.0,0.0
ParaRef,fairness,1.0,registry,,,0.0,0.0
ParaRef,fairness,1.0,citation,,,0.0,0.0
ParaRef,fairness,1.0,checklist,,,0.0,0.0
ParaRef,fairness,1.0,publication_open_access,True,1.0,1.0,1.0
ParaRef,maintainability,1.0,nloc_per_file,0.0,1.0,0.342201,0.342201
ParaRef,maintainability,1.0,avg_ccn,0.0,1.0,0.324063,0.324063
ParaRef,maintainability,1.0,duplicate_rate,0.0,1.0,0.333736,0.333736
ParaRef,sustainability,0.15811613429241023,avg_issue_close_time_days,,,0.0,0.0
ParaRef,sustainability,0.15811613429241023,num_open_issues,1,0.995,0.15891068773106556,0.15811613429241023
ParaRef,sustainability,0.15811613429241023,days_since_last_commit,365,0.0,0.14301874495104935,0.0
ParaRef,sustainability,0.15811613429241023,inverse_simpson_index,1.0,0.0,0.301929432682115,0.0
ParaRef,sustainability,0.15811613429241023,has_releases,False,0.0,0.18615223452352264,0.0
ParaRef,sustainability,0.15811613429241023,has_contribution_guidelines,False,0.0,0.20998890011224747,0.0
ParaRef,security,0.0,default_branch_protected,False,0.0,0.47669736382597355,0.0
ParaRef,security,0.0,has_security_policy,False,0.0,0.2996011877543224,0.0
ParaRef,security,0.0,gitignore_present,False,0.0,0.22370144841970407,0.0
ParaRef,security,0.0,security_updates,,,0.0,0.0
ParaRef,security,0.0,secret_scanning,,,0.0,0.0
ParaRef,scientific_impact,0.015493707083653427,fwci,,,0.0,0.0
ParaRef,scientific_impact,0.015493707083653427,citation_count,0,0.0,0.42010770929155566,0.0
ParaRef,scientific_impact,0.015493707083653427,star_count,4,0.04,0.32315947255229943,0.012926378902091978
ParaRef,scientific_impact,0.015493707083653427,fork_count,1,0.01,0.2567328181561449,0.0025673281815614493
ParaRef,scientific_impact,0.015493707083653427,altmetric_score,,,0.0,0.0
REINVENT 4,compatibility,0.0,input_formats,,,0.0,0.0
REINVENT 4,compatibility,0.0,output_formats,,,0.0,0.0
REINVENT 4,compatibility,0.0,has_workflow_support,False,0.0,0.34142426786507973,0.0
REINVENT 4,compatibility,0.0,has_distribution_support,False,0.0,0.6585757321349203,0.0
REINVENT 4,fairness,1.0,license,,,0.0,0.0
REINVENT 4,fairness,1.0,repository,,,0.0,0.0
REINVENT 4,fairness,1.0,registry,,,0.0,0.0
REINVENT 4,fairness,1.0,citation,,,0.0,0.0
REINVENT 4,fairness,1.0,checklist,,,0.0,0.0
REINVENT 4,fairness,1.0,publication_open_access,True,1.0,1.0,1.0
REINVENT 4,maintainability,0.89351718866,nloc_per_file,34.94,0.96506,0.342201,0.33024449706
REINVENT 4,maintainability,0.89351718866,avg_ccn,2.31,0.8544444444444445,0.324063,0.27689383
REINVENT 4,maintainability,0.89351718866,duplicate_rate,14.19,0.8581,0.333736,0.2863788616
REINVENT 4,sustainability,0.32577189619676594,avg_issue_close_time_days,7.774090075389597,0.91362122138456,0.199091,0.18189376258667345
REINVENT 4,sustainability,0.32577189619676594,num_open_issues,4,0.98,0.127273,0.12472754
REINVENT 4,sustainability,0.32577189619676594,days_since_last_commit,246,0.0,0.114545,0.0
REINVENT 4,sustainability,0.32577189619676594,inverse_simpson_index,2.504690629282176,0.07919424364643031,0.241818,0.019150593610092484
REINVENT 4,sustainability,0.32577189619676594,has_releases,False,0.0,0.149091,0.0
REINVENT 4,sustainability,0.32577189619676594,has_contribution_guidelines,False,0.0,0.168182,0.0
REINVENT 4,security,0.0,default_branch_protected,False,0.0,0.47669736382597355,0.0
REINVENT 4,security,0.0,has_security_policy,False,0.0,0.2996011877543224,0.0
REINVENT 4,security,0.0,gitignore_present,False,0.0,0.22370144841970407,0.0
REINVENT 4,security,0.0,security_updates,,,0.0,0.0
REINVENT 4,security,0.0,secret_scanning,,,0.0,0.0
REINVENT 4,scientific_impact,0.9591392365621558,fwci,,,0.0,0.0
REINVENT 4,scientific_impact,0.9591392365621558,citation_count,119,0.9027374110635835,0.42010770929155566,0.37924694585371155
REINVENT 4,scientific_impact,0.9591392365621558,star_count,709,1.0,0.32315947255229943,0.32315947255229943
REINVENT 4,scientific_impact,0.9591392365621558,fork_count,200,1.0,0.2567328181561449,0.2567328181561449
REINVENT 4,scientific_impact,0.9591392365621558,altmetric_score,,,0.0,0.0
maelstRom,compatibility,0.0,input_formats,,,0.0,0.0
maelstRom,compatibility,0.0,output_formats,,,0.0,0.0
maelstRom,compatibility,0.0,has_workflow_support,False,0.0,0.34142426786507973,0.0
maelstRom,compatibility,0.0,has_distribution_support,False,0.0,0.6585757321349203,0.0
maelstRom,fairness,1.0,license,,,0.0,0.0
maelstRom,fairness,1.0,repository,,,0.0,0.0
maelstRom,fairness,1.0,registry,,,0.0,0.0
maelstRom,fairness,1.0,citation,,,0.0,0.0
maelstRom,fairness,1.0,checklist,,,0.0,0.0
maelstRom,fairness,1.0,publication_open_access,True,1.0,1.0,1.0
maelstRom,maintainability,0.75979830863,nloc_per_file,197.37,0.80263,0.342201,0.27466078863
maelstRom,maintainability,0.75979830863,avg_ccn,3.2,0.7555555555555555,0.324063,0.2448476
maelstRom,maintainability,0.75979830863,duplicate_rate,28.0,0.72,0.333736,0.24028991999999996
maelstRom,sustainability,0.16077377315959404,avg_issue_close_time_days,,,0.0,0.0
maelstRom,sustainability,0.16077377315959404,num_open_issues,0,1.0,0.15891068773106556,0.15891068773106556
maelstRom,sustainability,0.16077377315959404,days_since_last_commit,346,0.0,0.14301874495104935,0.0
maelstRom,sustainability,0.16077377315959404,inverse_simpson_index,1.1172413793103448,0.006170598911070781,0.301929432682115,0.0018630854285284772
maelstRom,sustainability,0.16077377315959404,has_releases,False,0.0,0.18615223452352264,0.0
maelstRom,sustainability,0.16077377315959404,has_contribution_guidelines,False,0.0,0.20998890011224747,0.0
maelstRom,security,0.0,default_branch_protected,False,0.0,0.47669736382597355,0.0
maelstRom,security,0.0,has_security_policy,False,0.0,0.2996011877543224,0.0
maelstRom,security,0.0,gitignore_present,False,0.0,0.22370144841970407,0.0
maelstRom,security,0.0,security_updates,,,0.0,0.0
maelstRom,security,0.0,secret_scanning,,,0.0,0.0
maelstRom,scientific_impact,0.05747582001359381,fwci,,,0.0,0.0
maelstRom,scientific_impact,0.05747582001359381,citation_count,1,0.13070098600339122,0.42010770929155566,0.05490849183203236
maelstRom,scientific_impact,0.05747582001359381,star_count,0,0.0,0.32315947255229943,0.0
maelstRom,scientific_impact,0.05747582001359381,fork_count,1,0.01,0.2567328181561449,0.0025673281815614493
maelstRom,scientific_impact,0.05747582001359381,altmetric_score,,,0.0,0.0
RGCode,compatibility,0.0,input_formats,,,0.0,0.0
RGCode,compatibility,0.0,output_formats,,,0.0,0.0
RGCode,compatibility,0.0,has_workflow_support,False,0.0,0.34142426786507973,0.0
RGCode,compatibility,0.0,has_distribution_support,False,0.0,0.6585757321349203,0.0
RGCode,fairness,1.0,license,,,0.0,0.0
RGCode,fairness,1.0,repository,,,0.0,0.0
RGCode,fairness,1.0,registry,,,0.0,0.0
RGCode,fairness,1.0,citation,,,0.0,0.0
RGCode,fairness,1.0,checklist,,,0.0,0.0
RGCode,fairness,1.0,publication_open_access,True,1.0,1.0,1.0
RGCode,maintainability,0.92759658246,nloc_per_file,49.54,0.95046,0.342201,0.32524836246
RGCode,maintainability,0.92759658246,avg_ccn,2.54,0.8288888888888889,0.324063,0.26861222
RGCode,maintainability,0.92759658246,duplicate_rate,0.0,1.0,0.333736,0.333736
RGCode,sustainability,0.1692398456332939,avg_issue_close_time_days,,,0.0,0.0
RGCode,sustainability,0.1692398456332939,num_open_issues,3,0.985,0.15891068773106556,0.15652702741509958
RGCode,sustainability,0.1692398456332939,days_since_last_commit,800,0.0,0.14301874495104935,0.0
RGCode,sustainability,0.1692398456332939,inverse_simpson_index,1.7999999999999998,0.04210526315789473,0.301929432682115,0.012712818218194312
RGCode,sustainability,0.1692398456332939,has_releases,False,0.0,0.18615223452352264,0.0
RGCode,sustainability,0.1692398456332939,has_contribution_guidelines,False,0.0,0.20998890011224747,0.0
RGCode,security,0.47669736382597355,default_branch_protected,True,1.0,0.47669736382597355,0.47669736382597355
RGCode,security,0.47669736382597355,has_security_policy,False,0.0,0.2996011877543224,0.0
RGCode,security,0.47669736382597355,gitignore_present,False,0.0,0.22370144841970407,0.0
RGCode,security,0.47669736382597355,security_updates,,,0.0,0.0
RGCode,security,0.47669736382597355,secret_scanning,,,0.0,0.0
RGCode,scientific_impact,0.32529960058677954,fwci,,,0.0,0.0
RGCode,scientific_impact,0.32529960058677954,citation_count,49,0.7376575688648993,0.42010770929155566,0.30989563149741084
RGCode,scientific_impact,0.32529960058677954,star_count,0,0.0,0.32315947255229943,0.0
RGCode,scientific_impact,0.32529960058677954,fork_count,6,0.06,0.2567328181561449,0.015403969089368693
RGCode,scientific_impact,0.32529960058677954,altmetric_score,,,0.0,0.0
voomCLR,compatibility,0.0,input_formats,,,0.0,0.0
voomCLR,compatibility,0.0,output_formats,,,0.0,0.0
voomCLR,compatibility,0.0,has_workflow_support,False,0.0,0.34142426786507973,0.0
voomCLR,compatibility,0.0,has_distribution_support,False,0.0,0.6585757321349203,0.0
voomCLR,fairness,1.0,license,,,0.0,0.0
voomCLR,fairness,1.0,repository,,,0.0,0.0
voomCLR,fairness,1.0,registry,,,0.0,0.0
voomCLR,fairness,1.0,citation,,,0.0,0.0
voomCLR,fairness,1.0,checklist,,,0.0,0.0
voomCLR,fairness,1.0,publication_open_access,True,1.0,1.0,1.0
voomCLR,maintainability,0.6350847930799999,nloc_per_file,98.12,0.90188,0.342201,0.30862423788
voomCLR,maintainability,0.6350847930799999,avg_ccn,12.55,0.0,0.324063,0.0
voomCLR,maintainability,0.6350847930799999,duplicate_rate,2.18,0.9782,0.333736,0.32646055519999995
voomCLR,sustainability,0.1595460744872728,avg_issue_close_time_days,,,0.0,0.0
voomCLR,sustainability,0.1595460744872728,num_open_issues,0,1.0,0.15891068773106556,0.15891068773106556
voomCLR,sustainability,0.1595460744872728,days_since_last_commit,294,0.0,0.14301874495104935,0.0
voomCLR,sustainability,0.1595460744872728,inverse_simpson_index,1.039984006397441,0.002104421389339002,0.301929432682115,0.000635386756207233
voomCLR,sustainability,0.1595460744872728,has_releases,False,0.0,0.18615223452352264,0.0
voomCLR,sustainability,0.1595460744872728,has_contribution_guidelines,False,0.0,0.20998890011224747,0.0
voomCLR,security,0.0,default_branch_protected,False,0.0,0.47669736382597355,0.0
voomCLR,security,0.0,has_security_policy,False,0.0,0.2996011877543224,0.0
voomCLR,security,0.0,gitignore_present,False,0.0,0.22370144841970407,0.0
voomCLR,security,0.0,security_updates,,,0.0,0.0
voomCLR,security,0.0,secret_scanning,,,0.0,0.0
voomCLR,scientific_impact,0.006463189451045989,fwci,,,0.0,0.0
voomCLR,scientific_impact,0.006463189451045989,citation_count,0,0.0,0.42010770929155566,0.0
voomCLR,scientific_impact,0.006463189451045989,star_count,2,0.02,0.32315947255229943,0.006463189451045989
voomCLR,scientific_impact,0.006463189451045989,fork_count,0,0.0,0.2567328181561449,0.0
voomCLR,scientific_impact,0.006463189451045989,altmetric_score,,,0.0,0.0
EDIR,compatibility,0.0,input_formats,,,0.0,0.0
EDIR,compatibility,0.0,output_formats,,,0.0,0.0
EDIR,compatibility,0.0,has_workflow_support,False,0.0,0.34142426786507973,0.0
EDIR,compatibility,0.0,has_distribution_support,False,0.0,0.6585757321349203,0.0
EDIR,fairness,1.0,license,,,0.0,0.0
EDIR,fairness,1.0,repository,,,0.0,0.0
EDIR,fairness,1.0,registry,,,0.0,0.0
EDIR,fairness,1.0,citation,,,0.0,0.0
EDIR,fairness,1.0,checklist,,,0.0,0.0
EDIR,fairness,1.0,publication_open_access,True,1.0,1.0,1.0
EDIR,maintainability,0.8210668876999999,nloc_per_file,52.7,0.9473,0.342201,0.3241670073
EDIR,maintainability,0.8210668876999999,avg_ccn,3.79,0.69,0.324063,0.22360346999999997
EDIR,maintainability,0.8210668876999999,duplicate_rate,18.11,0.8189,0.333736,0.27329641039999997
EDIR,sustainability,0.15891068773106556,avg_issue_close_time_days,,,0.0,0.0
EDIR,sustainability,0.15891068773106556,num_open_issues,0,1.0,0.15891068773106556,0.15891068773106556
EDIR,sustainability,0.15891068773106556,days_since_last_commit,1485,0.0,0.14301874495104935,0.0
EDIR,sustainability,0.15891068773106556,inverse_simpson_index,1.0,0.0,0.301929432682115,0.0
EDIR,sustainability,0.15891068773106556,has_releases,False,0.0,0.18615223452352264,0.0
EDIR,sustainability,0.15891068773106556,has_contribution_guidelines,False,0.0,0.20998890011224747,0.0
EDIR,security,0.0,default_branch_protected,False,0.0,0.47669736382597355,0.0
EDIR,security,0.0,has_security_policy,False,0.0,0.2996011877543224,0.0
EDIR,security,0.0,gitignore_present,False,0.0,0.22370144841970407,0.0
EDIR,security,0.0,security_updates,,,0.0,0.0
EDIR,security,0.0,secret_scanning,,,0.0,0.0
EDIR,scientific_impact,0.0032315947255229945,fwci,,,0.0,0.0
EDIR,scientific_impact,0.0032315947255229945,citation_count,0,0.0,0.42010770929155566,0.0
EDIR,scientific_impact,0.0032315947255229945,star_count,1,0.01,0.32315947255229943,0.0032315947255229945
EDIR,scientific_impact,0.0032315947255229945,fork_count,0,0.0,0.2567328181561449,0.0
EDIR,scientific_impact,0.0032315947255229945,altmetric_score,,,0.0,0.0
PDBminer,compatibility,0.0,input_formats,,,0.0,0.0
PDBminer,compatibility,0.0,output_formats,,,0.0,0.0
PDBminer,compatibility,0.0,has_workflow_support,False,0.0,0.34142426786507973,0.0
PDBminer,compatibility,0.0,has_distribution_support,False,0.0,0.6585757321349203,0.0
PDBminer,fairness,0.0,license,,,0.0,0.0
PDBminer,fairness,0.0,repository,,,0.0,0.0
PDBminer,fairness,0.0,registry,,,0.0,0.0
PDBminer,fairness,0.0,citation,,,0.0,0.0
PDBminer,fairness,0.0,checklist,,,0.0,0.0
PDBminer,fairness,0.0,publication_open_access,False,0.0,1.0,0.0
PDBminer,maintainability,0.63744916831,nloc_per_file,209.29,0.79071,0.342201,0.27058175271
PDBminer,maintainability,0.63744916831,avg_ccn,7.57,0.27,0.324063,0.08749701
PDBminer,maintainability,0.63744916831,duplicate_rate,16.29,0.8371,0.333736,0.2793704056
PDBminer,sustainability,0.26380138918469187,avg_issue_close_time_days,45.16614474143955,0.4981539473173383,0.199091,0.0991779675253562
PDBminer,sustainability,0.26380138918469187,num_open_issues,0,1.0,0.127273,0.127273
PDBminer,sustainability,0.26380138918469187,days_since_last_commit,209,0.0,0.114545,0.0
PDBminer,sustainability,0.26380138918469187,inverse_simpson_index,3.934678194044188,0.15445674705495727,0.241818,0.03735042165933566
PDBminer,sustainability,0.26380138918469187,has_releases,False,0.0,0.149091,0.0
PDBminer,sustainability,0.26380138918469187,has_contribution_guidelines,False,0.0,0.168182,0.0
PDBminer,security,0.0,default_branch_protected,False,0.0,0.47669736382597355,0.0
PDBminer,security,0.0,has_security_policy,False,0.0,0.2996011877543224,0.0
PDBminer,security,0.0,gitignore_present,False,0.0,0.22370144841970407,0.0
PDBminer,security,0.0,security_updates,,,0.0,0.0
PDBminer,security,0.0,secret_scanning,,,0.0,0.0
PDBminer,scientific_impact,0.20004397792394527,fwci,,,0.0,0.0
PDBminer,scientific_impact,0.20004397792394527,citation_count,2,0.2071561616226558,0.42010770929155566,0.0870279005249252
PDBminer,scientific_impact,0.20004397792394527,star_count,31,0.31,0.32315947255229943,0.10017943649121282
PDBminer,scientific_impact,0.20004397792394527,fork_count,5,0.05,0.2567328181561449,0.012836640907807246
PDBminer,scientific_impact,0.20004397792394527,altmetric_score,,,0.0,0.0
HOMS-TC,compatibility,0.0,input_formats,,,0.0,0.0
HOMS-TC,compatibility,0.0,output_formats,,,0.0,0.0
HOMS-TC,compatibility,0.0,has_workflow_support,False,0.0,0.34142426786507973,0.0
HOMS-TC,compatibility,0.0,has_distribution_support,False,0.0,0.6585757321349203,0.0
HOMS-TC,fairness,1.0,license,,,0.0,0.0
HOMS-TC,fairness,1.0,repository,,,0.0,0.0
HOMS-TC,fairness,1.0,registry,,,0.0,0.0
HOMS-TC,fairness,1.0,citation,,,0.0,0.0
HOMS-TC,fairness,1.0,checklist,,,0.0,0.0
HOMS-TC,fairness,1.0,publication_open_access,True,1.0,1.0,1.0
HOMS-TC,maintainability,0.88602706147,nloc_per_file,51.33,0.94867,0.342201,0.32463582266999996
HOMS-TC,maintainability,0.88602706147,avg_ccn,3.43,0.73,0.324063,0.23656598999999998
HOMS-TC,maintainability,0.88602706147,duplicate_rate,2.67,0.9733,0.333736,0.3248252488
HOMS-TC,sustainability,0.23781379754222007,avg_issue_close_time_days,44.95377314814815,0.5005136316872427,0.199091,0.09964775944624484
HOMS-TC,sustainability,0.23781379754222007,num_open_issues,1,0.995,0.127273,0.126636635
HOMS-TC,sustainability,0.23781379754222007,days_since_last_commit,1114,0.0,0.114545,0.0
HOMS-TC,sustainability,0.23781379754222007,inverse_simpson_index,1.9058823529411761,0.047678018575851376,0.241818,0.011529403095975228
HOMS-TC,sustainability,0.23781379754222007,has_releases,False,0.0,0.149091,0.0
HOMS-TC,sustainability,0.23781379754222007,has_contribution_guidelines,False,0.0,0.168182,0.0
HOMS-TC,security,0.0,default_branch_protected,False,0.0,0.47669736382597355,0.0
HOMS-TC,security,0.0,has_security_policy,False,0.0,0.2996011877543224,0.0
HOMS-TC,security,0.0,gitignore_present,False,0.0,0.22370144841970407,0.0
HOMS-TC,security,0.0,security_updates,,,0.0,0.0
HOMS-TC,security,0.0,secret_scanning,,,0.0,0.0
HOMS-TC,scientific_impact,0.1311096136548026,fwci,,,0.0,0.0
HOMS-TC,scientific_impact,0.1311096136548026,citation_count,3,0.26140197200678245,0.42010770929155566,0.10981698366406473
HOMS-TC,scientific_impact,0.1311096136548026,star_count,5,0.05,0.32315947255229943,0.016157973627614973
HOMS-TC,scientific_impact,0.1311096136548026,fork_count,2,0.02,0.2567328181561449,0.0051346563631228985
HOMS-TC,scientific_impact,0.1311096136548026,altmetric_score,,,0.0,0.0
STmut,compatibility,0.0,input_formats,,,0.0,0.0
STmut,compatibility,0.0,output_formats,,,0.0,0.0
STmut,compatibility,0.0,has_workflow_support,False,0.0,0.34142426786507973,0.0
STmut,compatibility,0.0,has_distribution_support,False,0.0,0.6585757321349203,0.0
STmut,fairness,1.0,license,,,0.0,0.0
STmut,fairness,1.0,repository,,,0.0,0.0
STmut,fairness,1.0,registry,,,0.0,0.0
STmut,fairness,1.0,citation,,,0.0,0.0
STmut,fairness,1.0,checklist,,,0.0,0.0
STmut,fairness,1.0,publication_open_access,True,1.0,1.0,1.0
STmut,maintainability,0.714563601,nloc_per_file,192.2,0.8078000000000001,0.342201,0.2764299678
STmut,maintainability,0.714563601,avg_ccn,5.93,0.4522222222222223,0.324063,0.14654849000000003
STmut,maintainability,0.714563601,duplicate_rate,12.63,0.8737,0.333736,0.2915851432
STmut,sustainability,0.3045504987735339,avg_issue_close_time_days,8.422534722222222,0.9064162808641976,0.199091,0.18045932377353394
STmut,sustainability,0.3045504987735339,num_open_issues,5,0.975,0.127273,0.124091175
STmut,sustainability,0.3045504987735339,days_since_last_commit,686,0.0,0.114545,0.0
STmut,sustainability,0.3045504987735339,inverse_simpson_index,1.0,0.0,0.241818,0.0
STmut,sustainability,0.3045504987735339,has_releases,False,0.0,0.149091,0.0
STmut,sustainability,0.3045504987735339,has_contribution_guidelines,False,0.0,0.168182,0.0
STmut,security,0.0,default_branch_protected,False,0.0,0.47669736382597355,0.0
STmut,security,0.0,has_security_policy,False,0.0,0.2996011877543224,0.0
STmut,security,0.0,gitignore_present,False,0.0,0.22370144841970407,0.0
STmut,security,0.0,security_updates,,,0.0,0.0
STmut,security,0.0,secret_scanning,,,0.0,0.0
STmut,scientific_impact,0.28190860358388903,fwci,,,0.0,0.0
STmut,scientific_impact,0.28190860358388903,citation_count,17,0.5450133092487028,0.42010770929155566,0.22896429288188277
STmut,scientific_impact,0.28190860358388903,star_count,14,0.14,0.32315947255229943,0.045242326157321926
STmut,scientific_impact,0.28190860358388903,fork_count,3,0.03,0.2567328181561449,0.0077019845446843465
STmut,scientific_impact,0.28190860358388903,altmetric_score,,,0.0,0.0
EARS,compatibility,0.0,input_formats,,,0.0,0.0
EARS,compatibility,0.0,output_formats,,,0.0,0.0
EARS,compatibility,0.0,has_workflow_support,False,0.0,0.34142426786507973,0.0
EARS,compatibility,0.0,has_distribution_support,False,0.0,0.6585757321349203,0.0
EARS,fairness,1.0,license,,,0.0,0.0
EARS,fairness,1.0,repository,,,0.0,0.0
EARS,fairness,1.0,registry,,,0.0,0.0
EARS,fairness,1.0,citation,,,0.0,0.0
EARS,fairness,1.0,checklist,,,0.0,0.0
EARS,fairness,1.0,publication_open_access,True,1.0,1.0,1.0
EARS,maintainability,0.8985571944999999,nloc_per_file,15.5,0.9845,0.342201,0.3368968845
EARS,maintainability,0.8985571944999999,avg_ccn,3.67,0.7033333333333334,0.324063,0.22792431
EARS,maintainability,0.8985571944999999,duplicate_rate,0.0,1.0,0.333736,0.333736
EARS,sustainability,0.15891068773106556,avg_issue_close_time_days,,,0.0,0.0
EARS,sustainability,0.15891068773106556,num_open_issues,0,1.0,0.15891068773106556,0.15891068773106556
EARS,sustainability,0.15891068773106556,days_since_last_commit,332,0.0,0.14301874495104935,0.0
EARS,sustainability,0.15891068773106556,inverse_simpson_index,1.0,0.0,0.301929432682115,0.0
EARS,sustainability,0.15891068773106556,has_releases,False,0.0,0.18615223452352264,0.0
EARS,sustainability,0.15891068773106556,has_contribution_guidelines,False,0.0,0.20998890011224747,0.0
EARS,security,0.0,default_branch_protected,False,0.0,0.47669736382597355,0.0
EARS,security,0.0,has_security_policy,False,0.0,0.2996011877543224,0.0
EARS,security,0.0,gitignore_present,False,0.0,0.22370144841970407,0.0
EARS,security,0.0,security_updates,,,0.0,0.0
EARS,security,0.0,secret_scanning,,,0.0,0.0
EARS,scientific_impact,0.0,fwci,,,0.0,0.0
EARS,scientific_impact,0.0,citation_count,0,0.0,0.42010770929155566,0.0
EARS,scientific_impact,0.0,star_count,0,0.0,0.32315947255229943,0.0
EARS,scientific_impact,0.0,fork_count,0,0.0,0.2567328181561449,0.0
EARS,scientific_impact,0.0,altmetric_score,,,0.0,0.0
RBDtector,compatibility,0.0,input_formats,,,0.0,0.0
RBDtector,compatibility,0.0,output_formats,,,0.0,0.0
RBDtector,compatibility,0.0,has_workflow_support,False,0.0,0.34142426786507973,0.0
RBDtector,compatibility,0.0,has_distribution_support,False,0.0,0.6585757321349203,0.0
RBDtector,fairness,1.0,license,,,0.0,0.0
RBDtector,fairness,1.0,repository,,,0.0,0.0
RBDtector,fairness,1.0,registry,,,0.0,0.0
RBDtector,fairness,1.0,citation,,,0.0,0.0
RBDtector,fairness,1.0,checklist,,,0.0,0.0
RBDtector,fairness,1.0,publication_open_access,True,1.0,1.0,1.0
RBDtector,maintainability,0.87025936721,nloc_per_file,91.19,0.90881,0.342201,0.31099569081
RBDtector,maintainability,0.87025936721,avg_ccn,3.11,0.7655555555555555,0.324063,0.24808823
RBDtector,maintainability,0.87025936721,duplicate_rate,6.76,0.9324,0.333736,0.3111754464
RBDtector,sustainability,0.15732158085375492,avg_issue_close_time_days,,,0.0,0.0
RBDtector,sustainability,0.15732158085375492,num_open_issues,2,0.99,0.15891068773106556,0.15732158085375492
RBDtector,sustainability,0.15732158085375492,days_since_last_commit,1579,0.0,0.14301874495104935,0.0
RBDtector,sustainability,0.15732158085375492,inverse_simpson_index,1.0,0.0,0.301929432682115,0.0
RBDtector,sustainability,0.15732158085375492,has_releases,False,0.0,0.18615223452352264,0.0
RBDtector,sustainability,0.15732158085375492,has_contribution_guidelines,False,0.0,0.20998890011224747,0.0
RBDtector,security,0.0,default_branch_protected,False,0.0,0.47669736382597355,0.0
RBDtector,security,0.0,has_security_policy,False,0.0,0.2996011877543224,0.0
RBDtector,security,0.0,gitignore_present,False,0.0,0.22370144841970407,0.0
RBDtector,security,0.0,security_updates,,,0.0,0.0
RBDtector,security,0.0,secret_scanning,,,0.0,0.0
RBDtector,scientific_impact,0.21314786440375832,fwci,,,0.0,0.0
RBDtector,scientific_impact,0.21314786440375832,citation_count,10,0.4521511235672025,0.42010770929155566,0.18995217277542056
RBDtector,scientific_impact,0.21314786440375832,star_count,4,0.04,0.32315947255229943,0.012926378902091978
RBDtector,scientific_impact,0.21314786440375832,fork_count,4,0.04,0.2567328181561449,0.010269312726245797
RBDtector,scientific_impact,0.21314786440375832,altmetric_score,,,0.0,0.0
Genesis-DB,compatibility,0.0,input_formats,,,0.0,0.0
Genesis-DB,compatibility,0.0,output_formats,,,0.0,0.0
Genesis-DB,compatibility,0.0,has_workflow_support,False,0.0,0.34142426786507973,0.0
Genesis-DB,compatibility,0.0,has_distribution_support,False,0.0,0.6585757321349203,0.0
Genesis-DB,fairness,1.0,license,,,0.0,0.0
Genesis-DB,fairness,1.0,repository,,,0.0,0.0
Genesis-DB,fairness,1.0,registry,,,0.0,0.0
Genesis-DB,fairness,1.0,citation,,,0.0,0.0
Genesis-DB,fairness,1.0,checklist,,,0.0,0.0
Genesis-DB,fairness,1.0,publication_open_access,True,1.0,1.0,1.0
Genesis-DB,maintainability,1.0,nloc_per_file,0.0,1.0,0.342201,0.342201
Genesis-DB,maintainability,1.0,avg_ccn,0.0,1.0,0.324063,0.324063
Genesis-DB,maintainability,1.0,duplicate_rate,0.0,1.0,0.333736,0.333736
Genesis-DB,sustainability,0.1730425566913277,avg_issue_close_time_days,,,0.0,0.0
Genesis-DB,sustainability,0.1730425566913277,num_open_issues,0,1.0,0.15891068773106556,0.15891068773106556
Genesis-DB,sustainability,0.1730425566913277,days_since_last_commit,374,0.0,0.14301874495104935,0.0
Genesis-DB,sustainability,0.1730425566913277,inverse_simpson_index,1.8892988929889298,0.046805204894154205,0.301929432682115,0.01413186896026213
Genesis-DB,sustainability,0.1730425566913277,has_releases,False,0.0,0.18615223452352264,0.0
Genesis-DB,sustainability,0.1730425566913277,has_contribution_guidelines,False,0.0,0.20998890011224747,0.0
Genesis-DB,security,0.0,default_branch_protected,False,0.0,0.47669736382597355,0.0
Genesis-DB,security,0.0,has_security_policy,False,0.0,0.2996011877543224,0.0
Genesis-DB,security,0.0,gitignore_present,False,0.0,0.22370144841970407,0.0
Genesis-DB,security,0.0,security_updates,,,0.0,0.0
Genesis-DB,security,0.0,secret_scanning,,,0.0,0.0
Genesis-DB,scientific_impact,0.11628017311511071,fwci,,,0.0,0.0
Genesis-DB,scientific_impact,0.11628017311511071,citation_count,3,0.26140197200678245,0.42010770929155566,0.10981698366406473
Genesis-DB,scientific_impact,0.11628017311511071,star_count,2,0.02,0.32315947255229943,0.006463189451045989
Genesis-DB,scientific_impact,0.11628017311511071,fork_count,0,0.0,0.2567328181561449,0.0
Genesis-DB,scientific_impact,0.11628017311511071,altmetric_score,,,0.0,0.0
Tquery,compatibility,0.0,input_formats,,,0.0,0.0
Tquery,compatibility,0.0,output_formats,,,0.0,0.0
Tquery,compatibility,0.0,has_workflow_support,False,0.0,0.34142426786507973,0.0
Tquery,compatibility,0.0,has_distribution_support,False,0.0,0.6585757321349203,0.0
Tquery,fairness,1.0,license,,,0.0,0.0
Tquery,fairness,1.0,repository,,,0.0,0.0
Tquery,fairness,1.0,registry,,,0.0,0.0
Tquery,fairness,1.0,citation,,,0.0,0.0
Tquery,fairness,1.0,checklist,,,0.0,0.0
Tquery,fairness,1.0,publication_open_access,True,1.0,1.0,1.0
Tquery,maintainability,0.91419085004,nloc_per_file,29.16,0.97084,0.342201,0.33222241884
Tquery,maintainability,0.91419085004,avg_ccn,1.94,0.8955555555555555,0.324063,0.29021642
Tquery,maintainability,0.91419085004,duplicate_rate,12.58,0.8742,0.333736,0.2917520112
Tquery,sustainability,0.16574933585694185,avg_issue_close_time_days,,,0.0,0.0
Tquery,sustainability,0.16574933585694185,num_open_issues,0,1.0,0.15891068773106556,0.15891068773106556
Tquery,sustainability,0.16574933585694185,days_since_last_commit,1016,0.0,0.14301874495104935,0.0
Tquery,sustainability,0.16574933585694185,inverse_simpson_index,1.4303466317854807,0.022649822725551615,0.301929432682115,0.006838648125876274
Tquery,sustainability,0.16574933585694185,has_releases,False,0.0,0.18615223452352264,0.0
Tquery,sustainability,0.16574933585694185,has_contribution_guidelines,False,0.0,0.20998890011224747,0.0
Tquery,security,0.0,default_branch_protected,False,0.0,0.47669736382597355,0.0
Tquery,security,0.0,has_security_policy,False,0.0,0.2996011877543224,0.0
Tquery,security,0.0,gitignore_present,False,0.0,0.22370144841970407,0.0
Tquery,security,0.0,security_updates,,,0.0,0.0
Tquery,security,0.0,secret_scanning,,,0.0,0.0
Tquery,scientific_impact,0.012262112358130432,fwci,,,0.0,0.0
Tquery,scientific_impact,0.012262112358130432,citation_count,0,0.0,0.42010770929155566,0.0
Tquery,scientific_impact,0.012262112358130432,star_count,3,0.03,0.32315947255229943,0.009694784176568983
Tquery,scientific_impact,0.012262112358130432,fork_count,1,0.01,0.2567328181561449,0.0025673281815614493
Tquery,scientific_impact,0.012262112358130432,altmetric_score,,,0.0,0.0
TransExION,compatibility,0.0,input_formats,,,0.0,0.0
TransExION,compatibility,0.0,output_formats,,,0.0,0.0
TransExION,compatibility,0.0,has_workflow_support,False,0.0,0.34142426786507973,0.0
TransExION,compatibility,0.0,has_distribution_support,False,0.0,0.6585757321349203,0.0
TransExION,fairness,1.0,license,,,0.0,0.0
TransExION,fairness,1.0,repository,,,0.0,0.0
TransExION,fairness,1.0,registry,,,0.0,0.0
TransExION,fairness,1.0,citation,,,0.0,0.0
TransExION,fairness,1.0,checklist,,,0.0,0.0
TransExION,fairness,1.0,publication_open_access,True,1.0,1.0,1.0
TransExION,maintainability,0.9220060888499999,nloc_per_file,64.35,0.93565,0.342201,0.32018036564999997
TransExION,maintainability,0.9220060888499999,avg_ccn,1.94,0.8955555555555555,0.324063,0.29021642
TransExION,maintainability,0.9220060888499999,duplicate_rate,6.63,0.9337,0.333736,0.31160930319999997
TransExION,sustainability,0.15891068773106556,avg_issue_close_time_days,,,0.0,0.0
TransExION,sustainability,0.15891068773106556,num_open_issues,0,1.0,0.15891068773106556,0.15891068773106556
TransExION,sustainability,0.15891068773106556,days_since_last_commit,883,0.0,0.14301874495104935,0.0
TransExION,sustainability,0.15891068773106556,inverse_simpson_index,1.0,0.0,0.301929432682115,0.0
TransExION,sustainability,0.15891068773106556,has_releases,False,0.0,0.18615223452352264,0.0
TransExION,sustainability,0.15891068773106556,has_contribution_guidelines,False,0.0,0.20998890011224747,0.0
TransExION,security,0.0,default_branch_protected,False,0.0,0.47669736382597355,0.0
TransExION,security,0.0,has_security_policy,False,0.0,0.2996011877543224,0.0
TransExION,security,0.0,gitignore_present,False,0.0,0.22370144841970407,0.0
TransExION,security,0.0,security_updates,,,0.0,0.0
TransExION,security,0.0,secret_scanning,,,0.0,0.0
TransExION,scientific_impact,0.14878619982342706,fwci,,,0.0,0.0
TransExION,scientific_impact,0.14878619982342706,citation_count,4,0.303478291430754,0.42010770929155566,0.1274935698326892
TransExION,scientific_impact,0.14878619982342706,star_count,5,0.05,0.32315947255229943,0.016157973627614973
TransExION,scientific_impact,0.14878619982342706,fork_count,2,0.02,0.2567328181561449,0.0051346563631228985
TransExION,scientific_impact,0.14878619982342706,altmetric_score,,,0.0,0.0
webFlaGs,compatibility,0.0,input_formats,,,0.0,0.0
webFlaGs,compatibility,0.0,output_formats,,,0.0,0.0
webFlaGs,compatibility,0.0,has_workflow_support,False,0.0,0.34142426786507973,0.0
webFlaGs,compatibility,0.0,has_distribution_support,False,0.0,0.6585757321349203,0.0
webFlaGs,fairness,1.0,license,,,0.0,0.0
webFlaGs,fairness,1.0,repository,,,0.0,0.0
webFlaGs,fairness,1.0,registry,,,0.0,0.0
webFlaGs,fairness,1.0,citation,,,0.0,0.0
webFlaGs,fairness,1.0,checklist,,,0.0,0.0
webFlaGs,fairness,1.0,publication_open_access,True,1.0,1.0,1.0
webFlaGs,maintainability,0.40137661959999993,nloc_per_file,326.0,0.6739999999999999,0.342201,0.23064347399999996
webFlaGs,maintainability,0.40137661959999993,avg_ccn,5.44,0.5066666666666666,0.324063,0.16419191999999996
webFlaGs,maintainability,0.40137661959999993,duplicate_rate,98.04,0.01959999999999995,0.333736,0.006541225599999983
webFlaGs,sustainability,0.25589638970710765,avg_issue_close_time_days,32.606944444444444,0.6377006172839506,0.199091,0.126960453595679
webFlaGs,sustainability,0.25589638970710765,num_open_issues,5,0.975,0.127273,0.124091175
webFlaGs,sustainability,0.25589638970710765,days_since_last_commit,1416,0.0,0.114545,0.0
webFlaGs,sustainability,0.25589638970710765,inverse_simpson_index,1.3806600878228432,0.02003474146436017,0.241818,0.004844761111428648
webFlaGs,sustainability,0.25589638970710765,has_releases,False,0.0,0.149091,0.0
webFlaGs,sustainability,0.25589638970710765,has_contribution_guidelines,False,0.0,0.168182,0.0
webFlaGs,security,0.47669736382597355,default_branch_protected,True,1.0,0.47669736382597355,0.47669736382597355
webFlaGs,security,0.47669736382597355,has_security_policy,False,0.0,0.2996011877543224,0.0
webFlaGs,security,0.47669736382597355,gitignore_present,False,0.0,0.22370144841970407,0.0
webFlaGs,security,0.47669736382597355,security_updates,,,0.0,0.0
webFlaGs,security,0.47669736382597355,secret_scanning,,,0.0,0.0
webFlaGs,scientific_impact,0.45906453049358126,fwci,,,0.0,0.0
webFlaGs,scientific_impact,0.45906453049358126,citation_count,132,0.9221323708524131,0.42010770929155566,0.38739491798239856
webFlaGs,scientific_impact,0.45906453049358126,star_count,19,0.19,0.32315947255229943,0.06140029978493689
webFlaGs,scientific_impact,0.45906453049358126,fork_count,4,0.04,0.2567328181561449,0.010269312726245797
webFlaGs,scientific_impact,0.45906453049358126,altmetric_score,,,0.0,0.0
gACSON,compatibility,0.0,input_formats,,,0.0,0.0
gACSON,compatibility,0.0,output_formats,,,0.0,0.0
gACSON,compatibility,0.0,has_workflow_support,False,0.0,0.34142426786507973,0.0
gACSON,compatibility,0.0,has_distribution_support,False,0.0,0.6585757321349203,0.0
gACSON,fairness,0.0,license,,,0.0,0.0
gACSON,fairness,0.0,repository,,,0.0,0.0
gACSON,fairness,0.0,registry,,,0.0,0.0
gACSON,fairness,0.0,citation,,,0.0,0.0
gACSON,fairness,0.0,checklist,,,0.0,0.0
gACSON,fairness,0.0,publication_open_access,False,0.0,1.0,0.0
gACSON,maintainability,0.82850591803,nloc_per_file,61.57,0.93843,0.342201,0.32113168442999995
gACSON,maintainability,0.82850591803,avg_ccn,4.02,0.6644444444444445,0.324063,0.21532186
gACSON,maintainability,0.82850591803,duplicate_rate,12.49,0.8751,0.333736,0.29205237359999997
gACSON,sustainability,0.1724480378497142,avg_issue_close_time_days,,,0.0,0.0
gACSON,sustainability,0.1724480378497142,num_open_issues,1,0.995,0.15891068773106556,0.15811613429241023
gACSON,sustainability,0.1724480378497142,days_since_last_commit,1487,0.0,0.14301874495104935,0.0
gACSON,sustainability,0.1724480378497142,inverse_simpson_index,1.9018867924528302,0.047467725918570014,0.301929432682115,0.014331903557303969
gACSON,sustainability,0.1724480378497142,has_releases,False,0.0,0.18615223452352264,0.0
gACSON,sustainability,0.1724480378497142,has_contribution_guidelines,False,0.0,0.20998890011224747,0.0
gACSON,security,0.0,default_branch_protected,False,0.0,0.47669736382597355,0.0
gACSON,security,0.0,has_security_policy,False,0.0,0.2996011877543224,0.0
gACSON,security,0.0,gitignore_present,False,0.0,0.22370144841970407,0.0
gACSON,security,0.0,security_updates,,,0.0,0.0
gACSON,security,0.0,secret_scanning,,,0.0,0.0
gACSON,scientific_impact,0.2373864646309089,fwci,,,0.0,0.0
gACSON,scientific_impact,0.2373864646309089,citation_count,13,0.4976250423777937,0.42010770929155566,0.20905611663944823
gACSON,scientific_impact,0.2373864646309089,star_count,4,0.04,0.32315947255229943,0.012926378902091978
gACSON,scientific_impact,0.2373864646309089,fork_count,6,0.06,0.2567328181561449,0.015403969089368693
gACSON,scientific_impact,0.2373864646309089,altmetric_score,,,0.0,0.0
prophaser,compatibility,0.0,input_formats,,,0.0,0.0
prophaser,compatibility,0.0,output_formats,,,0.0,0.0
prophaser,compatibility,0.0,has_workflow_support,False,0.0,0.34142426786507973,0.0
prophaser,compatibility,0.0,has_distribution_support,False,0.0,0.6585757321349203,0.0
prophaser,fairness,1.0,license,,,0.0,0.0
prophaser,fairness,1.0,repository,,,0.0,0.0
prophaser,fairness,1.0,registry,,,0.0,0.0
prophaser,fairness,1.0,citation,,,0.0,0.0
prophaser,fairness,1.0,checklist,,,0.0,0.0
prophaser,fairness,1.0,publication_open_access,True,1.0,1.0,1.0
prophaser,maintainability,0.7759028796499999,nloc_per_file,174.75,0.82525,0.342201,0.28240137525
prophaser,maintainability,0.7759028796499999,avg_ccn,4.13,0.6522222222222223,0.324063,0.21136109
prophaser,maintainability,0.7759028796499999,duplicate_rate,15.46,0.8453999999999999,0.333736,0.2821404144
prophaser,sustainability,0.16239896102264328,avg_issue_close_time_days,,,0.0,0.0
prophaser,sustainability,0.16239896102264328,num_open_issues,0,1.0,0.15891068773106556,0.15891068773106556
prophaser,sustainability,0.16239896102264328,days_since_last_commit,926,0.0,0.14301874495104935,0.0
prophaser,sustainability,0.16239896102264328,inverse_simpson_index,1.2195121951219512,0.011553273427471115,0.301929432682115,0.003488273291577708
prophaser,sustainability,0.16239896102264328,has_releases,False,0.0,0.18615223452352264,0.0
prophaser,sustainability,0.16239896102264328,has_contribution_guidelines,False,0.0,0.20998890011224747,0.0
prophaser,security,0.0,default_branch_protected,False,0.0,0.47669736382597355,0.0
prophaser,security,0.0,has_security_policy,False,0.0,0.2996011877543224,0.0
prophaser,security,0.0,gitignore_present,False,0.0,0.22370144841970407,0.0
prophaser,security,0.0,security_updates,,,0.0,0.0
prophaser,security,0.0,secret_scanning,,,0.0,0.0
prophaser,scientific_impact,0.24572905002326795,fwci,,,0.0,0.0
prophaser,scientific_impact,0.24572905002326795,citation_count,16,0.5342354236036424,0.42010770929155566,0.2244364200325301
prophaser,scientific_impact,0.24572905002326795,star_count,5,0.05,0.32315947255229943,0.016157973627614973
prophaser,scientific_impact,0.24572905002326795,fork_count,2,0.02,0.2567328181561449,0.0051346563631228985
prophaser,scientific_impact,0.24572905002326795,altmetric_score,,,0.0,0.0
NGSremix,compatibility,0.0,input_formats,,,0.0,0.0
NGSremix,compatibility,0.0,output_formats,,,0.0,0.0
NGSremix,compatibility,0.0,has_workflow_support,False,0.0,0.34142426786507973,0.0
NGSremix,compatibility,0.0,has_distribution_support,False,0.0,0.6585757321349203,0.0
NGSremix,fairness,1.0,license,,,0.0,0.0
NGSremix,fairness,1.0,repository,,,0.0,0.0
NGSremix,fairness,1.0,registry,,,0.0,0.0
NGSremix,fairness,1.0,citation,,,0.0,0.0
NGSremix,fairness,1.0,checklist,,,0.0,0.0
NGSremix,fairness,1.0,publication_open_access,True,1.0,1.0,1.0
NGSremix,maintainability,0.62716839988,nloc_per_file,175.32,0.82468,0.342201,0.28220632067999996
NGSremix,maintainability,0.62716839988,avg_ccn,7.6,0.2666666666666667,0.324063,0.08641680000000002
NGSremix,maintainability,0.62716839988,duplicate_rate,22.53,0.7746999999999999,0.333736,0.2585452792
NGSremix,sustainability,0.13202991790205906,avg_issue_close_time_days,302.6677285879629,0.0,0.199091,0.0
NGSremix,sustainability,0.13202991790205906,num_open_issues,4,0.98,0.127273,0.12472754
NGSremix,sustainability,0.13202991790205906,days_since_last_commit,298,0.0,0.114545,0.0
NGSremix,sustainability,0.13202991790205906,inverse_simpson_index,1.573758695130727,0.030197826059511945,0.241818,0.00730237790205906
NGSremix,sustainability,0.13202991790205906,has_releases,False,0.0,0.149091,0.0
NGSremix,sustainability,0.13202991790205906,has_contribution_guidelines,False,0.0,0.168182,0.0
NGSremix,security,0.0,default_branch_protected,False,0.0,0.47669736382597355,0.0
NGSremix,security,0.0,has_security_policy,False,0.0,0.2996011877543224,0.0
NGSremix,security,0.0,gitignore_present,False,0.0,0.22370144841970407,0.0
NGSremix,security,0.0,security_updates,,,0.0,0.0
NGSremix,security,0.0,secret_scanning,,,0.0,0.0
NGSremix,scientific_impact,0.2616673791607281,fwci,,,0.0,0.0
NGSremix,scientific_impact,0.2616673791607281,citation_count,18,0.5552083144780106,0.42010770929155566,0.23324729317498266
NGSremix,scientific_impact,0.2616673791607281,star_count,8,0.08,0.32315947255229943,0.025852757804183956
NGSremix,scientific_impact,0.2616673791607281,fork_count,1,0.01,0.2567328181561449,0.0025673281815614493
NGSremix,scientific_impact,0.2616673791607281,altmetric_score,,,0.0,0.0
proChIPdb,compatibility,0.0,input_formats,,,0.0,0.0
proChIPdb,compatibility,0.0,output_formats,,,0.0,0.0
proChIPdb,compatibility,0.0,has_workflow_support,False,0.0,0.34142426786507973,0.0
proChIPdb,compatibility,0.0,has_distribution_support,False,0.0,0.6585757321349203,0.0
proChIPdb,fairness,1.0,license,,,0.0,0.0
proChIPdb,fairness,1.0,repository,,,0.0,0.0
proChIPdb,fairness,1.0,registry,,,0.0,0.0
proChIPdb,fairness,1.0,citation,,,0.0,0.0
proChIPdb,fairness,1.0,checklist,,,0.0,0.0
proChIPdb,fairness,1.0,publication_open_access,True,1.0,1.0,1.0
proChIPdb,maintainability,,nloc_per_file,,,0.0,0.0
proChIPdb,maintainability,,avg_ccn,,,0.0,0.0
proChIPdb,maintainability,,duplicate_rate,,,0.0,0.0
proChIPdb,sustainability,0.17099216694855032,avg_issue_close_time_days,,,0.0,0.0
proChIPdb,sustainability,0.17099216694855032,num_open_issues,2,0.99,0.15891068773106556,0.15732158085375492
proChIPdb,sustainability,0.17099216694855032,days_since_last_commit,521,0.0,0.14301874495104935,0.0
proChIPdb,sustainability,0.17099216694855032,inverse_simpson_index,1.8602710027100273,0.045277421195264594,0.301929432682115,0.013670586094795408
proChIPdb,sustainability,0.17099216694855032,has_releases,False,0.0,0.18615223452352264,0.0
proChIPdb,sustainability,0.17099216694855032,has_contribution_guidelines,False,0.0,0.20998890011224747,0.0
proChIPdb,security,0.0,default_branch_protected,False,0.0,0.47669736382597355,0.0
proChIPdb,security,0.0,has_security_policy,False,0.0,0.2996011877543224,0.0
proChIPdb,security,0.0,gitignore_present,False,0.0,0.22370144841970407,0.0
proChIPdb,security,0.0,security_updates,,,0.0,0.0
proChIPdb,security,0.0,secret_scanning,,,0.0,0.0
proChIPdb,scientific_impact,0.20801320804063544,fwci,,,0.0,0.0
proChIPdb,scientific_impact,0.20801320804063544,citation_count,10,0.4521511235672025,0.42010770929155566,0.18995217277542056
proChIPdb,scientific_impact,0.20801320804063544,star_count,4,0.04,0.32315947255229943,0.012926378902091978
proChIPdb,scientific_impact,0.20801320804063544,fork_count,2,0.02,0.2567328181561449,0.0051346563631228985
proChIPdb,scientific_impact,0.20801320804063544,altmetric_score,,,0.0,0.0
Gretel,compatibility,0.0,input_formats,,,0.0,0.0
Gretel,compatibility,0.0,output_formats,,,0.0,0.0
Gretel,compatibility,0.0,has_workflow_support,False,0.0,0.34142426786507973,0.0
Gretel,compatibility,0.0,has_distribution_support,False,0.0,0.6585757321349203,0.0
Gretel,fairness,1.0,license,,,0.0,0.0
Gretel,fairness,1.0,repository,,,0.0,0.0
Gretel,fairness,1.0,registry,,,0.0,0.0
Gretel,fairness,1.0,citation,,,0.0,0.0
Gretel,fairness,1.0,checklist,,,0.0,0.0
Gretel,fairness,1.0,publication_open_access,True,1.0,1.0,1.0
Gretel,maintainability,0.70423377138,nloc_per_file,64.62,0.93538,0.342201,0.32008797138
Gretel,maintainability,0.70423377138,avg_ccn,8.6,0.15555555555555556,0.324063,0.0504098
Gretel,maintainability,0.70423377138,duplicate_rate,0.0,1.0,0.333736,0.333736
Gretel,sustainability,0.12090934999999998,avg_issue_close_time_days,392.49569598765436,0.0,0.199091,0.0
Gretel,sustainability,0.12090934999999998,num_open_issues,10,0.95,0.127273,0.12090934999999998
Gretel,sustainability,0.12090934999999998,days_since_last_commit,1913,0.0,0.114545,0.0
Gretel,sustainability,0.12090934999999998,inverse_simpson_index,1.0,0.0,0.241818,0.0
Gretel,sustainability,0.12090934999999998,has_releases,False,0.0,0.149091,0.0
Gretel,sustainability,0.12090934999999998,has_contribution_guidelines,False,0.0,0.168182,0.0
Gretel,security,0.0,default_branch_protected,False,0.0,0.47669736382597355,0.0
Gretel,security,0.0,has_security_policy,False,0.0,0.2996011877543224,0.0
Gretel,security,0.0,gitignore_present,False,0.0,0.22370144841970407,0.0
Gretel,security,0.0,security_updates,,,0.0,0.0
Gretel,security,0.0,secret_scanning,,,0.0,0.0
Gretel,scientific_impact,0.3336141191922569,fwci,,,0.0,0.0
Gretel,scientific_impact,0.3336141191922569,citation_count,17,0.5450133092487028,0.42010770929155566,0.22896429288188277
Gretel,scientific_impact,0.3336141191922569,star_count,30,0.3,0.32315947255229943,0.09694784176568982
Gretel,scientific_impact,0.3336141191922569,fork_count,3,0.03,0.2567328181561449,0.0077019845446843465
Gretel,scientific_impact,0.3336141191922569,altmetric_score,,,0.0,0.0
PRONAME,compatibility,0.0,input_formats,,,0.0,0.0
PRONAME,compatibility,0.0,output_formats,,,0.0,0.0
PRONAME,compatibility,0.0,has_workflow_support,False,0.0,0.34142426786507973,0.0
PRONAME,compatibility,0.0,has_distribution_support,False,0.0,0.6585757321349203,0.0
PRONAME,fairness,1.0,license,,,0.0,0.0
PRONAME,fairness,1.0,repository,,,0.0,0.0
PRONAME,fairness,1.0,registry,,,0.0,0.0
PRONAME,fairness,1.0,citation,,,0.0,0.0
PRONAME,fairness,1.0,checklist,,,0.0,0.0
PRONAME,fairness,1.0,publication_open_access,True,1.0,1.0,1.0
PRONAME,maintainability,0.8791031349999999,nloc_per_file,25.0,0.975,0.342201,0.333645975
PRONAME,maintainability,0.8791031349999999,avg_ccn,4.12,0.6533333333333333,0.324063,0.21172116
PRONAME,maintainability,0.8791031349999999,duplicate_rate,0.0,1.0,0.333736,0.333736
PRONAME,sustainability,0.20455764145769997,avg_issue_close_time_days,54.48777980324074,0.3945802244084362,0.199091,0.07855737145769998
PRONAME,sustainability,0.20455764145769997,num_open_issues,2,0.99,0.127273,0.12600027
PRONAME,sustainability,0.20455764145769997,days_since_last_commit,268,0.0,0.114545,0.0
PRONAME,sustainability,0.20455764145769997,inverse_simpson_index,1.0,0.0,0.241818,0.0
PRONAME,sustainability,0.20455764145769997,has_releases,False,0.0,0.149091,0.0
PRONAME,sustainability,0.20455764145769997,has_contribution_guidelines,False,0.0,0.168182,0.0
PRONAME,security,0.0,default_branch_protected,False,0.0,0.47669736382597355,0.0
PRONAME,security,0.0,has_security_policy,False,0.0,0.2996011877543224,0.0
PRONAME,security,0.0,gitignore_present,False,0.0,0.22370144841970407,0.0
PRONAME,security,0.0,security_updates,,,0.0,0.0
PRONAME,security,0.0,secret_scanning,,,0.0,0.0
PRONAME,scientific_impact,0.18433374180418,fwci,,,0.0,0.0
PRONAME,scientific_impact,0.18433374180418,citation_count,4,0.303478291430754,0.42010770929155566,0.1274935698326892
PRONAME,scientific_impact,0.18433374180418,star_count,16,0.16,0.32315947255229943,0.05170551560836791
PRONAME,scientific_impact,0.18433374180418,fork_count,2,0.02,0.2567328181561449,0.0051346563631228985
PRONAME,scientific_impact,0.18433374180418,altmetric_score,,,0.0,0.0
MaRe,compatibility,0.0,input_formats,,,0.0,0.0
MaRe,compatibility,0.0,output_formats,,,0.0,0.0
MaRe,compatibility,0.0,has_workflow_support,False,0.0,0.34142426786507973,0.0
MaRe,compatibility,0.0,has_distribution_support,False,0.0,0.6585757321349203,0.0
MaRe,fairness,1.0,license,,,0.0,0.0
MaRe,fairness,1.0,repository,,,0.0,0.0
MaRe,fairness,1.0,registry,,,0.0,0.0
MaRe,fairness,1.0,citation,,,0.0,0.0
MaRe,fairness,1.0,checklist,,,0.0,0.0
MaRe,fairness,1.0,publication_open_access,True,1.0,1.0,1.0
MaRe,maintainability,0.9692114844299999,nloc_per_file,41.57,0.95843,0.342201,0.32797570442999996
MaRe,maintainability,0.9692114844299999,avg_ccn,1.46,0.9488888888888889,0.324063,0.30749978
MaRe,maintainability,0.9692114844299999,duplicate_rate,0.0,1.0,0.333736,0.333736
MaRe,sustainability,0.18660832050072015,avg_issue_close_time_days,62.026509259259264,0.3108165637860082,0.199091,0.061880780500720156
MaRe,sustainability,0.18660832050072015,num_open_issues,4,0.98,0.127273,0.12472754
MaRe,sustainability,0.18660832050072015,days_since_last_commit,1626,0.0,0.114545,0.0
MaRe,sustainability,0.18660832050072015,inverse_simpson_index,1.0,0.0,0.241818,0.0
MaRe,sustainability,0.18660832050072015,has_releases,False,0.0,0.149091,0.0
MaRe,sustainability,0.18660832050072015,has_contribution_guidelines,False,0.0,0.168182,0.0
MaRe,security,0.0,default_branch_protected,False,0.0,0.47669736382597355,0.0
MaRe,security,0.0,has_security_policy,False,0.0,0.2996011877543224,0.0
MaRe,security,0.0,gitignore_present,False,0.0,0.22370144841970407,0.0
MaRe,security,0.0,security_updates,,,0.0,0.0
MaRe,security,0.0,secret_scanning,,,0.0,0.0
MaRe,scientific_impact,0.15280885213473872,fwci,,,0.0,0.0
MaRe,scientific_impact,0.15280885213473872,citation_count,2,0.2071561616226558,0.42010770929155566,0.0870279005249252
MaRe,scientific_impact,0.15280885213473872,star_count,14,0.14,0.32315947255229943,0.045242326157321926
MaRe,scientific_impact,0.15280885213473872,fork_count,8,0.08,0.2567328181561449,0.020538625452491594
MaRe,scientific_impact,0.15280885213473872,altmetric_score,,,0.0,0.0
COSGAP,compatibility,0.0,input_formats,,,0.0,0.0
COSGAP,compatibility,0.0,output_formats,,,0.0,0.0
COSGAP,compatibility,0.0,has_workflow_support,False,0.0,0.34142426786507973,0.0
COSGAP,compatibility,0.0,has_distribution_support,False,0.0,0.6585757321349203,0.0
COSGAP,fairness,1.0,license,,,0.0,0.0
COSGAP,fairness,1.0,repository,,,0.0,0.0
COSGAP,fairness,1.0,registry,,,0.0,0.0
COSGAP,fairness,1.0,citation,,,0.0,0.0
COSGAP,fairness,1.0,checklist,,,0.0,0.0
COSGAP,fairness,1.0,publication_open_access,True,1.0,1.0,1.0
COSGAP,maintainability,0.83832892897,nloc_per_file,63.83,0.93617,0.342201,0.32035831016999994
COSGAP,maintainability,0.83832892897,avg_ccn,3.57,0.7144444444444444,0.324063,0.23152501
COSGAP,maintainability,0.83832892897,duplicate_rate,14.17,0.8583000000000001,0.333736,0.28644560880000003
COSGAP,sustainability,0.21499332746736227,avg_issue_close_time_days,52.417324248477925,0.41758528612802304,0.199091,0.08313747220051423
COSGAP,sustainability,0.21499332746736227,num_open_issues,41,0.795,0.127273,0.101182035
COSGAP,sustainability,0.21499332746736227,days_since_last_commit,213,0.0,0.114545,0.0
COSGAP,sustainability,0.21499332746736227,inverse_simpson_index,3.410087690205495,0.1268467205371313,0.241818,0.03067382026684802
COSGAP,sustainability,0.21499332746736227,has_releases,False,0.0,0.149091,0.0
COSGAP,sustainability,0.21499332746736227,has_contribution_guidelines,False,0.0,0.168182,0.0
COSGAP,security,0.47669736382597355,default_branch_protected,True,1.0,0.47669736382597355,0.47669736382597355
COSGAP,security,0.47669736382597355,has_security_policy,False,0.0,0.2996011877543224,0.0
COSGAP,security,0.47669736382597355,gitignore_present,False,0.0,0.22370144841970407,0.0
COSGAP,security,0.47669736382597355,security_updates,,,0.0,0.0
COSGAP,security,0.47669736382597355,secret_scanning,,,0.0,0.0
COSGAP,scientific_impact,0.2987256449234196,fwci,,,0.0,0.0
COSGAP,scientific_impact,0.2987256449234196,citation_count,6,0.3669240563744024,0.42010770929155566,0.1541476248074158
COSGAP,scientific_impact,0.2987256449234196,star_count,36,0.36,0.32315947255229943,0.1163374101188278
COSGAP,scientific_impact,0.2987256449234196,fork_count,11,0.11,0.2567328181561449,0.02824060999717594
COSGAP,scientific_impact,0.2987256449234196,altmetric_score,,,0.0,0.0
seqNdisplayR,compatibility,0.0,input_formats,,,0.0,0.0
seqNdisplayR,compatibility,0.0,output_formats,,,0.0,0.0
seqNdisplayR,compatibility,0.0,has_workflow_support,False,0.0,0.34142426786507973,0.0
seqNdisplayR,compatibility,0.0,has_distribution_support,False,0.0,0.6585757321349203,0.0
seqNdisplayR,fairness,1.0,license,,,0.0,0.0
seqNdisplayR,fairness,1.0,repository,,,0.0,0.0
seqNdisplayR,fairness,1.0,registry,,,0.0,0.0
seqNdisplayR,fairness,1.0,citation,,,0.0,0.0
seqNdisplayR,fairness,1.0,checklist,,,0.0,0.0
seqNdisplayR,fairness,1.0,publication_open_access,True,1.0,1.0,1.0
seqNdisplayR,maintainability,0.2737302672,nloc_per_file,2466.67,0.0,0.342201,0.0
seqNdisplayR,maintainability,0.2737302672,avg_ccn,12.92,0.0,0.324063,0.0
seqNdisplayR,maintainability,0.2737302672,duplicate_rate,17.98,0.8202,0.333736,0.2737302672
seqNdisplayR,sustainability,0.16756161659935012,avg_issue_close_time_days,,,0.0,0.0
seqNdisplayR,sustainability,0.16756161659935012,num_open_issues,0,1.0,0.15891068773106556,0.15891068773106556
seqNdisplayR,sustainability,0.16756161659935012,days_since_last_commit,341,0.0,0.14301874495104935,0.0
seqNdisplayR,sustainability,0.16756161659935012,inverse_simpson_index,1.544390942735485,0.028652154880814996,0.301929432682115,0.008650928868284563
seqNdisplayR,sustainability,0.16756161659935012,has_releases,False,0.0,0.18615223452352264,0.0
seqNdisplayR,sustainability,0.16756161659935012,has_contribution_guidelines,False,0.0,0.20998890011224747,0.0
seqNdisplayR,security,0.0,default_branch_protected,False,0.0,0.47669736382597355,0.0
seqNdisplayR,security,0.0,has_security_policy,False,0.0,0.2996011877543224,0.0
seqNdisplayR,security,0.0,gitignore_present,False,0.0,0.22370144841970407,0.0
seqNdisplayR,security,0.0,security_updates,,,0.0,0.0
seqNdisplayR,security,0.0,secret_scanning,,,0.0,0.0
seqNdisplayR,scientific_impact,0.18323197733712276,fwci,,,0.0,0.0
seqNdisplayR,scientific_impact,0.18323197733712276,citation_count,6,0.3669240563744024,0.42010770929155566,0.1541476248074158
seqNdisplayR,scientific_impact,0.18323197733712276,star_count,9,0.09,0.32315947255229943,0.02908435252970695
seqNdisplayR,scientific_impact,0.18323197733712276,fork_count,0,0.0,0.2567328181561449,0.0
seqNdisplayR,scientific_impact,0.18323197733712276,altmetric_score,,,0.0,0.0
MASSef,compatibility,0.0,input_formats,,,0.0,0.0
MASSef,compatibility,0.0,output_formats,,,0.0,0.0
MASSef,compatibility,0.0,has_workflow_support,False,0.0,0.34142426786507973,0.0
MASSef,compatibility,0.0,has_distribution_support,False,0.0,0.6585757321349203,0.0
MASSef,fairness,1.0,license,,,0.0,0.0
MASSef,fairness,1.0,repository,,,0.0,0.0
MASSef,fairness,1.0,registry,,,0.0,0.0
MASSef,fairness,1.0,citation,,,0.0,0.0
MASSef,fairness,1.0,checklist,,,0.0,0.0
MASSef,fairness,1.0,publication_open_access,True,1.0,1.0,1.0
MASSef,maintainability,0.68069831968,nloc_per_file,268.32,0.73168,0.342201,0.25038162768
MASSef,maintainability,0.68069831968,avg_ccn,2.98,0.78,0.324063,0.25276914
MASSef,maintainability,0.68069831968,duplicate_rate,46.8,0.532,0.333736,0.177547552
MASSef,sustainability,0.19922132394218683,avg_issue_close_time_days,57.47868739478115,0.36134791783576503,0.199091,0.07194111830984029
MASSef,sustainability,0.19922132394218683,num_open_issues,16,0.92,0.127273,0.11709116
MASSef,sustainability,0.19922132394218683,days_since_last_commit,684,0.0,0.114545,0.0
MASSef,sustainability,0.19922132394218683,inverse_simpson_index,1.8005684730441265,0.04213518279179613,0.241818,0.010189045632346556
MASSef,sustainability,0.19922132394218683,has_releases,False,0.0,0.149091,0.0
MASSef,sustainability,0.19922132394218683,has_contribution_guidelines,False,0.0,0.168182,0.0
MASSef,security,0.0,default_branch_protected,False,0.0,0.47669736382597355,0.0
MASSef,security,0.0,has_security_policy,False,0.0,0.2996011877543224,0.0
MASSef,security,0.0,gitignore_present,False,0.0,0.22370144841970407,0.0
MASSef,security,0.0,security_updates,,,0.0,0.0
MASSef,security,0.0,secret_scanning,,,0.0,0.0
MASSef,scientific_impact,0.13006089801425064,fwci,,,0.0,0.0
MASSef,scientific_impact,0.13006089801425064,citation_count,4,0.303478291430754,0.42010770929155566,0.1274935698326892
MASSef,scientific_impact,0.13006089801425064,star_count,0,0.0,0.32315947255229943,0.0
MASSef,scientific_impact,0.13006089801425064,fork_count,1,0.01,0.2567328181561449,0.0025673281815614493
MASSef,scientific_impact,0.13006089801425064,altmetric_score,,,0.0,0.0
ClusterFinder,compatibility,0.0,input_formats,,,0.0,0.0
ClusterFinder,compatibility,0.0,output_formats,,,0.0,0.0
ClusterFinder,compatibility,0.0,has_workflow_support,False,0.0,0.34142426786507973,0.0
ClusterFinder,compatibility,0.0,has_distribution_support,False,0.0,0.6585757321349203,0.0
ClusterFinder,fairness,1.0,license,,,0.0,0.0
ClusterFinder,fairness,1.0,repository,,,0.0,0.0
ClusterFinder,fairness,1.0,registry,,,0.0,0.0
ClusterFinder,fairness,1.0,citation,,,0.0,0.0
ClusterFinder,fairness,1.0,checklist,,,0.0,0.0
ClusterFinder,fairness,1.0,publication_open_access,True,1.0,1.0,1.0
ClusterFinder,maintainability,0.7207282213999999,nloc_per_file,267.0,0.733,0.342201,0.250833333
ClusterFinder,maintainability,0.7207282213999999,avg_ccn,4.73,0.5855555555555555,0.324063,0.18975688999999998
ClusterFinder,maintainability,0.7207282213999999,duplicate_rate,16.06,0.8394,0.333736,0.2801379984
ClusterFinder,sustainability,0.15652702741509958,avg_issue_close_time_days,,,0.0,0.0
ClusterFinder,sustainability,0.15652702741509958,num_open_issues,3,0.985,0.15891068773106556,0.15652702741509958
ClusterFinder,sustainability,0.15652702741509958,days_since_last_commit,346,0.0,0.14301874495104935,0.0
ClusterFinder,sustainability,0.15652702741509958,inverse_simpson_index,1.0,0.0,0.301929432682115,0.0
ClusterFinder,sustainability,0.15652702741509958,has_releases,False,0.0,0.18615223452352264,0.0
ClusterFinder,sustainability,0.15652702741509958,has_contribution_guidelines,False,0.0,0.20998890011224747,0.0
ClusterFinder,security,0.0,default_branch_protected,False,0.0,0.47669736382597355,0.0
ClusterFinder,security,0.0,has_security_policy,False,0.0,0.2996011877543224,0.0
ClusterFinder,security,0.0,gitignore_present,False,0.0,0.22370144841970407,0.0
ClusterFinder,security,0.0,security_updates,,,0.0,0.0
ClusterFinder,security,0.0,secret_scanning,,,0.0,0.0
ClusterFinder,scientific_impact,0.14516798708248058,fwci,,,0.0,0.0
ClusterFinder,scientific_impact,0.14516798708248058,citation_count,5,0.337857147626047,0.42010770929155566,0.14193639235695757
ClusterFinder,scientific_impact,0.14516798708248058,star_count,1,0.01,0.32315947255229943,0.0032315947255229945
ClusterFinder,scientific_impact,0.14516798708248058,fork_count,0,0.0,0.2567328181561449,0.0
ClusterFinder,scientific_impact,0.14516798708248058,altmetric_score,,,0.0,0.0
AtlasGrabber,compatibility,0.0,input_formats,,,0.0,0.0
AtlasGrabber,compatibility,0.0,output_formats,,,0.0,0.0
AtlasGrabber,compatibility,0.0,has_workflow_support,False,0.0,0.34142426786507973,0.0
AtlasGrabber,compatibility,0.0,has_distribution_support,False,0.0,0.6585757321349203,0.0
AtlasGrabber,fairness,1.0,license,,,0.0,0.0
AtlasGrabber,fairness,1.0,repository,,,0.0,0.0
AtlasGrabber,fairness,1.0,registry,,,0.0,0.0
AtlasGrabber,fairness,1.0,citation,,,0.0,0.0
AtlasGrabber,fairness,1.0,checklist,,,0.0,0.0
AtlasGrabber,fairness,1.0,publication_open_access,True,1.0,1.0,1.0
AtlasGrabber,maintainability,0.6039509865699999,nloc_per_file,619.83,0.38017,0.342201,0.13009455417
AtlasGrabber,maintainability,0.6039509865699999,avg_ccn,5.19,0.5344444444444444,0.324063,0.17319366999999997
AtlasGrabber,maintainability,0.6039509865699999,duplicate_rate,9.91,0.9009,0.333736,0.3006627624
AtlasGrabber,sustainability,0.17357932413667437,avg_issue_close_time_days,,,0.0,0.0
AtlasGrabber,sustainability,0.17357932413667437,num_open_issues,0,1.0,0.15891068773106556,0.15891068773106556
AtlasGrabber,sustainability,0.17357932413667437,days_since_last_commit,1564,0.0,0.14301874495104935,0.0
AtlasGrabber,sustainability,0.17357932413667437,inverse_simpson_index,1.923076923076923,0.048582995951417,0.301929432682115,0.014668636405608823
AtlasGrabber,sustainability,0.17357932413667437,has_releases,False,0.0,0.18615223452352264,0.0
AtlasGrabber,sustainability,0.17357932413667437,has_contribution_guidelines,False,0.0,0.20998890011224747,0.0
AtlasGrabber,security,0.0,default_branch_protected,False,0.0,0.47669736382597355,0.0
AtlasGrabber,security,0.0,has_security_policy,False,0.0,0.2996011877543224,0.0
AtlasGrabber,security,0.0,gitignore_present,False,0.0,0.22370144841970407,0.0
AtlasGrabber,security,0.0,security_updates,,,0.0,0.0
AtlasGrabber,security,0.0,secret_scanning,,,0.0,0.0
AtlasGrabber,scientific_impact,0.19964695695198956,fwci,,,0.0,0.0
AtlasGrabber,scientific_impact,0.19964695695198956,citation_count,10,0.4521511235672025,0.42010770929155566,0.18995217277542056
AtlasGrabber,scientific_impact,0.19964695695198956,star_count,3,0.03,0.32315947255229943,0.009694784176568983
AtlasGrabber,scientific_impact,0.19964695695198956,fork_count,0,0.0,0.2567328181561449,0.0
AtlasGrabber,scientific_impact,0.19964695695198956,altmetric_score,,,0.0,0.0
ion-to-image i2i,compatibility,0.0,input_formats,,,0.0,0.0
ion-to-image i2i,compatibility,0.0,output_formats,,,0.0,0.0
ion-to-image i2i,compatibility,0.0,has_workflow_support,False,0.0,0.34142426786507973,0.0
ion-to-image i2i,compatibility,0.0,has_distribution_support,False,0.0,0.6585757321349203,0.0
ion-to-image i2i,fairness,1.0,license,,,0.0,0.0
ion-to-image i2i,fairness,1.0,repository,,,0.0,0.0
ion-to-image i2i,fairness,1.0,registry,,,0.0,0.0
ion-to-image i2i,fairness,1.0,citation,,,0.0,0.0
ion-to-image i2i,fairness,1.0,checklist,,,0.0,0.0
ion-to-image i2i,fairness,1.0,publication_open_access,True,1.0,1.0,1.0
ion-to-image i2i,maintainability,0.9802542972299999,nloc_per_file,18.77,0.98123,0.342201,0.33577788723
ion-to-image i2i,maintainability,0.9802542972299999,avg_ccn,1.37,0.9588888888888889,0.324063,0.31074040999999997
ion-to-image i2i,maintainability,0.9802542972299999,duplicate_rate,0.0,1.0,0.333736,0.333736
ion-to-image i2i,sustainability,0.16098056148091427,avg_issue_close_time_days,,,0.0,0.0
ion-to-image i2i,sustainability,0.16098056148091427,num_open_issues,0,1.0,0.15891068773106556,0.15891068773106556
ion-to-image i2i,sustainability,0.16098056148091427,days_since_last_commit,668,0.0,0.14301874495104935,0.0
ion-to-image i2i,sustainability,0.16098056148091427,inverse_simpson_index,1.1302542812662169,0.006855488487695624,0.301929432682115,0.0020698737498487103
ion-to-image i2i,sustainability,0.16098056148091427,has_releases,False,0.0,0.18615223452352264,0.0
ion-to-image i2i,sustainability,0.16098056148091427,has_contribution_guidelines,False,0.0,0.20998890011224747,0.0
ion-to-image i2i,security,0.0,default_branch_protected,False,0.0,0.47669736382597355,0.0
ion-to-image i2i,security,0.0,has_security_policy,False,0.0,0.2996011877543224,0.0
ion-to-image i2i,security,0.0,gitignore_present,False,0.0,0.22370144841970407,0.0
ion-to-image i2i,security,0.0,security_updates,,,0.0,0.0
ion-to-image i2i,security,0.0,secret_scanning,,,0.0,0.0
ion-to-image i2i,scientific_impact,0.22454982372310167,fwci,,,0.0,0.0
ion-to-image i2i,scientific_impact,0.22454982372310167,citation_count,13,0.4976250423777937,0.42010770929155566,0.20905611663944823
ion-to-image i2i,scientific_impact,0.22454982372310167,star_count,4,0.04,0.32315947255229943,0.012926378902091978
ion-to-image i2i,scientific_impact,0.22454982372310167,fork_count,1,0.01,0.2567328181561449,0.0025673281815614493
ion-to-image i2i,scientific_impact,0.22454982372310167,altmetric_score,,,0.0,0.0
ArcTiCA,compatibility,0.0,input_formats,,,0.0,0.0
ArcTiCA,compatibility,0.0,output_formats,,,0.0,0.0
ArcTiCA,compatibility,0.0,has_workflow_support,False,0.0,0.34142426786507973,0.0
ArcTiCA,compatibility,0.0,has_distribution_support,False,0.0,0.6585757321349203,0.0
ArcTiCA,fairness,1.0,license,,,0.0,0.0
ArcTiCA,fairness,1.0,repository,,,0.0,0.0
ArcTiCA,fairness,1.0,registry,,,0.0,0.0
ArcTiCA,fairness,1.0,citation,,,0.0,0.0
ArcTiCA,fairness,1.0,checklist,,,0.0,0.0
ArcTiCA,fairness,1.0,publication_open_access,True,1.0,1.0,1.0
ArcTiCA,maintainability,1.0,nloc_per_file,0.0,1.0,0.342201,0.342201
ArcTiCA,maintainability,1.0,avg_ccn,0.0,1.0,0.324063,0.324063
ArcTiCA,maintainability,1.0,duplicate_rate,0.0,1.0,0.333736,0.333736
ArcTiCA,sustainability,0.15891068773106556,avg_issue_close_time_days,,,0.0,0.0
ArcTiCA,sustainability,0.15891068773106556,num_open_issues,0,1.0,0.15891068773106556,0.15891068773106556
ArcTiCA,sustainability,0.15891068773106556,days_since_last_commit,1037,0.0,0.14301874495104935,0.0
ArcTiCA,sustainability,0.15891068773106556,inverse_simpson_index,1.0,0.0,0.301929432682115,0.0
ArcTiCA,sustainability,0.15891068773106556,has_releases,False,0.0,0.18615223452352264,0.0
ArcTiCA,sustainability,0.15891068773106556,has_contribution_guidelines,False,0.0,0.20998890011224747,0.0
ArcTiCA,security,0.0,default_branch_protected,False,0.0,0.47669736382597355,0.0
ArcTiCA,security,0.0,has_security_policy,False,0.0,0.2996011877543224,0.0
ArcTiCA,security,0.0,gitignore_present,False,0.0,0.22370144841970407,0.0
ArcTiCA,security,0.0,security_updates,,,0.0,0.0
ArcTiCA,security,0.0,secret_scanning,,,0.0,0.0
ArcTiCA,scientific_impact,0.0,fwci,,,0.0,0.0
ArcTiCA,scientific_impact,0.0,citation_count,0,0.0,0.42010770929155566,0.0
ArcTiCA,scientific_impact,0.0,star_count,0,0.0,0.32315947255229943,0.0
ArcTiCA,scientific_impact,0.0,fork_count,0,0.0,0.2567328181561449,0.0
ArcTiCA,scientific_impact,0.0,altmetric_score,,,0.0,0.0
Deuteros 2.0,compatibility,0.0,input_formats,,,0.0,0.0
Deuteros 2.0,compatibility,0.0,output_formats,,,0.0,0.0
Deuteros 2.0,compatibility,0.0,has_workflow_support,False,0.0,0.34142426786507973,0.0
Deuteros 2.0,compatibility,0.0,has_distribution_support,False,0.0,0.6585757321349203,0.0
Deuteros 2.0,fairness,1.0,license,,,0.0,0.0
Deuteros 2.0,fairness,1.0,repository,,,0.0,0.0
Deuteros 2.0,fairness,1.0,registry,,,0.0,0.0
Deuteros 2.0,fairness,1.0,citation,,,0.0,0.0
Deuteros 2.0,fairness,1.0,checklist,,,0.0,0.0
Deuteros 2.0,fairness,1.0,publication_open_access,True,1.0,1.0,1.0
Deuteros 2.0,maintainability,0.6960999983999999,nloc_per_file,0.0,1.0,0.342201,0.342201
Deuteros 2.0,maintainability,0.6960999983999999,avg_ccn,0.0,1.0,0.324063,0.324063
Deuteros 2.0,maintainability,0.6960999983999999,duplicate_rate,91.06,0.08939999999999992,0.333736,0.029835998399999973
Deuteros 2.0,sustainability,0.3136164438329663,avg_issue_close_time_days,7.014618055555555,0.9220597993827161,0.199091,0.18357380751890431
Deuteros 2.0,sustainability,0.3136164438329663,num_open_issues,3,0.985,0.127273,0.125363905
Deuteros 2.0,sustainability,0.3136164438329663,days_since_last_commit,1252,0.0,0.114545,0.0
Deuteros 2.0,sustainability,0.3136164438329663,inverse_simpson_index,1.3676148796498908,0.01934815156052057,0.241818,0.004678731314061963
Deuteros 2.0,sustainability,0.3136164438329663,has_releases,False,0.0,0.149091,0.0
Deuteros 2.0,sustainability,0.3136164438329663,has_contribution_guidelines,False,0.0,0.168182,0.0
Deuteros 2.0,security,0.0,default_branch_protected,False,0.0,0.47669736382597355,0.0
Deuteros 2.0,security,0.0,has_security_policy,False,0.0,0.2996011877543224,0.0
Deuteros 2.0,security,0.0,gitignore_present,False,0.0,0.22370144841970407,0.0
Deuteros 2.0,security,0.0,security_updates,,,0.0,0.0
Deuteros 2.0,security,0.0,secret_scanning,,,0.0,0.0
Deuteros 2.0,scientific_impact,0.3859293542678944,fwci,,,0.0,0.0
Deuteros 2.0,scientific_impact,0.3859293542678944,citation_count,94,0.8586866059087647,0.42010770929155566,0.36074086300767194
Deuteros 2.0,scientific_impact,0.3859293542678944,star_count,7,0.07,0.32315947255229943,0.022621163078660963
Deuteros 2.0,scientific_impact,0.3859293542678944,fork_count,1,0.01,0.2567328181561449,0.0025673281815614493
Deuteros 2.0,scientific_impact,0.3859293542678944,altmetric_score,,,0.0,0.0
NGSpeciesID,compatibility,0.0,input_formats,,,0.0,0.0
NGSpeciesID,compatibility,0.0,output_formats,,,0.0,0.0
NGSpeciesID,compatibility,0.0,has_workflow_support,False,0.0,0.34142426786507973,0.0
NGSpeciesID,compatibility,0.0,has_distribution_support,False,0.0,0.6585757321349203,0.0
NGSpeciesID,fairness,1.0,license,,,0.0,0.0
NGSpeciesID,fairness,1.0,repository,,,0.0,0.0
NGSpeciesID,fairness,1.0,registry,,,0.0,0.0
NGSpeciesID,fairness,1.0,citation,,,0.0,0.0
NGSpeciesID,fairness,1.0,checklist,,,0.0,0.0
NGSpeciesID,fairness,1.0,publication_open_access,True,1.0,1.0,1.0
NGSpeciesID,maintainability,0.7238933713799999,nloc_per_file,115.82,0.88418,0.342201,0.30256728017999995
NGSpeciesID,maintainability,0.7238933713799999,avg_ccn,7.56,0.2711111111111112,0.324063,0.08785708000000002
NGSpeciesID,maintainability,0.7238933713799999,duplicate_rate,0.08,0.9992,0.333736,0.33346901119999994
NGSpeciesID,sustainability,0.14683568627831856,avg_issue_close_time_days,251.45794244528622,0.0,0.199091,0.0
NGSpeciesID,sustainability,0.14683568627831856,num_open_issues,7,0.965,0.127273,0.122818445
NGSpeciesID,sustainability,0.14683568627831856,days_since_last_commit,521,0.0,0.114545,0.0
NGSpeciesID,sustainability,0.14683568627831856,inverse_simpson_index,2.887070376432079,0.0993194934964252,0.241818,0.02401724127831855
NGSpeciesID,sustainability,0.14683568627831856,has_releases,False,0.0,0.149091,0.0
NGSpeciesID,sustainability,0.14683568627831856,has_contribution_guidelines,False,0.0,0.168182,0.0
NGSpeciesID,security,0.0,default_branch_protected,False,0.0,0.47669736382597355,0.0
NGSpeciesID,security,0.0,has_security_policy,False,0.0,0.2996011877543224,0.0
NGSpeciesID,security,0.0,gitignore_present,False,0.0,0.22370144841970407,0.0
NGSpeciesID,security,0.0,security_updates,,,0.0,0.0
NGSpeciesID,security,0.0,secret_scanning,,,0.0,0.0
NGSpeciesID,scientific_impact,0.5974267796285483,fwci,,,0.0,0.0
NGSpeciesID,scientific_impact,0.5974267796285483,citation_count,75,0.8166102864847931,0.42010770929155566,0.34306427683904744
NGSpeciesID,scientific_impact,0.5974267796285483,star_count,66,0.66,0.32315947255229943,0.21328525188451763
NGSpeciesID,scientific_impact,0.5974267796285483,fork_count,16,0.16,0.2567328181561449,0.04107725090498319
NGSpeciesID,scientific_impact,0.5974267796285483,altmetric_score,,,0.0,0.0
NucleoSeeker,compatibility,0.0,input_formats,,,0.0,0.0
NucleoSeeker,compatibility,0.0,output_formats,,,0.0,0.0
NucleoSeeker,compatibility,0.0,has_workflow_support,False,0.0,0.34142426786507973,0.0
NucleoSeeker,compatibility,0.0,has_distribution_support,False,0.0,0.6585757321349203,0.0
NucleoSeeker,fairness,1.0,license,,,0.0,0.0
NucleoSeeker,fairness,1.0,repository,,,0.0,0.0
NucleoSeeker,fairness,1.0,registry,,,0.0,0.0
NucleoSeeker,fairness,1.0,citation,,,0.0,0.0
NucleoSeeker,fairness,1.0,checklist,,,0.0,0.0
NucleoSeeker,fairness,1.0,publication_open_access,True,1.0,1.0,1.0
NucleoSeeker,maintainability,0.87552163323,nloc_per_file,75.17,0.92483,0.342201,0.31647775083
NucleoSeeker,maintainability,0.87552163323,avg_ccn,2.94,0.7844444444444445,0.324063,0.25420942
NucleoSeeker,maintainability,0.87552163323,duplicate_rate,8.66,0.9134,0.333736,0.30483446239999995
NucleoSeeker,sustainability,0.0,avg_issue_close_time_days,,,0.0,0.0
NucleoSeeker,sustainability,0.0,num_open_issues,,,0.0,0.0
NucleoSeeker,sustainability,0.0,days_since_last_commit,,,0.0,0.0
NucleoSeeker,sustainability,0.0,inverse_simpson_index,1.0,0.0,0.43251992967155617,0.0
NucleoSeeker,sustainability,0.0,has_releases,False,0.0,0.2666667859078397,0.0
NucleoSeeker,sustainability,0.0,has_contribution_guidelines,False,0.0,0.3008132844206042,0.0
NucleoSeeker,security,0.0,default_branch_protected,False,0.0,0.47669736382597355,0.0
NucleoSeeker,security,0.0,has_security_policy,False,0.0,0.2996011877543224,0.0
NucleoSeeker,security,0.0,gitignore_present,False,0.0,0.22370144841970407,0.0
NucleoSeeker,security,0.0,security_updates,,,0.0,0.0
NucleoSeeker,security,0.0,secret_scanning,,,0.0,0.0
NucleoSeeker,scientific_impact,0.2071561616226558,fwci,,,0.0,0.0
NucleoSeeker,scientific_impact,0.2071561616226558,citation_count,2,0.2071561616226558,1.0,0.2071561616226558
NucleoSeeker,scientific_impact,0.2071561616226558,star_count,,,0.0,0.0
NucleoSeeker,scientific_impact,0.2071561616226558,fork_count,,,0.0,0.0
NucleoSeeker,scientific_impact,0.2071561616226558,altmetric_score,,,0.0,0.0
MS2Rescore,compatibility,0.0,input_formats,,,0.0,0.0
MS2Rescore,compatibility,0.0,output_formats,,,0.0,0.0
MS2Rescore,compatibility,0.0,has_workflow_support,False,0.0,0.34142426786507973,0.0
MS2Rescore,compatibility,0.0,has_distribution_support,False,0.0,0.6585757321349203,0.0
MS2Rescore,fairness,0.0,license,,,0.0,0.0
MS2Rescore,fairness,0.0,repository,,,0.0,0.0
MS2Rescore,fairness,0.0,registry,,,0.0,0.0
MS2Rescore,fairness,0.0,citation,,,0.0,0.0
MS2Rescore,fairness,0.0,checklist,,,0.0,0.0
MS2Rescore,fairness,0.0,publication_open_access,False,0.0,1.0,0.0
MS2Rescore,maintainability,0.8869612421499999,nloc_per_file,122.25,0.87775,0.342201,0.30036692775
MS2Rescore,maintainability,0.8869612421499999,avg_ccn,2.68,0.8133333333333334,0.324063,0.26357124
MS2Rescore,maintainability,0.8869612421499999,duplicate_rate,3.21,0.9679,0.333736,0.3230230744
MS2Rescore,sustainability,0.13876653875865716,avg_issue_close_time_days,188.0292337962963,0.0,0.199091,0.0
MS2Rescore,sustainability,0.13876653875865716,num_open_issues,17,0.915,0.127273,0.116454795
MS2Rescore,sustainability,0.13876653875865716,days_since_last_commit,196,0.0,0.114545,0.0
MS2Rescore,sustainability,0.13876653875865716,inverse_simpson_index,2.753066899132761,0.09226667890172427,0.241818,0.02231174375865716
MS2Rescore,sustainability,0.13876653875865716,has_releases,False,0.0,0.149091,0.0
MS2Rescore,sustainability,0.13876653875865716,has_contribution_guidelines,False,0.0,0.168182,0.0
MS2Rescore,security,0.47669736382597355,default_branch_protected,True,1.0,0.47669736382597355,0.47669736382597355
MS2Rescore,security,0.47669736382597355,has_security_policy,False,0.0,0.2996011877543224,0.0
MS2Rescore,security,0.47669736382597355,gitignore_present,False,0.0,0.22370144841970407,0.0
MS2Rescore,security,0.47669736382597355,security_updates,,,0.0,0.0
MS2Rescore,security,0.47669736382597355,secret_scanning,,,0.0,0.0
MS2Rescore,scientific_impact,0.5033189960550265,fwci,,,0.0,0.0
MS2Rescore,scientific_impact,0.5033189960550265,citation_count,22,0.5912340079040808,0.42010770929155566,0.2483819647158489
MS2Rescore,scientific_impact,0.5033189960550265,star_count,63,0.63,0.32315947255229943,0.20359046770794864
MS2Rescore,scientific_impact,0.5033189960550265,fork_count,20,0.2,0.2567328181561449,0.051346563631228984
MS2Rescore,scientific_impact,0.5033189960550265,altmetric_score,,,0.0,0.0
spectrum_utils,compatibility,0.0,input_formats,,,0.0,0.0
spectrum_utils,compatibility,0.0,output_formats,,,0.0,0.0
spectrum_utils,compatibility,0.0,has_workflow_support,False,0.0,0.34142426786507973,0.0
spectrum_utils,compatibility,0.0,has_distribution_support,False,0.0,0.6585757321349203,0.0
spectrum_utils,fairness,0.0,license,,,0.0,0.0
spectrum_utils,fairness,0.0,repository,,,0.0,0.0
spectrum_utils,fairness,0.0,registry,,,0.0,0.0
spectrum_utils,fairness,0.0,citation,,,0.0,0.0
spectrum_utils,fairness,0.0,checklist,,,0.0,0.0
spectrum_utils,fairness,0.0,publication_open_access,False,0.0,1.0,0.0
spectrum_utils,maintainability,0.6609606242999999,nloc_per_file,356.5,0.6435,0.342201,0.22020634349999998
spectrum_utils,maintainability,0.6609606242999999,avg_ccn,3.3,0.7444444444444445,0.324063,0.2412469
spectrum_utils,maintainability,0.6609606242999999,duplicate_rate,40.22,0.5978,0.333736,0.1995073808
spectrum_utils,sustainability,0.12037421432195382,avg_issue_close_time_days,92.79557018693222,0.0,0.199091,0.0
spectrum_utils,sustainability,0.12037421432195382,num_open_issues,12,0.94,0.127273,0.11963661999999999
spectrum_utils,sustainability,0.12037421432195382,days_since_last_commit,203,0.0,0.114545,0.0
spectrum_utils,sustainability,0.12037421432195382,inverse_simpson_index,1.0579538831564346,0.003050204376654451,0.241818,0.0007375943219538261
spectrum_utils,sustainability,0.12037421432195382,has_releases,False,0.0,0.149091,0.0
spectrum_utils,sustainability,0.12037421432195382,has_contribution_guidelines,False,0.0,0.168182,0.0
spectrum_utils,security,0.47669736382597355,default_branch_protected,True,1.0,0.47669736382597355,0.47669736382597355
spectrum_utils,security,0.47669736382597355,has_security_policy,False,0.0,0.2996011877543224,0.0
spectrum_utils,security,0.47669736382597355,gitignore_present,False,0.0,0.22370144841970407,0.0
spectrum_utils,security,0.47669736382597355,security_updates,,,0.0,0.0
spectrum_utils,security,0.47669736382597355,secret_scanning,,,0.0,0.0
spectrum_utils,scientific_impact,0.6439221715130454,fwci,,,0.0,0.0
spectrum_utils,scientific_impact,0.6439221715130454,citation_count,20,0.5740802179970582,0.42010770929155566,0.24117552533234105
spectrum_utils,scientific_impact,0.6439221715130454,star_count,164,1.0,0.32315947255229943,0.32315947255229943
spectrum_utils,scientific_impact,0.6439221715130454,fork_count,31,0.31,0.2567328181561449,0.07958717362840492
spectrum_utils,scientific_impact,0.6439221715130454,altmetric_score,,,0.0,0.0
