tool,dimension,dimension_score,metric,raw_value,normalized_value,weight,contribution
MS2AI,compatibility,0.5,input_formats,,,0.0,0.0
MS2AI,compatibility,0.5,output_formats,,,0.0,0.0
MS2AI,compatibility,0.5,has_workflow_support,False,0.0,0.5,0.0
MS2AI,compatibility,0.5,has_distribution_support,True,1.0,0.5,0.5
MS2AI,fairness,0.3333333333333333,license,False,0.0,0.22222222222222224,0.0
MS2AI,fairness,0.3333333333333333,repository,True,1.0,0.3333333333333333,0.3333333333333333
MS2AI,fairness,0.3333333333333333,registry,False,0.0,0.22222222222222224,0.0
MS2AI,fairness,0.3333333333333333,citation,False,0.0,0.11111111111111112,0.0
MS2AI,fairness,0.3333333333333333,checklist,False,0.0,0.11111111111111112,0.0
MS2AI,fairness,0.3333333333333333,publication_open_access,,,0.0,0.0
MS2AI,maintainability,0.8049817777777778,nloc_per_file,46.02,0.95398,0.3,0.286194
MS2AI,maintainability,0.8049817777777778,avg_ccn,4.92,0.5644444444444445,0.4,0.22577777777777783
MS2AI,maintainability,0.8049817777777778,duplicate_rate,2.33,0.9767,0.3,0.29301
MS2AI,sustainability,0.31252704370523104,avg_issue_close_time_days,194.573677031893,0.0,0.3,0.0
MS2AI,sustainability,0.31252704370523104,num_open_issues,1,0.995,0.3,0.2985
MS2AI,sustainability,0.31252704370523104,days_since_last_commit,1219,0.0,0.2,0.0
MS2AI,sustainability,0.31252704370523104,inverse_simpson_index,3.6651383039939014,0.1402704370523106,0.1,0.01402704370523106
MS2AI,sustainability,0.31252704370523104,has_releases,False,0.0,0.1,0.0
MS2AI,security,0.5,default_branch_protected,True,1.0,0.5,0.5
MS2AI,security,0.5,has_security_policy,False,0.0,0.4852941176470588,0.0
MS2AI,security,0.5,gitignore_present,False,0.0,0.014705882352941176,0.0
MS2AI,security,0.5,security_updates,,,0.0,0.0
MS2AI,security,0.5,secret_scanning,,,0.0,0.0
MS2AI,scientific_impact,0.02,fwci,,,0.0,0.0
MS2AI,scientific_impact,0.02,citation_count,,,0.0,0.0
MS2AI,scientific_impact,0.02,star_count,2,0.02,0.6,0.012
MS2AI,scientific_impact,0.02,fork_count,2,0.02,0.4,0.008
MS2AI,scientific_impact,0.02,altmetric_score,,,0.0,0.0
VISION,compatibility,0.0,input_formats,,,0.0,0.0
VISION,compatibility,0.0,output_formats,,,0.0,0.0
VISION,compatibility,0.0,has_workflow_support,False,0.0,0.5,0.0
VISION,compatibility,0.0,has_distribution_support,False,0.0,0.5,0.0
VISION,fairness,,license,,,0.0,0.0
VISION,fairness,,repository,,,0.0,0.0
VISION,fairness,,registry,,,0.0,0.0
VISION,fairness,,citation,,,0.0,0.0
VISION,fairness,,checklist,,,0.0,0.0
VISION,fairness,,publication_open_access,,,0.0,0.0
VISION,maintainability,,nloc_per_file,,,0.0,0.0
VISION,maintainability,,avg_ccn,,,0.0,0.0
VISION,maintainability,,duplicate_rate,,,0.0,0.0
VISION,sustainability,0.4270673124292883,avg_issue_close_time_days,,,0.0,0.0
VISION,sustainability,0.4270673124292883,num_open_issues,1,0.995,0.4285714285714286,0.42642857142857143
VISION,sustainability,0.4270673124292883,days_since_last_commit,791,0.0,0.28571428571428575,0.0
VISION,sustainability,0.4270673124292883,inverse_simpson_index,1.0849525530953459,0.004471187005018204,0.14285714285714288,0.0006387410007168865
VISION,sustainability,0.4270673124292883,has_releases,False,0.0,0.14285714285714288,0.0
VISION,security,0.0,default_branch_protected,False,0.0,0.5,0.0
VISION,security,0.0,has_security_policy,False,0.0,0.4852941176470588,0.0
VISION,security,0.0,gitignore_present,False,0.0,0.014705882352941176,0.0
VISION,security,0.0,security_updates,,,0.0,0.0
VISION,security,0.0,secret_scanning,,,0.0,0.0
VISION,scientific_impact,0.06,fwci,,,0.0,0.0
VISION,scientific_impact,0.06,citation_count,,,0.0,0.0
VISION,scientific_impact,0.06,star_count,10,0.1,0.6,0.06
VISION,scientific_impact,0.06,fork_count,0,0.0,0.4,0.0
VISION,scientific_impact,0.06,altmetric_score,,,0.0,0.0
Biosaur,compatibility,0.5,input_formats,,,0.0,0.0
Biosaur,compatibility,0.5,output_formats,,,0.0,0.0
Biosaur,compatibility,0.5,has_workflow_support,False,0.0,0.5,0.0
Biosaur,compatibility,0.5,has_distribution_support,True,1.0,0.5,0.5
Biosaur,fairness,0.5555555555555556,license,True,1.0,0.22222222222222224,0.22222222222222224
Biosaur,fairness,0.5555555555555556,repository,True,1.0,0.3333333333333333,0.3333333333333333
Biosaur,fairness,0.5555555555555556,registry,False,0.0,0.22222222222222224,0.0
Biosaur,fairness,0.5555555555555556,citation,False,0.0,0.11111111111111112,0.0
Biosaur,fairness,0.5555555555555556,checklist,False,0.0,0.11111111111111112,0.0
Biosaur,fairness,0.5555555555555556,publication_open_access,,,0.0,0.0
Biosaur,maintainability,0.6687478888888889,nloc_per_file,250.57,0.74943,0.3,0.224829
Biosaur,maintainability,0.6687478888888889,avg_ccn,6.56,0.38222222222222224,0.4,0.1528888888888889
Biosaur,maintainability,0.6687478888888889,duplicate_rate,2.99,0.9701,0.3,0.29102999999999996
Biosaur,sustainability,0.599670414385341,avg_issue_close_time_days,0.7887384259259259,0.9912362397119342,0.3,0.29737087191358025
Biosaur,sustainability,0.599670414385341,num_open_issues,1,0.995,0.3,0.2985
Biosaur,sustainability,0.599670414385341,days_since_last_commit,1611,0.0,0.2,0.0
Biosaur,sustainability,0.599670414385341,inverse_simpson_index,1.7219130696345315,0.03799542471760692,0.1,0.003799542471760692
Biosaur,sustainability,0.599670414385341,has_releases,False,0.0,0.1,0.0
Biosaur,security,0.5147058823529411,default_branch_protected,True,1.0,0.5,0.5
Biosaur,security,0.5147058823529411,has_security_policy,False,0.0,0.4852941176470588,0.0
Biosaur,security,0.5147058823529411,gitignore_present,True,1.0,0.014705882352941176,0.014705882352941176
Biosaur,security,0.5147058823529411,security_updates,,,0.0,0.0
Biosaur,security,0.5147058823529411,secret_scanning,,,0.0,0.0
Biosaur,scientific_impact,0.126,fwci,,,0.0,0.0
Biosaur,scientific_impact,0.126,citation_count,,,0.0,0.0
Biosaur,scientific_impact,0.126,star_count,17,0.17,0.6,0.10200000000000001
Biosaur,scientific_impact,0.126,fork_count,6,0.06,0.4,0.024
Biosaur,scientific_impact,0.126,altmetric_score,,,0.0,0.0
kboolnet,compatibility,0.0,input_formats,,,0.0,0.0
kboolnet,compatibility,0.0,output_formats,,,0.0,0.0
kboolnet,compatibility,0.0,has_workflow_support,False,0.0,0.5,0.0
kboolnet,compatibility,0.0,has_distribution_support,False,0.0,0.5,0.0
kboolnet,fairness,,license,,,0.0,0.0
kboolnet,fairness,,repository,,,0.0,0.0
kboolnet,fairness,,registry,,,0.0,0.0
kboolnet,fairness,,citation,,,0.0,0.0
kboolnet,fairness,,checklist,,,0.0,0.0
kboolnet,fairness,,publication_open_access,,,0.0,0.0
kboolnet,maintainability,0.7588998888888889,nloc_per_file,38.13,0.96187,0.3,0.288561
kboolnet,maintainability,0.7588998888888889,avg_ccn,5.3,0.5222222222222223,0.4,0.2088888888888889
kboolnet,maintainability,0.7588998888888889,duplicate_rate,12.85,0.8714999999999999,0.3,0.26144999999999996
kboolnet,sustainability,0.42987718223330806,avg_issue_close_time_days,,,0.0,0.0
kboolnet,sustainability,0.42987718223330806,num_open_issues,0,1.0,0.4285714285714286,0.4285714285714286
kboolnet,sustainability,0.42987718223330806,days_since_last_commit,1246,0.0,0.28571428571428575,0.0
kboolnet,sustainability,0.42987718223330806,inverse_simpson_index,1.1736652370299654,0.009140275633156072,0.14285714285714288,0.001305753661879439
kboolnet,sustainability,0.42987718223330806,has_releases,False,0.0,0.14285714285714288,0.0
kboolnet,security,0.014705882352941176,default_branch_protected,False,0.0,0.5,0.0
kboolnet,security,0.014705882352941176,has_security_policy,False,0.0,0.4852941176470588,0.0
kboolnet,security,0.014705882352941176,gitignore_present,True,1.0,0.014705882352941176,0.014705882352941176
kboolnet,security,0.014705882352941176,security_updates,,,0.0,0.0
kboolnet,security,0.014705882352941176,secret_scanning,,,0.0,0.0
kboolnet,scientific_impact,0.006,fwci,,,0.0,0.0
kboolnet,scientific_impact,0.006,citation_count,,,0.0,0.0
kboolnet,scientific_impact,0.006,star_count,1,0.01,0.6,0.006
kboolnet,scientific_impact,0.006,fork_count,0,0.0,0.4,0.0
kboolnet,scientific_impact,0.006,altmetric_score,,,0.0,0.0
EyeLoop,compatibility,0.5,input_formats,,,0.0,0.0
EyeLoop,compatibility,0.5,output_formats,,,0.0,0.0
EyeLoop,compatibility,0.5,has_workflow_support,False,0.0,0.5,0.0
EyeLoop,compatibility,0.5,has_distribution_support,True,1.0,0.5,0.5
EyeLoop,fairness,,license,,,0.0,0.0
EyeLoop,fairness,,repository,,,0.0,0.0
EyeLoop,fairness,,registry,,,0.0,0.0
EyeLoop,fairness,,citation,,,0.0,0.0
EyeLoop,fairness,,checklist,,,0.0,0.0
EyeLoop,fairness,,publication_open_access,,,0.0,0.0
EyeLoop,maintainability,0.9186974444444445,nloc_per_file,49.79,0.95021,0.3,0.285063
EyeLoop,maintainability,0.9186974444444445,avg_ccn,2.34,0.8511111111111112,0.4,0.3404444444444445
EyeLoop,maintainability,0.9186974444444445,duplicate_rate,2.27,0.9773,0.3,0.29318999999999995
EyeLoop,sustainability,0.4847337517068921,avg_issue_close_time_days,31.924885620915035,0.6452790486564997,0.3,0.1935837145969499
EyeLoop,sustainability,0.4847337517068921,num_open_issues,9,0.955,0.3,0.2865
EyeLoop,sustainability,0.4847337517068921,days_since_last_commit,1435,0.0,0.2,0.0
EyeLoop,sustainability,0.4847337517068921,inverse_simpson_index,1.8835070508890248,0.04650037109942236,0.1,0.004650037109942236
EyeLoop,sustainability,0.4847337517068921,has_releases,False,0.0,0.1,0.0
EyeLoop,security,0.014705882352941176,default_branch_protected,False,0.0,0.5,0.0
EyeLoop,security,0.014705882352941176,has_security_policy,False,0.0,0.4852941176470588,0.0
EyeLoop,security,0.014705882352941176,gitignore_present,True,1.0,0.014705882352941176,0.014705882352941176
EyeLoop,security,0.014705882352941176,security_updates,,,0.0,0.0
EyeLoop,security,0.014705882352941176,secret_scanning,,,0.0,0.0
EyeLoop,scientific_impact,0.8879999999999999,fwci,,,0.0,0.0
EyeLoop,scientific_impact,0.8879999999999999,citation_count,,,0.0,0.0
EyeLoop,scientific_impact,0.8879999999999999,star_count,525,1.0,0.6,0.6
EyeLoop,scientific_impact,0.8879999999999999,fork_count,72,0.72,0.4,0.288
EyeLoop,scientific_impact,0.8879999999999999,altmetric_score,,,0.0,0.0
pyCancerSig,compatibility,0.5,input_formats,,,0.0,0.0
pyCancerSig,compatibility,0.5,output_formats,,,0.0,0.0
pyCancerSig,compatibility,0.5,has_workflow_support,False,0.0,0.5,0.0
pyCancerSig,compatibility,0.5,has_distribution_support,True,1.0,0.5,0.5
pyCancerSig,fairness,,license,,,0.0,0.0
pyCancerSig,fairness,,repository,,,0.0,0.0
pyCancerSig,fairness,,registry,,,0.0,0.0
pyCancerSig,fairness,,citation,,,0.0,0.0
pyCancerSig,fairness,,checklist,,,0.0,0.0
pyCancerSig,fairness,,publication_open_access,,,0.0,0.0
pyCancerSig,maintainability,0.8701426666666666,nloc_per_file,82.38,0.91762,0.3,0.275286
pyCancerSig,maintainability,0.8701426666666666,avg_ccn,2.74,0.8066666666666666,0.4,0.32266666666666666
pyCancerSig,maintainability,0.8701426666666666,duplicate_rate,9.27,0.9073,0.3,0.27219
pyCancerSig,sustainability,0.2955,avg_issue_close_time_days,130.50274305555556,0.0,0.3,0.0
pyCancerSig,sustainability,0.2955,num_open_issues,3,0.985,0.3,0.2955
pyCancerSig,sustainability,0.2955,days_since_last_commit,2410,0.0,0.2,0.0
pyCancerSig,sustainability,0.2955,inverse_simpson_index,1.0,0.0,0.1,0.0
pyCancerSig,sustainability,0.2955,has_releases,False,0.0,0.1,0.0
pyCancerSig,security,0.014705882352941176,default_branch_protected,False,0.0,0.5,0.0
pyCancerSig,security,0.014705882352941176,has_security_policy,False,0.0,0.4852941176470588,0.0
pyCancerSig,security,0.014705882352941176,gitignore_present,True,1.0,0.014705882352941176,0.014705882352941176
pyCancerSig,security,0.014705882352941176,security_updates,,,0.0,0.0
pyCancerSig,security,0.014705882352941176,secret_scanning,,,0.0,0.0
pyCancerSig,scientific_impact,0.044,fwci,,,0.0,0.0
pyCancerSig,scientific_impact,0.044,citation_count,,,0.0,0.0
pyCancerSig,scientific_impact,0.044,star_count,6,0.06,0.6,0.036
pyCancerSig,scientific_impact,0.044,fork_count,2,0.02,0.4,0.008
pyCancerSig,scientific_impact,0.044,altmetric_score,,,0.0,0.0
Columba,compatibility,0.0,input_formats,,,0.0,0.0
Columba,compatibility,0.0,output_formats,,,0.0,0.0
Columba,compatibility,0.0,has_workflow_support,False,0.0,0.5,0.0
Columba,compatibility,0.0,has_distribution_support,False,0.0,0.5,0.0
Columba,fairness,0.5555555555555556,license,True,1.0,0.22222222222222224,0.22222222222222224
Columba,fairness,0.5555555555555556,repository,True,1.0,0.3333333333333333,0.3333333333333333
Columba,fairness,0.5555555555555556,registry,False,0.0,0.22222222222222224,0.0
Columba,fairness,0.5555555555555556,citation,False,0.0,0.11111111111111112,0.0
Columba,fairness,0.5555555555555556,checklist,False,0.0,0.11111111111111112,0.0
Columba,fairness,0.5555555555555556,publication_open_access,,,0.0,0.0
Columba,maintainability,0.8475695555555556,nloc_per_file,268.02,0.7319800000000001,0.3,0.219594
Columba,maintainability,0.8475695555555556,avg_ccn,2.36,0.8488888888888889,0.4,0.3395555555555556
Columba,maintainability,0.8475695555555556,duplicate_rate,3.86,0.9614,0.3,0.28842
Columba,sustainability,0.4130177924077644,avg_issue_close_time_days,188.90284722222225,0.0,0.3,0.0
Columba,sustainability,0.4130177924077644,num_open_issues,3,0.985,0.3,0.2955
Columba,sustainability,0.4130177924077644,days_since_last_commit,75,0.5833333333333333,0.2,0.11666666666666665
Columba,sustainability,0.4130177924077644,inverse_simpson_index,1.1617138908085693,0.008511257410977335,0.1,0.0008511257410977335
Columba,sustainability,0.4130177924077644,has_releases,False,0.0,0.1,0.0
Columba,security,0.0,default_branch_protected,False,0.0,0.5,0.0
Columba,security,0.0,has_security_policy,False,0.0,0.4852941176470588,0.0
Columba,security,0.0,gitignore_present,False,0.0,0.014705882352941176,0.0
Columba,security,0.0,security_updates,,,0.0,0.0
Columba,security,0.0,secret_scanning,,,0.0,0.0
Columba,scientific_impact,0.148,fwci,,,0.0,0.0
Columba,scientific_impact,0.148,citation_count,,,0.0,0.0
Columba,scientific_impact,0.148,star_count,20,0.2,0.6,0.12
Columba,scientific_impact,0.148,fork_count,7,0.07,0.4,0.028000000000000004
Columba,scientific_impact,0.148,altmetric_score,,,0.0,0.0
SpecieScan,compatibility,0.5,input_formats,,,0.0,0.0
SpecieScan,compatibility,0.5,output_formats,,,0.0,0.0
SpecieScan,compatibility,0.5,has_workflow_support,False,0.0,0.5,0.0
SpecieScan,compatibility,0.5,has_distribution_support,True,1.0,0.5,0.5
SpecieScan,fairness,,license,,,0.0,0.0
SpecieScan,fairness,,repository,,,0.0,0.0
SpecieScan,fairness,,registry,,,0.0,0.0
SpecieScan,fairness,,citation,,,0.0,0.0
SpecieScan,fairness,,checklist,,,0.0,0.0
SpecieScan,fairness,,publication_open_access,,,0.0,0.0
SpecieScan,maintainability,,nloc_per_file,,,0.0,0.0
SpecieScan,maintainability,,avg_ccn,,,0.0,0.0
SpecieScan,maintainability,,duplicate_rate,,,0.0,0.0
SpecieScan,sustainability,0.5920630787037037,avg_issue_close_time_days,1.9310763888888889,0.9785435956790124,0.3,0.2935630787037037
SpecieScan,sustainability,0.5920630787037037,num_open_issues,1,0.995,0.3,0.2985
SpecieScan,sustainability,0.5920630787037037,days_since_last_commit,776,0.0,0.2,0.0
SpecieScan,sustainability,0.5920630787037037,inverse_simpson_index,1.0,0.0,0.1,0.0
SpecieScan,sustainability,0.5920630787037037,has_releases,False,0.0,0.1,0.0
SpecieScan,security,0.0,default_branch_protected,False,0.0,0.5,0.0
SpecieScan,security,0.0,has_security_policy,False,0.0,0.4852941176470588,0.0
SpecieScan,security,0.0,gitignore_present,False,0.0,0.014705882352941176,0.0
SpecieScan,security,0.0,security_updates,,,0.0,0.0
SpecieScan,security,0.0,secret_scanning,,,0.0,0.0
SpecieScan,scientific_impact,0.062,fwci,,,0.0,0.0
SpecieScan,scientific_impact,0.062,citation_count,,,0.0,0.0
SpecieScan,scientific_impact,0.062,star_count,9,0.09,0.6,0.054
SpecieScan,scientific_impact,0.062,fork_count,2,0.02,0.4,0.008
SpecieScan,scientific_impact,0.062,altmetric_score,,,0.0,0.0
Peptimetric,compatibility,0.5,input_formats,,,0.0,0.0
Peptimetric,compatibility,0.5,output_formats,,,0.0,0.0
Peptimetric,compatibility,0.5,has_workflow_support,False,0.0,0.5,0.0
Peptimetric,compatibility,0.5,has_distribution_support,True,1.0,0.5,0.5
Peptimetric,fairness,0.5555555555555556,license,True,1.0,0.22222222222222224,0.22222222222222224
Peptimetric,fairness,0.5555555555555556,repository,True,1.0,0.3333333333333333,0.3333333333333333
Peptimetric,fairness,0.5555555555555556,registry,False,0.0,0.22222222222222224,0.0
Peptimetric,fairness,0.5555555555555556,citation,False,0.0,0.11111111111111112,0.0
Peptimetric,fairness,0.5555555555555556,checklist,False,0.0,0.11111111111111112,0.0
Peptimetric,fairness,0.5555555555555556,publication_open_access,,,0.0,0.0
Peptimetric,maintainability,0.5758054444444445,nloc_per_file,267.33,0.73267,0.3,0.219801
Peptimetric,maintainability,0.5758054444444445,avg_ccn,7.29,0.3011111111111111,0.4,0.12044444444444445
Peptimetric,maintainability,0.5758054444444445,duplicate_rate,21.48,0.7852,0.3,0.23556
Peptimetric,sustainability,0.4339510266765831,avg_issue_close_time_days,,,0.0,0.0
Peptimetric,sustainability,0.4339510266765831,num_open_issues,0,1.0,0.4285714285714286,0.4285714285714286
Peptimetric,sustainability,0.4339510266765831,days_since_last_commit,1352,0.0,0.28571428571428575,0.0
Peptimetric,sustainability,0.4339510266765831,inverse_simpson_index,1.7154865479855443,0.03765718673608128,0.14285714285714288,0.0053795981051544695
Peptimetric,sustainability,0.4339510266765831,has_releases,False,0.0,0.14285714285714288,0.0
Peptimetric,security,0.014705882352941176,default_branch_protected,False,0.0,0.5,0.0
Peptimetric,security,0.014705882352941176,has_security_policy,False,0.0,0.4852941176470588,0.0
Peptimetric,security,0.014705882352941176,gitignore_present,True,1.0,0.014705882352941176,0.014705882352941176
Peptimetric,security,0.014705882352941176,security_updates,,,0.0,0.0
Peptimetric,security,0.014705882352941176,secret_scanning,,,0.0,0.0
Peptimetric,scientific_impact,0.038,fwci,,,0.0,0.0
Peptimetric,scientific_impact,0.038,citation_count,,,0.0,0.0
Peptimetric,scientific_impact,0.038,star_count,5,0.05,0.6,0.03
Peptimetric,scientific_impact,0.038,fork_count,2,0.02,0.4,0.008
Peptimetric,scientific_impact,0.038,altmetric_score,,,0.0,0.0
uafR,compatibility,,input_formats,,,0.0,0.0
uafR,compatibility,,output_formats,,,0.0,0.0
uafR,compatibility,,has_workflow_support,,,0.0,0.0
uafR,compatibility,,has_distribution_support,,,0.0,0.0
uafR,fairness,,license,,,0.0,0.0
uafR,fairness,,repository,,,0.0,0.0
uafR,fairness,,registry,,,0.0,0.0
uafR,fairness,,citation,,,0.0,0.0
uafR,fairness,,checklist,,,0.0,0.0
uafR,fairness,,publication_open_access,,,0.0,0.0
uafR,maintainability,,nloc_per_file,,,0.0,0.0
uafR,maintainability,,avg_ccn,,,0.0,0.0
uafR,maintainability,,duplicate_rate,,,0.0,0.0
uafR,sustainability,,avg_issue_close_time_days,,,0.0,0.0
uafR,sustainability,,num_open_issues,,,0.0,0.0
uafR,sustainability,,days_since_last_commit,,,0.0,0.0
uafR,sustainability,,inverse_simpson_index,,,0.0,0.0
uafR,sustainability,,has_releases,,,0.0,0.0
uafR,security,,default_branch_protected,,,0.0,0.0
uafR,security,,has_security_policy,,,0.0,0.0
uafR,security,,gitignore_present,,,0.0,0.0
uafR,security,,security_updates,,,0.0,0.0
uafR,security,,secret_scanning,,,0.0,0.0
uafR,scientific_impact,,fwci,,,0.0,0.0
uafR,scientific_impact,,citation_count,,,0.0,0.0
uafR,scientific_impact,,star_count,,,0.0,0.0
uafR,scientific_impact,,fork_count,,,0.0,0.0
uafR,scientific_impact,,altmetric_score,,,0.0,0.0
SUBATOMIC,compatibility,0.0,input_formats,,,0.0,0.0
SUBATOMIC,compatibility,0.0,output_formats,,,0.0,0.0
SUBATOMIC,compatibility,0.0,has_workflow_support,False,0.0,0.5,0.0
SUBATOMIC,compatibility,0.0,has_distribution_support,False,0.0,0.5,0.0
SUBATOMIC,fairness,0.5555555555555556,license,True,1.0,0.22222222222222224,0.22222222222222224
SUBATOMIC,fairness,0.5555555555555556,repository,True,1.0,0.3333333333333333,0.3333333333333333
SUBATOMIC,fairness,0.5555555555555556,registry,False,0.0,0.22222222222222224,0.0
SUBATOMIC,fairness,0.5555555555555556,citation,False,0.0,0.11111111111111112,0.0
SUBATOMIC,fairness,0.5555555555555556,checklist,False,0.0,0.11111111111111112,0.0
SUBATOMIC,fairness,0.5555555555555556,publication_open_access,,,0.0,0.0
SUBATOMIC,maintainability,0.7138547777777777,nloc_per_file,104.31,0.89569,0.3,0.268707
SUBATOMIC,maintainability,0.7138547777777777,avg_ccn,5.37,0.5144444444444445,0.4,0.2057777777777778
SUBATOMIC,maintainability,0.7138547777777777,duplicate_rate,20.21,0.7979,0.3,0.23937
SUBATOMIC,sustainability,0.43578947368421056,avg_issue_close_time_days,,,0.0,0.0
SUBATOMIC,sustainability,0.43578947368421056,num_open_issues,0,1.0,0.4285714285714286,0.4285714285714286
SUBATOMIC,sustainability,0.43578947368421056,days_since_last_commit,311,0.0,0.28571428571428575,0.0
SUBATOMIC,sustainability,0.43578947368421056,inverse_simpson_index,1.96,0.05052631578947368,0.14285714285714288,0.007218045112781956
SUBATOMIC,sustainability,0.43578947368421056,has_releases,False,0.0,0.14285714285714288,0.0
SUBATOMIC,security,0.0,default_branch_protected,False,0.0,0.5,0.0
SUBATOMIC,security,0.0,has_security_policy,False,0.0,0.4852941176470588,0.0
SUBATOMIC,security,0.0,gitignore_present,False,0.0,0.014705882352941176,0.0
SUBATOMIC,security,0.0,security_updates,,,0.0,0.0
SUBATOMIC,security,0.0,secret_scanning,,,0.0,0.0
SUBATOMIC,scientific_impact,0.042,fwci,,,0.0,0.0
SUBATOMIC,scientific_impact,0.042,citation_count,,,0.0,0.0
SUBATOMIC,scientific_impact,0.042,star_count,7,0.07,0.6,0.042
SUBATOMIC,scientific_impact,0.042,fork_count,0,0.0,0.4,0.0
SUBATOMIC,scientific_impact,0.042,altmetric_score,,,0.0,0.0
MP-Net,compatibility,0.5,input_formats,,,0.0,0.0
MP-Net,compatibility,0.5,output_formats,,,0.0,0.0
MP-Net,compatibility,0.5,has_workflow_support,False,0.0,0.5,0.0
MP-Net,compatibility,0.5,has_distribution_support,True,1.0,0.5,0.5
MP-Net,fairness,,license,,,0.0,0.0
MP-Net,fairness,,repository,,,0.0,0.0
MP-Net,fairness,,registry,,,0.0,0.0
MP-Net,fairness,,citation,,,0.0,0.0
MP-Net,fairness,,checklist,,,0.0,0.0
MP-Net,fairness,,publication_open_access,,,0.0,0.0
MP-Net,maintainability,0.8557215555555556,nloc_per_file,44.18,0.95582,0.3,0.286746
MP-Net,maintainability,0.8557215555555556,avg_ccn,2.27,0.8588888888888889,0.4,0.3435555555555556
MP-Net,maintainability,0.8557215555555556,duplicate_rate,24.86,0.7514000000000001,0.3,0.22542
MP-Net,sustainability,0.4299687114752301,avg_issue_close_time_days,,,0.0,0.0
MP-Net,sustainability,0.4299687114752301,num_open_issues,0,1.0,0.4285714285714286,0.4285714285714286
MP-Net,sustainability,0.4299687114752301,days_since_last_commit,1401,0.0,0.28571428571428575,0.0
MP-Net,sustainability,0.4299687114752301,inverse_simpson_index,1.1858386262055989,0.009780980326610468,0.14285714285714288,0.0013972829038014956
MP-Net,sustainability,0.4299687114752301,has_releases,False,0.0,0.14285714285714288,0.0
MP-Net,security,0.014705882352941176,default_branch_protected,False,0.0,0.5,0.0
MP-Net,security,0.014705882352941176,has_security_policy,False,0.0,0.4852941176470588,0.0
MP-Net,security,0.014705882352941176,gitignore_present,True,1.0,0.014705882352941176,0.014705882352941176
MP-Net,security,0.014705882352941176,security_updates,,,0.0,0.0
MP-Net,security,0.014705882352941176,secret_scanning,,,0.0,0.0
MP-Net,scientific_impact,0.004,fwci,,,0.0,0.0
MP-Net,scientific_impact,0.004,citation_count,,,0.0,0.0
MP-Net,scientific_impact,0.004,star_count,0,0.0,0.6,0.0
MP-Net,scientific_impact,0.004,fork_count,1,0.01,0.4,0.004
MP-Net,scientific_impact,0.004,altmetric_score,,,0.0,0.0
Panqc,compatibility,0.5,input_formats,,,0.0,0.0
Panqc,compatibility,0.5,output_formats,,,0.0,0.0
Panqc,compatibility,0.5,has_workflow_support,False,0.0,0.5,0.0
Panqc,compatibility,0.5,has_distribution_support,True,1.0,0.5,0.5
Panqc,fairness,,license,,,0.0,0.0
Panqc,fairness,,repository,,,0.0,0.0
Panqc,fairness,,registry,,,0.0,0.0
Panqc,fairness,,citation,,,0.0,0.0
Panqc,fairness,,checklist,,,0.0,0.0
Panqc,fairness,,publication_open_access,,,0.0,0.0
Panqc,maintainability,0.8765255555555556,nloc_per_file,90.0,0.91,0.3,0.273
Panqc,maintainability,0.8765255555555556,avg_ccn,2.63,0.8188888888888889,0.4,0.3275555555555556
Panqc,maintainability,0.8765255555555556,duplicate_rate,8.01,0.9198999999999999,0.3,0.27597
Panqc,sustainability,0.5990602128440631,avg_issue_close_time_days,0.0046875,0.9999479166666667,0.3,0.299984375
Panqc,sustainability,0.5990602128440631,num_open_issues,1,0.995,0.3,0.2985
Panqc,sustainability,0.5990602128440631,days_since_last_commit,224,0.0,0.2,0.0
Panqc,sustainability,0.5990602128440631,inverse_simpson_index,1.1094091903719914,0.005758378440631125,0.1,0.0005758378440631125
Panqc,sustainability,0.5990602128440631,has_releases,False,0.0,0.1,0.0
Panqc,security,0.014705882352941176,default_branch_protected,False,0.0,0.5,0.0
Panqc,security,0.014705882352941176,has_security_policy,False,0.0,0.4852941176470588,0.0
Panqc,security,0.014705882352941176,gitignore_present,True,1.0,0.014705882352941176,0.014705882352941176
Panqc,security,0.014705882352941176,security_updates,,,0.0,0.0
Panqc,security,0.014705882352941176,secret_scanning,,,0.0,0.0
Panqc,scientific_impact,0.13,fwci,,,0.0,0.0
Panqc,scientific_impact,0.13,citation_count,,,0.0,0.0
Panqc,scientific_impact,0.13,star_count,21,0.21,0.6,0.126
Panqc,scientific_impact,0.13,fork_count,1,0.01,0.4,0.004
Panqc,scientific_impact,0.13,altmetric_score,,,0.0,0.0
ComplexTome,compatibility,0.0,input_formats,,,0.0,0.0
ComplexTome,compatibility,0.0,output_formats,,,0.0,0.0
ComplexTome,compatibility,0.0,has_workflow_support,False,0.0,0.5,0.0
ComplexTome,compatibility,0.0,has_distribution_support,False,0.0,0.5,0.0
ComplexTome,fairness,0.5555555555555556,license,True,1.0,0.22222222222222224,0.22222222222222224
ComplexTome,fairness,0.5555555555555556,repository,True,1.0,0.3333333333333333,0.3333333333333333
ComplexTome,fairness,0.5555555555555556,registry,False,0.0,0.22222222222222224,0.0
ComplexTome,fairness,0.5555555555555556,citation,False,0.0,0.11111111111111112,0.0
ComplexTome,fairness,0.5555555555555556,checklist,False,0.0,0.11111111111111112,0.0
ComplexTome,fairness,0.5555555555555556,publication_open_access,,,0.0,0.0
ComplexTome,maintainability,0.636851111111111,nloc_per_file,184.3,0.8157,0.3,0.24470999999999998
ComplexTome,maintainability,0.636851111111111,avg_ccn,5.97,0.44777777777777783,0.4,0.17911111111111114
ComplexTome,maintainability,0.636851111111111,duplicate_rate,28.99,0.7101,0.3,0.21302999999999997
ComplexTome,sustainability,0.42642857142857143,avg_issue_close_time_days,,,0.0,0.0
ComplexTome,sustainability,0.42642857142857143,num_open_issues,1,0.995,0.4285714285714286,0.42642857142857143
ComplexTome,sustainability,0.42642857142857143,days_since_last_commit,780,0.0,0.28571428571428575,0.0
ComplexTome,sustainability,0.42642857142857143,inverse_simpson_index,1.0,0.0,0.14285714285714288,0.0
ComplexTome,sustainability,0.42642857142857143,has_releases,False,0.0,0.14285714285714288,0.0
ComplexTome,security,0.014705882352941176,default_branch_protected,False,0.0,0.5,0.0
ComplexTome,security,0.014705882352941176,has_security_policy,False,0.0,0.4852941176470588,0.0
ComplexTome,security,0.014705882352941176,gitignore_present,True,1.0,0.014705882352941176,0.014705882352941176
ComplexTome,security,0.014705882352941176,security_updates,,,0.0,0.0
ComplexTome,security,0.014705882352941176,secret_scanning,,,0.0,0.0
ComplexTome,scientific_impact,0.006,fwci,,,0.0,0.0
ComplexTome,scientific_impact,0.006,citation_count,,,0.0,0.0
ComplexTome,scientific_impact,0.006,star_count,1,0.01,0.6,0.006
ComplexTome,scientific_impact,0.006,fork_count,0,0.0,0.4,0.0
ComplexTome,scientific_impact,0.006,altmetric_score,,,0.0,0.0
psm_utils,compatibility,0.5,input_formats,,,0.0,0.0
psm_utils,compatibility,0.5,output_formats,,,0.0,0.0
psm_utils,compatibility,0.5,has_workflow_support,False,0.0,0.5,0.0
psm_utils,compatibility,0.5,has_distribution_support,True,1.0,0.5,0.5
psm_utils,fairness,0.7777777777777778,license,True,1.0,0.22222222222222224,0.22222222222222224
psm_utils,fairness,0.7777777777777778,repository,True,1.0,0.3333333333333333,0.3333333333333333
psm_utils,fairness,0.7777777777777778,registry,True,1.0,0.22222222222222224,0.22222222222222224
psm_utils,fairness,0.7777777777777778,citation,False,0.0,0.11111111111111112,0.0
psm_utils,fairness,0.7777777777777778,checklist,False,0.0,0.11111111111111112,0.0
psm_utils,fairness,0.7777777777777778,publication_open_access,,,0.0,0.0
psm_utils,maintainability,0.872074,nloc_per_file,93.82,0.90618,0.3,0.271854
psm_utils,maintainability,0.872074,avg_ccn,2.89,0.79,0.4,0.31600000000000006
psm_utils,maintainability,0.872074,duplicate_rate,5.26,0.9474,0.3,0.28422
psm_utils,sustainability,0.4938142953494055,avg_issue_close_time_days,65.25571587791495,0.27493649024538946,0.3,0.08248094707361683
psm_utils,sustainability,0.4938142953494055,num_open_issues,11,0.945,0.3,0.2835
psm_utils,sustainability,0.4938142953494055,days_since_last_commit,70,0.6111111111111112,0.2,0.12222222222222223
psm_utils,sustainability,0.4938142953494055,inverse_simpson_index,2.066113950177628,0.05611126053566462,0.1,0.005611126053566462
psm_utils,sustainability,0.4938142953494055,has_releases,False,0.0,0.1,0.0
psm_utils,security,0.5147058823529411,default_branch_protected,True,1.0,0.5,0.5
psm_utils,security,0.5147058823529411,has_security_policy,False,0.0,0.4852941176470588,0.0
psm_utils,security,0.5147058823529411,gitignore_present,True,1.0,0.014705882352941176,0.014705882352941176
psm_utils,security,0.5147058823529411,security_updates,,,0.0,0.0
psm_utils,security,0.5147058823529411,secret_scanning,,,0.0,0.0
psm_utils,scientific_impact,0.23,fwci,,,0.0,0.0
psm_utils,scientific_impact,0.23,citation_count,,,0.0,0.0
psm_utils,scientific_impact,0.23,star_count,31,0.31,0.6,0.186
psm_utils,scientific_impact,0.23,fork_count,11,0.11,0.4,0.044000000000000004
psm_utils,scientific_impact,0.23,altmetric_score,,,0.0,0.0
CVRmap,compatibility,0.5,input_formats,,,0.0,0.0
CVRmap,compatibility,0.5,output_formats,,,0.0,0.0
CVRmap,compatibility,0.5,has_workflow_support,False,0.0,0.5,0.0
CVRmap,compatibility,0.5,has_distribution_support,True,1.0,0.5,0.5
CVRmap,fairness,,license,,,0.0,0.0
CVRmap,fairness,,repository,,,0.0,0.0
CVRmap,fairness,,registry,,,0.0,0.0
CVRmap,fairness,,citation,,,0.0,0.0
CVRmap,fairness,,checklist,,,0.0,0.0
CVRmap,fairness,,publication_open_access,,,0.0,0.0
CVRmap,maintainability,0.6849555555555555,nloc_per_file,244.4,0.7556,0.3,0.22668
CVRmap,maintainability,0.6849555555555555,avg_ccn,6.05,0.4388888888888889,0.4,0.17555555555555558
CVRmap,maintainability,0.6849555555555555,duplicate_rate,5.76,0.9424,0.3,0.28271999999999997
CVRmap,sustainability,0.4533333333333333,avg_issue_close_time_days,124.48417534722222,0.0,0.3,0.0
CVRmap,sustainability,0.4533333333333333,num_open_issues,0,1.0,0.3,0.3
CVRmap,sustainability,0.4533333333333333,days_since_last_commit,42,0.7666666666666666,0.2,0.15333333333333332
CVRmap,sustainability,0.4533333333333333,inverse_simpson_index,1.0,0.0,0.1,0.0
CVRmap,sustainability,0.4533333333333333,has_releases,False,0.0,0.1,0.0
CVRmap,security,0.5147058823529411,default_branch_protected,True,1.0,0.5,0.5
CVRmap,security,0.5147058823529411,has_security_policy,False,0.0,0.4852941176470588,0.0
CVRmap,security,0.5147058823529411,gitignore_present,True,1.0,0.014705882352941176,0.014705882352941176
CVRmap,security,0.5147058823529411,security_updates,,,0.0,0.0
CVRmap,security,0.5147058823529411,secret_scanning,,,0.0,0.0
CVRmap,scientific_impact,0.036000000000000004,fwci,,,0.0,0.0
CVRmap,scientific_impact,0.036000000000000004,citation_count,,,0.0,0.0
CVRmap,scientific_impact,0.036000000000000004,star_count,4,0.04,0.6,0.024
CVRmap,scientific_impact,0.036000000000000004,fork_count,3,0.03,0.4,0.012
CVRmap,scientific_impact,0.036000000000000004,altmetric_score,,,0.0,0.0
PhyloES,compatibility,0.5,input_formats,,,0.0,0.0
PhyloES,compatibility,0.5,output_formats,,,0.0,0.0
PhyloES,compatibility,0.5,has_workflow_support,False,0.0,0.5,0.0
PhyloES,compatibility,0.5,has_distribution_support,True,1.0,0.5,0.5
PhyloES,fairness,0.3333333333333333,license,False,0.0,0.22222222222222224,0.0
PhyloES,fairness,0.3333333333333333,repository,True,1.0,0.3333333333333333,0.3333333333333333
PhyloES,fairness,0.3333333333333333,registry,False,0.0,0.22222222222222224,0.0
PhyloES,fairness,0.3333333333333333,citation,False,0.0,0.11111111111111112,0.0
PhyloES,fairness,0.3333333333333333,checklist,False,0.0,0.11111111111111112,0.0
PhyloES,fairness,0.3333333333333333,publication_open_access,,,0.0,0.0
PhyloES,maintainability,0.7905938888888889,nloc_per_file,101.95,0.89805,0.3,0.269415
PhyloES,maintainability,0.7905938888888889,avg_ccn,4.04,0.6622222222222223,0.4,0.2648888888888889
PhyloES,maintainability,0.7905938888888889,duplicate_rate,14.57,0.8543000000000001,0.3,0.25629
PhyloES,sustainability,0.5867692515432099,avg_issue_close_time_days,3.969224537037037,0.9558975051440329,0.3,0.28676925154320987
PhyloES,sustainability,0.5867692515432099,num_open_issues,0,1.0,0.3,0.3
PhyloES,sustainability,0.5867692515432099,days_since_last_commit,768,0.0,0.2,0.0
PhyloES,sustainability,0.5867692515432099,inverse_simpson_index,1.0,0.0,0.1,0.0
PhyloES,sustainability,0.5867692515432099,has_releases,False,0.0,0.1,0.0
PhyloES,security,0.0,default_branch_protected,False,0.0,0.5,0.0
PhyloES,security,0.0,has_security_policy,False,0.0,0.4852941176470588,0.0
PhyloES,security,0.0,gitignore_present,False,0.0,0.014705882352941176,0.0
PhyloES,security,0.0,security_updates,,,0.0,0.0
PhyloES,security,0.0,secret_scanning,,,0.0,0.0
PhyloES,scientific_impact,0.0,fwci,,,0.0,0.0
PhyloES,scientific_impact,0.0,citation_count,,,0.0,0.0
PhyloES,scientific_impact,0.0,star_count,0,0.0,0.6,0.0
PhyloES,scientific_impact,0.0,fork_count,0,0.0,0.4,0.0
PhyloES,scientific_impact,0.0,altmetric_score,,,0.0,0.0
DeepMAP,compatibility,0.5,input_formats,,,0.0,0.0
DeepMAP,compatibility,0.5,output_formats,,,0.0,0.0
DeepMAP,compatibility,0.5,has_workflow_support,False,0.0,0.5,0.0
DeepMAP,compatibility,0.5,has_distribution_support,True,1.0,0.5,0.5
DeepMAP,fairness,,license,,,0.0,0.0
DeepMAP,fairness,,repository,,,0.0,0.0
DeepMAP,fairness,,registry,,,0.0,0.0
DeepMAP,fairness,,citation,,,0.0,0.0
DeepMAP,fairness,,checklist,,,0.0,0.0
DeepMAP,fairness,,publication_open_access,,,0.0,0.0
DeepMAP,maintainability,0.8476848888888888,nloc_per_file,85.88,0.91412,0.3,0.274236
DeepMAP,maintainability,0.8476848888888888,avg_ccn,2.33,0.8522222222222222,0.4,0.3408888888888889
DeepMAP,maintainability,0.8476848888888888,duplicate_rate,22.48,0.7752,0.3,0.23256
DeepMAP,sustainability,0.4285714285714286,avg_issue_close_time_days,,,0.0,0.0
DeepMAP,sustainability,0.4285714285714286,num_open_issues,0,1.0,0.4285714285714286,0.4285714285714286
DeepMAP,sustainability,0.4285714285714286,days_since_last_commit,239,0.0,0.28571428571428575,0.0
DeepMAP,sustainability,0.4285714285714286,inverse_simpson_index,1.0,0.0,0.14285714285714288,0.0
DeepMAP,sustainability,0.4285714285714286,has_releases,False,0.0,0.14285714285714288,0.0
DeepMAP,security,0.014705882352941176,default_branch_protected,False,0.0,0.5,0.0
DeepMAP,security,0.014705882352941176,has_security_policy,False,0.0,0.4852941176470588,0.0
DeepMAP,security,0.014705882352941176,gitignore_present,True,1.0,0.014705882352941176,0.014705882352941176
DeepMAP,security,0.014705882352941176,security_updates,,,0.0,0.0
DeepMAP,security,0.014705882352941176,secret_scanning,,,0.0,0.0
DeepMAP,scientific_impact,0.0,fwci,,,0.0,0.0
DeepMAP,scientific_impact,0.0,citation_count,,,0.0,0.0
DeepMAP,scientific_impact,0.0,star_count,0,0.0,0.6,0.0
DeepMAP,scientific_impact,0.0,fork_count,0,0.0,0.4,0.0
DeepMAP,scientific_impact,0.0,altmetric_score,,,0.0,0.0
CBMOS,compatibility,0.5,input_formats,,,0.0,0.0
CBMOS,compatibility,0.5,output_formats,,,0.0,0.0
CBMOS,compatibility,0.5,has_workflow_support,False,0.0,0.5,0.0
CBMOS,compatibility,0.5,has_distribution_support,True,1.0,0.5,0.5
CBMOS,fairness,0.5555555555555556,license,True,1.0,0.22222222222222224,0.22222222222222224
CBMOS,fairness,0.5555555555555556,repository,True,1.0,0.3333333333333333,0.3333333333333333
CBMOS,fairness,0.5555555555555556,registry,False,0.0,0.22222222222222224,0.0
CBMOS,fairness,0.5555555555555556,citation,False,0.0,0.11111111111111112,0.0
CBMOS,fairness,0.5555555555555556,checklist,False,0.0,0.11111111111111112,0.0
CBMOS,fairness,0.5555555555555556,publication_open_access,,,0.0,0.0
CBMOS,maintainability,0.8734522222222222,nloc_per_file,80.5,0.9195,0.3,0.27585
CBMOS,maintainability,0.8734522222222222,avg_ccn,2.39,0.8455555555555555,0.4,0.3382222222222222
CBMOS,maintainability,0.8734522222222222,duplicate_rate,13.54,0.8646,0.3,0.25938
CBMOS,sustainability,0.42909841465021303,avg_issue_close_time_days,,,0.0,0.0
CBMOS,sustainability,0.42909841465021303,num_open_issues,0,1.0,0.4285714285714286,0.4285714285714286
CBMOS,sustainability,0.42909841465021303,days_since_last_commit,1260,0.0,0.28571428571428575,0.0
CBMOS,sustainability,0.42909841465021303,inverse_simpson_index,1.0700891484783277,0.0036889025514909315,0.14285714285714288,0.0005269860787844189
CBMOS,sustainability,0.42909841465021303,has_releases,False,0.0,0.14285714285714288,0.0
CBMOS,security,0.014705882352941176,default_branch_protected,False,0.0,0.5,0.0
CBMOS,security,0.014705882352941176,has_security_policy,False,0.0,0.4852941176470588,0.0
CBMOS,security,0.014705882352941176,gitignore_present,True,1.0,0.014705882352941176,0.014705882352941176
CBMOS,security,0.014705882352941176,security_updates,,,0.0,0.0
CBMOS,security,0.014705882352941176,secret_scanning,,,0.0,0.0
CBMOS,scientific_impact,0.048,fwci,,,0.0,0.0
CBMOS,scientific_impact,0.048,citation_count,,,0.0,0.0
CBMOS,scientific_impact,0.048,star_count,6,0.06,0.6,0.036
CBMOS,scientific_impact,0.048,fork_count,3,0.03,0.4,0.012
CBMOS,scientific_impact,0.048,altmetric_score,,,0.0,0.0
xrdPlanner,compatibility,0.5,input_formats,,,0.0,0.0
xrdPlanner,compatibility,0.5,output_formats,,,0.0,0.0
xrdPlanner,compatibility,0.5,has_workflow_support,False,0.0,0.5,0.0
xrdPlanner,compatibility,0.5,has_distribution_support,True,1.0,0.5,0.5
xrdPlanner,fairness,,license,,,0.0,0.0
xrdPlanner,fairness,,repository,,,0.0,0.0
xrdPlanner,fairness,,registry,,,0.0,0.0
xrdPlanner,fairness,,citation,,,0.0,0.0
xrdPlanner,fairness,,checklist,,,0.0,0.0
xrdPlanner,fairness,,publication_open_access,,,0.0,0.0
xrdPlanner,maintainability,0.6288411111111111,nloc_per_file,893.5,0.10650000000000004,0.3,0.03195000000000001
xrdPlanner,maintainability,0.6288411111111111,avg_ccn,3.27,0.7477777777777778,0.4,0.2991111111111111
xrdPlanner,maintainability,0.6288411111111111,duplicate_rate,0.74,0.9926,0.3,0.29778
xrdPlanner,sustainability,0.4205480808716504,avg_issue_close_time_days,,,0.0,0.0
xrdPlanner,sustainability,0.4205480808716504,num_open_issues,4,0.98,0.4285714285714286,0.42000000000000004
xrdPlanner,sustainability,0.4205480808716504,days_since_last_commit,526,0.0,0.28571428571428575,0.0
xrdPlanner,sustainability,0.4205480808716504,inverse_simpson_index,1.0728947559294986,0.0038365661015525563,0.14285714285714288,0.0005480808716503652
xrdPlanner,sustainability,0.4205480808716504,has_releases,False,0.0,0.14285714285714288,0.0
xrdPlanner,security,0.0,default_branch_protected,False,0.0,0.5,0.0
xrdPlanner,security,0.0,has_security_policy,False,0.0,0.4852941176470588,0.0
xrdPlanner,security,0.0,gitignore_present,False,0.0,0.014705882352941176,0.0
xrdPlanner,security,0.0,security_updates,,,0.0,0.0
xrdPlanner,security,0.0,secret_scanning,,,0.0,0.0
xrdPlanner,scientific_impact,0.112,fwci,,,0.0,0.0
xrdPlanner,scientific_impact,0.112,citation_count,,,0.0,0.0
xrdPlanner,scientific_impact,0.112,star_count,16,0.16,0.6,0.096
xrdPlanner,scientific_impact,0.112,fork_count,4,0.04,0.4,0.016
xrdPlanner,scientific_impact,0.112,altmetric_score,,,0.0,0.0
XeroGraph,compatibility,0.5,input_formats,,,0.0,0.0
XeroGraph,compatibility,0.5,output_formats,,,0.0,0.0
XeroGraph,compatibility,0.5,has_workflow_support,False,0.0,0.5,0.0
XeroGraph,compatibility,0.5,has_distribution_support,True,1.0,0.5,0.5
XeroGraph,fairness,0.5555555555555556,license,True,1.0,0.22222222222222224,0.22222222222222224
XeroGraph,fairness,0.5555555555555556,repository,True,1.0,0.3333333333333333,0.3333333333333333
XeroGraph,fairness,0.5555555555555556,registry,False,0.0,0.22222222222222224,0.0
XeroGraph,fairness,0.5555555555555556,citation,False,0.0,0.11111111111111112,0.0
XeroGraph,fairness,0.5555555555555556,checklist,False,0.0,0.11111111111111112,0.0
XeroGraph,fairness,0.5555555555555556,publication_open_access,,,0.0,0.0
XeroGraph,maintainability,0.769538,nloc_per_file,182.54,0.8174600000000001,0.3,0.245238
XeroGraph,maintainability,0.769538,avg_ccn,3.61,0.71,0.4,0.284
XeroGraph,maintainability,0.769538,duplicate_rate,19.9,0.801,0.3,0.2403
XeroGraph,sustainability,0.4287893189504631,avg_issue_close_time_days,,,0.0,0.0
XeroGraph,sustainability,0.4287893189504631,num_open_issues,0,1.0,0.4285714285714286,0.4285714285714286
XeroGraph,sustainability,0.4287893189504631,days_since_last_commit,634,0.0,0.28571428571428575,0.0
XeroGraph,sustainability,0.4287893189504631,inverse_simpson_index,1.0289794204115916,0.0015252326532416646,0.14285714285714288,0.00021789037903452354
XeroGraph,sustainability,0.4287893189504631,has_releases,False,0.0,0.14285714285714288,0.0
XeroGraph,security,0.0,default_branch_protected,False,0.0,0.5,0.0
XeroGraph,security,0.0,has_security_policy,False,0.0,0.4852941176470588,0.0
XeroGraph,security,0.0,gitignore_present,False,0.0,0.014705882352941176,0.0
XeroGraph,security,0.0,security_updates,,,0.0,0.0
XeroGraph,security,0.0,secret_scanning,,,0.0,0.0
XeroGraph,scientific_impact,0.018,fwci,,,0.0,0.0
XeroGraph,scientific_impact,0.018,citation_count,,,0.0,0.0
XeroGraph,scientific_impact,0.018,star_count,3,0.03,0.6,0.018
XeroGraph,scientific_impact,0.018,fork_count,0,0.0,0.4,0.0
XeroGraph,scientific_impact,0.018,altmetric_score,,,0.0,0.0
MUFFIN,compatibility,0.5,input_formats,,,0.0,0.0
MUFFIN,compatibility,0.5,output_formats,,,0.0,0.0
MUFFIN,compatibility,0.5,has_workflow_support,True,1.0,0.5,0.5
MUFFIN,compatibility,0.5,has_distribution_support,False,0.0,0.5,0.0
MUFFIN,fairness,0.5555555555555556,license,True,1.0,0.22222222222222224,0.22222222222222224
MUFFIN,fairness,0.5555555555555556,repository,True,1.0,0.3333333333333333,0.3333333333333333
MUFFIN,fairness,0.5555555555555556,registry,False,0.0,0.22222222222222224,0.0
MUFFIN,fairness,0.5555555555555556,citation,False,0.0,0.11111111111111112,0.0
MUFFIN,fairness,0.5555555555555556,checklist,False,0.0,0.11111111111111112,0.0
MUFFIN,fairness,0.5555555555555556,publication_open_access,,,0.0,0.0
MUFFIN,maintainability,0.7075633333333333,nloc_per_file,224.0,0.776,0.3,0.2328
MUFFIN,maintainability,0.7075633333333333,avg_ccn,5.11,0.5433333333333332,0.4,0.2173333333333333
MUFFIN,maintainability,0.7075633333333333,duplicate_rate,14.19,0.8581,0.3,0.25743
MUFFIN,sustainability,0.2914501164966218,avg_issue_close_time_days,431.0565072337963,0.0,0.3,0.0
MUFFIN,sustainability,0.2914501164966218,num_open_issues,6,0.97,0.3,0.291
MUFFIN,sustainability,0.2914501164966218,days_since_last_commit,592,0.0,0.2,0.0
MUFFIN,sustainability,0.2914501164966218,inverse_simpson_index,1.0855221343581407,0.004501164966217932,0.1,0.00045011649662179325
MUFFIN,sustainability,0.2914501164966218,has_releases,False,0.0,0.1,0.0
MUFFIN,security,0.0,default_branch_protected,False,0.0,0.5,0.0
MUFFIN,security,0.0,has_security_policy,False,0.0,0.4852941176470588,0.0
MUFFIN,security,0.0,gitignore_present,False,0.0,0.014705882352941176,0.0
MUFFIN,security,0.0,security_updates,,,0.0,0.0
MUFFIN,security,0.0,secret_scanning,,,0.0,0.0
MUFFIN,scientific_impact,0.478,fwci,,,0.0,0.0
MUFFIN,scientific_impact,0.478,citation_count,,,0.0,0.0
MUFFIN,scientific_impact,0.478,star_count,71,0.71,0.6,0.426
MUFFIN,scientific_impact,0.478,fork_count,13,0.13,0.4,0.052000000000000005
MUFFIN,scientific_impact,0.478,altmetric_score,,,0.0,0.0
FRETpredict,compatibility,0.5,input_formats,,,0.0,0.0
FRETpredict,compatibility,0.5,output_formats,,,0.0,0.0
FRETpredict,compatibility,0.5,has_workflow_support,False,0.0,0.5,0.0
FRETpredict,compatibility,0.5,has_distribution_support,True,1.0,0.5,0.5
FRETpredict,fairness,0.6666666666666666,license,True,1.0,0.22222222222222224,0.22222222222222224
FRETpredict,fairness,0.6666666666666666,repository,True,1.0,0.3333333333333333,0.3333333333333333
FRETpredict,fairness,0.6666666666666666,registry,False,0.0,0.22222222222222224,0.0
FRETpredict,fairness,0.6666666666666666,citation,True,1.0,0.11111111111111112,0.11111111111111112
FRETpredict,fairness,0.6666666666666666,checklist,False,0.0,0.11111111111111112,0.0
FRETpredict,fairness,0.6666666666666666,publication_open_access,,,0.0,0.0
FRETpredict,maintainability,0.8413333333333333,nloc_per_file,63.2,0.9368,0.3,0.28103999999999996
FRETpredict,maintainability,0.8413333333333333,avg_ccn,4.03,0.6633333333333333,0.4,0.26533333333333337
FRETpredict,maintainability,0.8413333333333333,duplicate_rate,1.68,0.9832,0.3,0.29496
FRETpredict,sustainability,0.4300318895756864,avg_issue_close_time_days,,,0.0,0.0
FRETpredict,sustainability,0.4300318895756864,num_open_issues,1,0.995,0.4285714285714286,0.42642857142857143
FRETpredict,sustainability,0.4300318895756864,days_since_last_commit,644,0.0,0.28571428571428575,0.0
FRETpredict,sustainability,0.4300318895756864,inverse_simpson_index,1.4792413135662867,0.025223227029804566,0.14285714285714288,0.0036033181471149386
FRETpredict,sustainability,0.4300318895756864,has_releases,False,0.0,0.14285714285714288,0.0
FRETpredict,security,0.0,default_branch_protected,False,0.0,0.5,0.0
FRETpredict,security,0.0,has_security_policy,False,0.0,0.4852941176470588,0.0
FRETpredict,security,0.0,gitignore_present,False,0.0,0.014705882352941176,0.0
FRETpredict,security,0.0,security_updates,,,0.0,0.0
FRETpredict,security,0.0,secret_scanning,,,0.0,0.0
FRETpredict,scientific_impact,0.156,fwci,,,0.0,0.0
FRETpredict,scientific_impact,0.156,citation_count,,,0.0,0.0
FRETpredict,scientific_impact,0.156,star_count,24,0.24,0.6,0.144
FRETpredict,scientific_impact,0.156,fork_count,3,0.03,0.4,0.012
FRETpredict,scientific_impact,0.156,altmetric_score,,,0.0,0.0
COSS,compatibility,0.0,input_formats,,,0.0,0.0
COSS,compatibility,0.0,output_formats,,,0.0,0.0
COSS,compatibility,0.0,has_workflow_support,False,0.0,0.5,0.0
COSS,compatibility,0.0,has_distribution_support,False,0.0,0.5,0.0
COSS,fairness,0.3333333333333333,license,False,0.0,0.22222222222222224,0.0
COSS,fairness,0.3333333333333333,repository,True,1.0,0.3333333333333333,0.3333333333333333
COSS,fairness,0.3333333333333333,registry,False,0.0,0.22222222222222224,0.0
COSS,fairness,0.3333333333333333,citation,False,0.0,0.11111111111111112,0.0
COSS,fairness,0.3333333333333333,checklist,False,0.0,0.11111111111111112,0.0
COSS,fairness,0.3333333333333333,publication_open_access,,,0.0,0.0
COSS,maintainability,0.8785141111111111,nloc_per_file,68.59,0.93141,0.3,0.279423
COSS,maintainability,0.8785141111111111,avg_ccn,2.37,0.8477777777777777,0.4,0.33911111111111114
COSS,maintainability,0.8785141111111111,duplicate_rate,13.34,0.8666,0.3,0.25998
COSS,sustainability,0.29639473684210527,avg_issue_close_time_days,111.67562384259259,0.0,0.3,0.0
COSS,sustainability,0.29639473684210527,num_open_issues,9,0.955,0.3,0.2865
COSS,sustainability,0.29639473684210527,days_since_last_commit,1255,0.0,0.2,0.0
COSS,sustainability,0.29639473684210527,inverse_simpson_index,2.88,0.09894736842105263,0.1,0.009894736842105263
COSS,sustainability,0.29639473684210527,has_releases,False,0.0,0.1,0.0
COSS,security,0.014705882352941176,default_branch_protected,False,0.0,0.5,0.0
COSS,security,0.014705882352941176,has_security_policy,False,0.0,0.4852941176470588,0.0
COSS,security,0.014705882352941176,gitignore_present,True,1.0,0.014705882352941176,0.014705882352941176
COSS,security,0.014705882352941176,security_updates,,,0.0,0.0
COSS,security,0.014705882352941176,secret_scanning,,,0.0,0.0
COSS,scientific_impact,0.06,fwci,,,0.0,0.0
COSS,scientific_impact,0.06,citation_count,,,0.0,0.0
COSS,scientific_impact,0.06,star_count,8,0.08,0.6,0.048
COSS,scientific_impact,0.06,fork_count,3,0.03,0.4,0.012
COSS,scientific_impact,0.06,altmetric_score,,,0.0,0.0
MS2Quant,compatibility,0.0,input_formats,,,0.0,0.0
MS2Quant,compatibility,0.0,output_formats,,,0.0,0.0
MS2Quant,compatibility,0.0,has_workflow_support,False,0.0,0.5,0.0
MS2Quant,compatibility,0.0,has_distribution_support,False,0.0,0.5,0.0
MS2Quant,fairness,,license,,,0.0,0.0
MS2Quant,fairness,,repository,,,0.0,0.0
MS2Quant,fairness,,registry,,,0.0,0.0
MS2Quant,fairness,,citation,,,0.0,0.0
MS2Quant,fairness,,checklist,,,0.0,0.0
MS2Quant,fairness,,publication_open_access,,,0.0,0.0
MS2Quant,maintainability,0.6831033333333334,nloc_per_file,309.0,0.6910000000000001,0.3,0.2073
MS2Quant,maintainability,0.6831033333333334,avg_ccn,3.85,0.6833333333333333,0.4,0.2733333333333334
MS2Quant,maintainability,0.6831033333333334,duplicate_rate,32.51,0.6749,0.3,0.20247
MS2Quant,sustainability,0.4865935179004633,avg_issue_close_time_days,35.089872685185185,0.6101125257201646,0.3,0.18303375771604938
MS2Quant,sustainability,0.4865935179004633,num_open_issues,1,0.995,0.3,0.2985
MS2Quant,sustainability,0.4865935179004633,days_since_last_commit,210,0.0,0.2,0.0
MS2Quant,sustainability,0.4865935179004633,inverse_simpson_index,1.9613544350386458,0.05059760184413925,0.1,0.005059760184413925
MS2Quant,sustainability,0.4865935179004633,has_releases,False,0.0,0.1,0.0
MS2Quant,security,0.0,default_branch_protected,False,0.0,0.5,0.0
MS2Quant,security,0.0,has_security_policy,False,0.0,0.4852941176470588,0.0
MS2Quant,security,0.0,gitignore_present,False,0.0,0.014705882352941176,0.0
MS2Quant,security,0.0,security_updates,,,0.0,0.0
MS2Quant,security,0.0,secret_scanning,,,0.0,0.0
MS2Quant,scientific_impact,0.05,fwci,,,0.0,0.0
MS2Quant,scientific_impact,0.05,citation_count,,,0.0,0.0
MS2Quant,scientific_impact,0.05,star_count,5,0.05,0.6,0.03
MS2Quant,scientific_impact,0.05,fork_count,5,0.05,0.4,0.020000000000000004
MS2Quant,scientific_impact,0.05,altmetric_score,,,0.0,0.0
18S-NemaBase,compatibility,0.0,input_formats,,,0.0,0.0
18S-NemaBase,compatibility,0.0,output_formats,,,0.0,0.0
18S-NemaBase,compatibility,0.0,has_workflow_support,False,0.0,0.5,0.0
18S-NemaBase,compatibility,0.0,has_distribution_support,False,0.0,0.5,0.0
18S-NemaBase,fairness,0.3333333333333333,license,False,0.0,0.22222222222222224,0.0
18S-NemaBase,fairness,0.3333333333333333,repository,True,1.0,0.3333333333333333,0.3333333333333333
18S-NemaBase,fairness,0.3333333333333333,registry,False,0.0,0.22222222222222224,0.0
18S-NemaBase,fairness,0.3333333333333333,citation,False,0.0,0.11111111111111112,0.0
18S-NemaBase,fairness,0.3333333333333333,checklist,False,0.0,0.11111111111111112,0.0
18S-NemaBase,fairness,0.3333333333333333,publication_open_access,,,0.0,0.0
18S-NemaBase,maintainability,0.904511111111111,nloc_per_file,22.0,0.978,0.3,0.2934
18S-NemaBase,maintainability,0.904511111111111,avg_ccn,3.0,0.7777777777777778,0.4,0.3111111111111111
18S-NemaBase,maintainability,0.904511111111111,duplicate_rate,0.0,1.0,0.3,0.3
18S-NemaBase,sustainability,0.5997473765432099,avg_issue_close_time_days,0.07578703703703704,0.9991579218106996,0.3,0.2997473765432099
18S-NemaBase,sustainability,0.5997473765432099,num_open_issues,0,1.0,0.3,0.3
18S-NemaBase,sustainability,0.5997473765432099,days_since_last_commit,1189,0.0,0.2,0.0
18S-NemaBase,sustainability,0.5997473765432099,inverse_simpson_index,1.0,0.0,0.1,0.0
18S-NemaBase,sustainability,0.5997473765432099,has_releases,False,0.0,0.1,0.0
18S-NemaBase,security,0.0,default_branch_protected,False,0.0,0.5,0.0
18S-NemaBase,security,0.0,has_security_policy,False,0.0,0.4852941176470588,0.0
18S-NemaBase,security,0.0,gitignore_present,False,0.0,0.014705882352941176,0.0
18S-NemaBase,security,0.0,security_updates,,,0.0,0.0
18S-NemaBase,security,0.0,secret_scanning,,,0.0,0.0
18S-NemaBase,scientific_impact,0.028,fwci,,,0.0,0.0
18S-NemaBase,scientific_impact,0.028,citation_count,,,0.0,0.0
18S-NemaBase,scientific_impact,0.028,star_count,4,0.04,0.6,0.024
18S-NemaBase,scientific_impact,0.028,fork_count,1,0.01,0.4,0.004
18S-NemaBase,scientific_impact,0.028,altmetric_score,,,0.0,0.0
BinDel,compatibility,0.5,input_formats,,,0.0,0.0
BinDel,compatibility,0.5,output_formats,,,0.0,0.0
BinDel,compatibility,0.5,has_workflow_support,False,0.0,0.5,0.0
BinDel,compatibility,0.5,has_distribution_support,True,1.0,0.5,0.5
BinDel,fairness,,license,,,0.0,0.0
BinDel,fairness,,repository,,,0.0,0.0
BinDel,fairness,,registry,,,0.0,0.0
BinDel,fairness,,citation,,,0.0,0.0
BinDel,fairness,,checklist,,,0.0,0.0
BinDel,fairness,,publication_open_access,,,0.0,0.0
BinDel,maintainability,0.7383200000000001,nloc_per_file,85.6,0.9144,0.3,0.27432
BinDel,maintainability,0.7383200000000001,avg_ccn,6.31,0.41000000000000003,0.4,0.16400000000000003
BinDel,maintainability,0.7383200000000001,duplicate_rate,0.0,1.0,0.3,0.3
BinDel,sustainability,0.5870448302469136,avg_issue_close_time_days,3.8865509259259263,0.9568161008230452,0.3,0.2870448302469136
BinDel,sustainability,0.5870448302469136,num_open_issues,0,1.0,0.3,0.3
BinDel,sustainability,0.5870448302469136,days_since_last_commit,671,0.0,0.2,0.0
BinDel,sustainability,0.5870448302469136,inverse_simpson_index,1.0,0.0,0.1,0.0
BinDel,sustainability,0.5870448302469136,has_releases,False,0.0,0.1,0.0
BinDel,security,0.014705882352941176,default_branch_protected,False,0.0,0.5,0.0
BinDel,security,0.014705882352941176,has_security_policy,False,0.0,0.4852941176470588,0.0
BinDel,security,0.014705882352941176,gitignore_present,True,1.0,0.014705882352941176,0.014705882352941176
BinDel,security,0.014705882352941176,security_updates,,,0.0,0.0
BinDel,security,0.014705882352941176,secret_scanning,,,0.0,0.0
BinDel,scientific_impact,0.024,fwci,,,0.0,0.0
BinDel,scientific_impact,0.024,citation_count,,,0.0,0.0
BinDel,scientific_impact,0.024,star_count,4,0.04,0.6,0.024
BinDel,scientific_impact,0.024,fork_count,0,0.0,0.4,0.0
BinDel,scientific_impact,0.024,altmetric_score,,,0.0,0.0
BioMOBS,compatibility,0.0,input_formats,,,0.0,0.0
BioMOBS,compatibility,0.0,output_formats,,,0.0,0.0
BioMOBS,compatibility,0.0,has_workflow_support,False,0.0,0.5,0.0
BioMOBS,compatibility,0.0,has_distribution_support,False,0.0,0.5,0.0
BioMOBS,fairness,0.5555555555555556,license,True,1.0,0.22222222222222224,0.22222222222222224
BioMOBS,fairness,0.5555555555555556,repository,True,1.0,0.3333333333333333,0.3333333333333333
BioMOBS,fairness,0.5555555555555556,registry,False,0.0,0.22222222222222224,0.0
BioMOBS,fairness,0.5555555555555556,citation,False,0.0,0.11111111111111112,0.0
BioMOBS,fairness,0.5555555555555556,checklist,False,0.0,0.11111111111111112,0.0
BioMOBS,fairness,0.5555555555555556,publication_open_access,,,0.0,0.0
BioMOBS,maintainability,0.8832053333333334,nloc_per_file,95.06,0.90494,0.3,0.271482
BioMOBS,maintainability,0.8832053333333334,avg_ccn,2.86,0.7933333333333333,0.4,0.31733333333333336
BioMOBS,maintainability,0.8832053333333334,duplicate_rate,1.87,0.9813,0.3,0.29439
BioMOBS,sustainability,0.5,avg_issue_close_time_days,,,0.0,0.0
BioMOBS,sustainability,0.5,num_open_issues,0,1.0,0.5,0.5
BioMOBS,sustainability,0.5,days_since_last_commit,226,0.0,0.33333333333333337,0.0
BioMOBS,sustainability,0.5,inverse_simpson_index,,,0.0,0.0
BioMOBS,sustainability,0.5,has_releases,False,0.0,0.16666666666666669,0.0
BioMOBS,security,0.014705882352941176,default_branch_protected,False,0.0,0.5,0.0
BioMOBS,security,0.014705882352941176,has_security_policy,False,0.0,0.4852941176470588,0.0
BioMOBS,security,0.014705882352941176,gitignore_present,True,1.0,0.014705882352941176,0.014705882352941176
BioMOBS,security,0.014705882352941176,security_updates,,,0.0,0.0
BioMOBS,security,0.014705882352941176,secret_scanning,,,0.0,0.0
BioMOBS,scientific_impact,0.022,fwci,,,0.0,0.0
BioMOBS,scientific_impact,0.022,citation_count,,,0.0,0.0
BioMOBS,scientific_impact,0.022,star_count,3,0.03,0.6,0.018
BioMOBS,scientific_impact,0.022,fork_count,1,0.01,0.4,0.004
BioMOBS,scientific_impact,0.022,altmetric_score,,,0.0,0.0
ionmob,compatibility,0.5,input_formats,,,0.0,0.0
ionmob,compatibility,0.5,output_formats,,,0.0,0.0
ionmob,compatibility,0.5,has_workflow_support,False,0.0,0.5,0.0
ionmob,compatibility,0.5,has_distribution_support,True,1.0,0.5,0.5
ionmob,fairness,,license,,,0.0,0.0
ionmob,fairness,,repository,,,0.0,0.0
ionmob,fairness,,registry,,,0.0,0.0
ionmob,fairness,,citation,,,0.0,0.0
ionmob,fairness,,checklist,,,0.0,0.0
ionmob,fairness,,publication_open_access,,,0.0,0.0
ionmob,maintainability,0.9043802222222221,nloc_per_file,76.94,0.92306,0.3,0.276918
ionmob,maintainability,0.9043802222222221,avg_ccn,2.03,0.8855555555555555,0.4,0.3542222222222222
ionmob,maintainability,0.9043802222222221,duplicate_rate,8.92,0.9108,0.3,0.27324
ionmob,sustainability,0.42891678620701007,avg_issue_close_time_days,,,0.0,0.0
ionmob,sustainability,0.42891678620701007,num_open_issues,0,1.0,0.4285714285714286,0.4285714285714286
ionmob,sustainability,0.42891678620701007,days_since_last_commit,1084,0.0,0.28571428571428575,0.0
ionmob,sustainability,0.42891678620701007,inverse_simpson_index,1.0459325655323364,0.0024175034490703357,0.14285714285714288,0.0003453576355814766
ionmob,sustainability,0.42891678620701007,has_releases,False,0.0,0.14285714285714288,0.0
ionmob,security,0.5147058823529411,default_branch_protected,True,1.0,0.5,0.5
ionmob,security,0.5147058823529411,has_security_policy,False,0.0,0.4852941176470588,0.0
ionmob,security,0.5147058823529411,gitignore_present,True,1.0,0.014705882352941176,0.014705882352941176
ionmob,security,0.5147058823529411,security_updates,,,0.0,0.0
ionmob,security,0.5147058823529411,secret_scanning,,,0.0,0.0
ionmob,scientific_impact,0.102,fwci,,,0.0,0.0
ionmob,scientific_impact,0.102,citation_count,,,0.0,0.0
ionmob,scientific_impact,0.102,star_count,15,0.15,0.6,0.09
ionmob,scientific_impact,0.102,fork_count,3,0.03,0.4,0.012
ionmob,scientific_impact,0.102,altmetric_score,,,0.0,0.0
OpenMandible,compatibility,0.0,input_formats,,,0.0,0.0
OpenMandible,compatibility,0.0,output_formats,,,0.0,0.0
OpenMandible,compatibility,0.0,has_workflow_support,False,0.0,0.5,0.0
OpenMandible,compatibility,0.0,has_distribution_support,False,0.0,0.5,0.0
OpenMandible,fairness,0.3333333333333333,license,False,0.0,0.22222222222222224,0.0
OpenMandible,fairness,0.3333333333333333,repository,True,1.0,0.3333333333333333,0.3333333333333333
OpenMandible,fairness,0.3333333333333333,registry,False,0.0,0.22222222222222224,0.0
OpenMandible,fairness,0.3333333333333333,citation,False,0.0,0.11111111111111112,0.0
OpenMandible,fairness,0.3333333333333333,checklist,False,0.0,0.11111111111111112,0.0
OpenMandible,fairness,0.3333333333333333,publication_open_access,,,0.0,0.0
OpenMandible,maintainability,0.6871776666666667,nloc_per_file,93.83,0.90617,0.3,0.271851
OpenMandible,maintainability,0.6871776666666667,avg_ccn,4.72,0.5866666666666667,0.4,0.2346666666666667
OpenMandible,maintainability,0.6871776666666667,duplicate_rate,39.78,0.6022000000000001,0.3,0.18066000000000002
OpenMandible,sustainability,0.42930322839740304,avg_issue_close_time_days,,,0.0,0.0
OpenMandible,sustainability,0.42930322839740304,num_open_issues,0,1.0,0.4285714285714286,0.4285714285714286
OpenMandible,sustainability,0.42930322839740304,days_since_last_commit,2058,0.0,0.28571428571428575,0.0
OpenMandible,sustainability,0.42930322839740304,inverse_simpson_index,1.0973293768545993,0.005122598781821016,0.14285714285714288,0.000731799825974431
OpenMandible,sustainability,0.42930322839740304,has_releases,False,0.0,0.14285714285714288,0.0
OpenMandible,security,0.0,default_branch_protected,False,0.0,0.5,0.0
OpenMandible,security,0.0,has_security_policy,False,0.0,0.4852941176470588,0.0
OpenMandible,security,0.0,gitignore_present,False,0.0,0.014705882352941176,0.0
OpenMandible,security,0.0,security_updates,,,0.0,0.0
OpenMandible,security,0.0,secret_scanning,,,0.0,0.0
OpenMandible,scientific_impact,0.148,fwci,,,0.0,0.0
OpenMandible,scientific_impact,0.148,citation_count,,,0.0,0.0
OpenMandible,scientific_impact,0.148,star_count,20,0.2,0.6,0.12
OpenMandible,scientific_impact,0.148,fork_count,7,0.07,0.4,0.028000000000000004
OpenMandible,scientific_impact,0.148,altmetric_score,,,0.0,0.0
MutateX,compatibility,0.5,input_formats,,,0.0,0.0
MutateX,compatibility,0.5,output_formats,,,0.0,0.0
MutateX,compatibility,0.5,has_workflow_support,False,0.0,0.5,0.0
MutateX,compatibility,0.5,has_distribution_support,True,1.0,0.5,0.5
MutateX,fairness,0.5555555555555556,license,True,1.0,0.22222222222222224,0.22222222222222224
MutateX,fairness,0.5555555555555556,repository,True,1.0,0.3333333333333333,0.3333333333333333
MutateX,fairness,0.5555555555555556,registry,False,0.0,0.22222222222222224,0.0
MutateX,fairness,0.5555555555555556,citation,False,0.0,0.11111111111111112,0.0
MutateX,fairness,0.5555555555555556,checklist,False,0.0,0.11111111111111112,0.0
MutateX,fairness,0.5555555555555556,publication_open_access,,,0.0,0.0
MutateX,maintainability,0.7527788888888889,nloc_per_file,194.0,0.806,0.3,0.24180000000000001
MutateX,maintainability,0.7527788888888889,avg_ccn,4.58,0.6022222222222222,0.4,0.2408888888888889
MutateX,maintainability,0.7527788888888889,duplicate_rate,9.97,0.9003,0.3,0.27009
MutateX,sustainability,0.29881893016474237,avg_issue_close_time_days,215.1059512250082,0.0,0.3,0.0
MutateX,sustainability,0.29881893016474237,num_open_issues,1,0.995,0.3,0.2985
MutateX,sustainability,0.29881893016474237,days_since_last_commit,199,0.0,0.2,0.0
MutateX,sustainability,0.29881893016474237,inverse_simpson_index,1.060596731301057,0.0031893016474240483,0.1,0.00031893016474240487
MutateX,sustainability,0.29881893016474237,has_releases,False,0.0,0.1,0.0
MutateX,security,0.5,default_branch_protected,True,1.0,0.5,0.5
MutateX,security,0.5,has_security_policy,False,0.0,0.4852941176470588,0.0
MutateX,security,0.5,gitignore_present,False,0.0,0.014705882352941176,0.0
MutateX,security,0.5,security_updates,,,0.0,0.0
MutateX,security,0.5,secret_scanning,,,0.0,0.0
MutateX,scientific_impact,0.498,fwci,,,0.0,0.0
MutateX,scientific_impact,0.498,citation_count,,,0.0,0.0
MutateX,scientific_impact,0.498,star_count,71,0.71,0.6,0.426
MutateX,scientific_impact,0.498,fork_count,18,0.18,0.4,0.072
MutateX,scientific_impact,0.498,altmetric_score,,,0.0,0.0
MagicalRsq-X,compatibility,0.0,input_formats,,,0.0,0.0
MagicalRsq-X,compatibility,0.0,output_formats,,,0.0,0.0
MagicalRsq-X,compatibility,0.0,has_workflow_support,False,0.0,0.5,0.0
MagicalRsq-X,compatibility,0.0,has_distribution_support,False,0.0,0.5,0.0
MagicalRsq-X,fairness,,license,,,0.0,0.0
MagicalRsq-X,fairness,,repository,,,0.0,0.0
MagicalRsq-X,fairness,,registry,,,0.0,0.0
MagicalRsq-X,fairness,,citation,,,0.0,0.0
MagicalRsq-X,fairness,,checklist,,,0.0,0.0
MagicalRsq-X,fairness,,publication_open_access,,,0.0,0.0
MagicalRsq-X,maintainability,0.6677733333333333,nloc_per_file,45.2,0.9548,0.3,0.28644
MagicalRsq-X,maintainability,0.6677733333333333,avg_ccn,8.17,0.20333333333333337,0.4,0.08133333333333335
MagicalRsq-X,maintainability,0.6677733333333333,duplicate_rate,0.0,1.0,0.3,0.3
MagicalRsq-X,sustainability,0.5,avg_issue_close_time_days,,,0.0,0.0
MagicalRsq-X,sustainability,0.5,num_open_issues,0,1.0,0.5,0.5
MagicalRsq-X,sustainability,0.5,days_since_last_commit,1039,0.0,0.33333333333333337,0.0
MagicalRsq-X,sustainability,0.5,inverse_simpson_index,,,0.0,0.0
MagicalRsq-X,sustainability,0.5,has_releases,False,0.0,0.16666666666666669,0.0
MagicalRsq-X,security,0.0,default_branch_protected,False,0.0,0.5,0.0
MagicalRsq-X,security,0.0,has_security_policy,False,0.0,0.4852941176470588,0.0
MagicalRsq-X,security,0.0,gitignore_present,False,0.0,0.014705882352941176,0.0
MagicalRsq-X,security,0.0,security_updates,,,0.0,0.0
MagicalRsq-X,security,0.0,secret_scanning,,,0.0,0.0
MagicalRsq-X,scientific_impact,0.0,fwci,,,0.0,0.0
MagicalRsq-X,scientific_impact,0.0,citation_count,,,0.0,0.0
MagicalRsq-X,scientific_impact,0.0,star_count,0,0.0,0.6,0.0
MagicalRsq-X,scientific_impact,0.0,fork_count,0,0.0,0.4,0.0
MagicalRsq-X,scientific_impact,0.0,altmetric_score,,,0.0,0.0
ONT-AmpSeq,compatibility,1.0,input_formats,,,0.0,0.0
ONT-AmpSeq,compatibility,1.0,output_formats,,,0.0,0.0
ONT-AmpSeq,compatibility,1.0,has_workflow_support,True,1.0,0.5,0.5
ONT-AmpSeq,compatibility,1.0,has_distribution_support,True,1.0,0.5,0.5
ONT-AmpSeq,fairness,0.5555555555555556,license,True,1.0,0.22222222222222224,0.22222222222222224
ONT-AmpSeq,fairness,0.5555555555555556,repository,True,1.0,0.3333333333333333,0.3333333333333333
ONT-AmpSeq,fairness,0.5555555555555556,registry,False,0.0,0.22222222222222224,0.0
ONT-AmpSeq,fairness,0.5555555555555556,citation,False,0.0,0.11111111111111112,0.0
ONT-AmpSeq,fairness,0.5555555555555556,checklist,False,0.0,0.11111111111111112,0.0
ONT-AmpSeq,fairness,0.5555555555555556,publication_open_access,,,0.0,0.0
ONT-AmpSeq,maintainability,0.7690683333333334,nloc_per_file,26.25,0.97375,0.3,0.29212499999999997
ONT-AmpSeq,maintainability,0.7690683333333334,avg_ccn,5.2,0.5333333333333333,0.4,0.21333333333333335
ONT-AmpSeq,maintainability,0.7690683333333334,duplicate_rate,12.13,0.8787,0.3,0.26361
ONT-AmpSeq,sustainability,0.5374332208609018,avg_issue_close_time_days,26.69517650462963,0.7033869277263375,0.3,0.21101607831790123
ONT-AmpSeq,sustainability,0.5374332208609018,num_open_issues,14,0.9299999999999999,0.3,0.27899999999999997
ONT-AmpSeq,sustainability,0.5374332208609018,days_since_last_commit,139,0.22777777777777775,0.2,0.04555555555555555
ONT-AmpSeq,sustainability,0.5374332208609018,inverse_simpson_index,1.353701527614571,0.018615869874451102,0.1,0.0018615869874451102
ONT-AmpSeq,sustainability,0.5374332208609018,has_releases,False,0.0,0.1,0.0
ONT-AmpSeq,security,0.014705882352941176,default_branch_protected,False,0.0,0.5,0.0
ONT-AmpSeq,security,0.014705882352941176,has_security_policy,False,0.0,0.4852941176470588,0.0
ONT-AmpSeq,security,0.014705882352941176,gitignore_present,True,1.0,0.014705882352941176,0.014705882352941176
ONT-AmpSeq,security,0.014705882352941176,security_updates,,,0.0,0.0
ONT-AmpSeq,security,0.014705882352941176,secret_scanning,,,0.0,0.0
ONT-AmpSeq,scientific_impact,0.15,fwci,,,0.0,0.0
ONT-AmpSeq,scientific_impact,0.15,citation_count,,,0.0,0.0
ONT-AmpSeq,scientific_impact,0.15,star_count,21,0.21,0.6,0.126
ONT-AmpSeq,scientific_impact,0.15,fork_count,6,0.06,0.4,0.024
ONT-AmpSeq,scientific_impact,0.15,altmetric_score,,,0.0,0.0
TADA,compatibility,1.0,input_formats,,,0.0,0.0
TADA,compatibility,1.0,output_formats,,,0.0,0.0
TADA,compatibility,1.0,has_workflow_support,True,1.0,0.5,0.5
TADA,compatibility,1.0,has_distribution_support,True,1.0,0.5,0.5
TADA,fairness,0.5555555555555556,license,True,1.0,0.22222222222222224,0.22222222222222224
TADA,fairness,0.5555555555555556,repository,True,1.0,0.3333333333333333,0.3333333333333333
TADA,fairness,0.5555555555555556,registry,False,0.0,0.22222222222222224,0.0
TADA,fairness,0.5555555555555556,citation,False,0.0,0.11111111111111112,0.0
TADA,fairness,0.5555555555555556,checklist,False,0.0,0.11111111111111112,0.0
TADA,fairness,0.5555555555555556,publication_open_access,,,0.0,0.0
TADA,maintainability,0.909310111111111,nloc_per_file,4.47,0.99553,0.3,0.298659
TADA,maintainability,0.909310111111111,avg_ccn,2.55,0.8277777777777778,0.4,0.33111111111111113
TADA,maintainability,0.909310111111111,duplicate_rate,6.82,0.9318,0.3,0.27953999999999996
TADA,sustainability,0.30114735507971446,avg_issue_close_time_days,125.77789930555555,0.0,0.3,0.0
TADA,sustainability,0.30114735507971446,num_open_issues,0,1.0,0.3,0.3
TADA,sustainability,0.30114735507971446,days_since_last_commit,613,0.0,0.2,0.0
TADA,sustainability,0.30114735507971446,inverse_simpson_index,1.2179974651457541,0.011473550797144955,0.1,0.0011473550797144955
TADA,sustainability,0.30114735507971446,has_releases,False,0.0,0.1,0.0
TADA,security,0.014705882352941176,default_branch_protected,False,0.0,0.5,0.0
TADA,security,0.014705882352941176,has_security_policy,False,0.0,0.4852941176470588,0.0
TADA,security,0.014705882352941176,gitignore_present,True,1.0,0.014705882352941176,0.014705882352941176
TADA,security,0.014705882352941176,security_updates,,,0.0,0.0
TADA,security,0.014705882352941176,secret_scanning,,,0.0,0.0
TADA,scientific_impact,0.068,fwci,,,0.0,0.0
TADA,scientific_impact,0.068,citation_count,,,0.0,0.0
TADA,scientific_impact,0.068,star_count,10,0.1,0.6,0.06
TADA,scientific_impact,0.068,fork_count,2,0.02,0.4,0.008
TADA,scientific_impact,0.068,altmetric_score,,,0.0,0.0
FRAGLER,compatibility,0.5,input_formats,,,0.0,0.0
FRAGLER,compatibility,0.5,output_formats,,,0.0,0.0
FRAGLER,compatibility,0.5,has_workflow_support,False,0.0,0.5,0.0
FRAGLER,compatibility,0.5,has_distribution_support,True,1.0,0.5,0.5
FRAGLER,fairness,0.5555555555555556,license,True,1.0,0.22222222222222224,0.22222222222222224
FRAGLER,fairness,0.5555555555555556,repository,True,1.0,0.3333333333333333,0.3333333333333333
FRAGLER,fairness,0.5555555555555556,registry,False,0.0,0.22222222222222224,0.0
FRAGLER,fairness,0.5555555555555556,citation,False,0.0,0.11111111111111112,0.0
FRAGLER,fairness,0.5555555555555556,checklist,False,0.0,0.11111111111111112,0.0
FRAGLER,fairness,0.5555555555555556,publication_open_access,,,0.0,0.0
FRAGLER,maintainability,0.7978777777777778,nloc_per_file,253.0,0.747,0.3,0.2241
FRAGLER,maintainability,0.7978777777777778,avg_ccn,3.84,0.6844444444444444,0.4,0.2737777777777778
FRAGLER,maintainability,0.7978777777777778,duplicate_rate,0.0,1.0,0.3,0.3
FRAGLER,sustainability,0.4360902255639098,avg_issue_close_time_days,,,0.0,0.0
FRAGLER,sustainability,0.4360902255639098,num_open_issues,0,1.0,0.4285714285714286,0.4285714285714286
FRAGLER,sustainability,0.4360902255639098,days_since_last_commit,1541,0.0,0.28571428571428575,0.0
FRAGLER,sustainability,0.4360902255639098,inverse_simpson_index,2.0,0.05263157894736842,0.14285714285714288,0.0075187969924812035
FRAGLER,sustainability,0.4360902255639098,has_releases,False,0.0,0.14285714285714288,0.0
FRAGLER,security,0.014705882352941176,default_branch_protected,False,0.0,0.5,0.0
FRAGLER,security,0.014705882352941176,has_security_policy,False,0.0,0.4852941176470588,0.0
FRAGLER,security,0.014705882352941176,gitignore_present,True,1.0,0.014705882352941176,0.014705882352941176
FRAGLER,security,0.014705882352941176,security_updates,,,0.0,0.0
FRAGLER,security,0.014705882352941176,secret_scanning,,,0.0,0.0
FRAGLER,scientific_impact,0.024,fwci,,,0.0,0.0
FRAGLER,scientific_impact,0.024,citation_count,,,0.0,0.0
FRAGLER,scientific_impact,0.024,star_count,4,0.04,0.6,0.024
FRAGLER,scientific_impact,0.024,fork_count,0,0.0,0.4,0.0
FRAGLER,scientific_impact,0.024,altmetric_score,,,0.0,0.0
ibmd,compatibility,0.0,input_formats,,,0.0,0.0
ibmd,compatibility,0.0,output_formats,,,0.0,0.0
ibmd,compatibility,0.0,has_workflow_support,False,0.0,0.5,0.0
ibmd,compatibility,0.0,has_distribution_support,False,0.0,0.5,0.0
ibmd,fairness,0.5555555555555556,license,True,1.0,0.22222222222222224,0.22222222222222224
ibmd,fairness,0.5555555555555556,repository,True,1.0,0.3333333333333333,0.3333333333333333
ibmd,fairness,0.5555555555555556,registry,False,0.0,0.22222222222222224,0.0
ibmd,fairness,0.5555555555555556,citation,False,0.0,0.11111111111111112,0.0
ibmd,fairness,0.5555555555555556,checklist,False,0.0,0.11111111111111112,0.0
ibmd,fairness,0.5555555555555556,publication_open_access,,,0.0,0.0
ibmd,maintainability,0.7477551111111111,nloc_per_file,64.22,0.9357800000000001,0.3,0.280734
ibmd,maintainability,0.7477551111111111,avg_ccn,3.0,0.7777777777777778,0.4,0.3111111111111111
ibmd,maintainability,0.7477551111111111,duplicate_rate,48.03,0.5197,0.3,0.15591000000000002
ibmd,sustainability,0.4685251546220741,avg_issue_close_time_days,861.0719290123457,0.0,0.3,0.0
ibmd,sustainability,0.4685251546220741,num_open_issues,0,1.0,0.3,0.3
ibmd,sustainability,0.4685251546220741,days_since_last_commit,30,0.8333333333333334,0.2,0.16666666666666669
ibmd,sustainability,0.4685251546220741,inverse_simpson_index,1.3531127115274157,0.018584879554074514,0.1,0.0018584879554074515
ibmd,sustainability,0.4685251546220741,has_releases,False,0.0,0.1,0.0
ibmd,security,0.014705882352941176,default_branch_protected,False,0.0,0.5,0.0
ibmd,security,0.014705882352941176,has_security_policy,False,0.0,0.4852941176470588,0.0
ibmd,security,0.014705882352941176,gitignore_present,True,1.0,0.014705882352941176,0.014705882352941176
ibmd,security,0.014705882352941176,security_updates,,,0.0,0.0
ibmd,security,0.014705882352941176,secret_scanning,,,0.0,0.0
ibmd,scientific_impact,0.09,fwci,,,0.0,0.0
ibmd,scientific_impact,0.09,citation_count,,,0.0,0.0
ibmd,scientific_impact,0.09,star_count,13,0.13,0.6,0.078
ibmd,scientific_impact,0.09,fork_count,3,0.03,0.4,0.012
ibmd,scientific_impact,0.09,altmetric_score,,,0.0,0.0
SQUiD,compatibility,0.0,input_formats,,,0.0,0.0
SQUiD,compatibility,0.0,output_formats,,,0.0,0.0
SQUiD,compatibility,0.0,has_workflow_support,False,0.0,0.5,0.0
SQUiD,compatibility,0.0,has_distribution_support,False,0.0,0.5,0.0
SQUiD,fairness,0.5555555555555556,license,True,1.0,0.22222222222222224,0.22222222222222224
SQUiD,fairness,0.5555555555555556,repository,True,1.0,0.3333333333333333,0.3333333333333333
SQUiD,fairness,0.5555555555555556,registry,False,0.0,0.22222222222222224,0.0
SQUiD,fairness,0.5555555555555556,citation,False,0.0,0.11111111111111112,0.0
SQUiD,fairness,0.5555555555555556,checklist,False,0.0,0.11111111111111112,0.0
SQUiD,fairness,0.5555555555555556,publication_open_access,,,0.0,0.0
SQUiD,maintainability,0.781822,nloc_per_file,177.56,0.8224400000000001,0.3,0.246732
SQUiD,maintainability,0.781822,avg_ccn,3.43,0.73,0.4,0.292
SQUiD,maintainability,0.781822,duplicate_rate,18.97,0.8103,0.3,0.24309
SQUiD,sustainability,0.4285714285714286,avg_issue_close_time_days,,,0.0,0.0
SQUiD,sustainability,0.4285714285714286,num_open_issues,0,1.0,0.4285714285714286,0.4285714285714286
SQUiD,sustainability,0.4285714285714286,days_since_last_commit,632,0.0,0.28571428571428575,0.0
SQUiD,sustainability,0.4285714285714286,inverse_simpson_index,1.0,0.0,0.14285714285714288,0.0
SQUiD,sustainability,0.4285714285714286,has_releases,False,0.0,0.14285714285714288,0.0
SQUiD,security,0.014705882352941176,default_branch_protected,False,0.0,0.5,0.0
SQUiD,security,0.014705882352941176,has_security_policy,False,0.0,0.4852941176470588,0.0
SQUiD,security,0.014705882352941176,gitignore_present,True,1.0,0.014705882352941176,0.014705882352941176
SQUiD,security,0.014705882352941176,security_updates,,,0.0,0.0
SQUiD,security,0.014705882352941176,secret_scanning,,,0.0,0.0
SQUiD,scientific_impact,0.039999999999999994,fwci,,,0.0,0.0
SQUiD,scientific_impact,0.039999999999999994,citation_count,,,0.0,0.0
SQUiD,scientific_impact,0.039999999999999994,star_count,6,0.06,0.6,0.036
SQUiD,scientific_impact,0.039999999999999994,fork_count,1,0.01,0.4,0.004
SQUiD,scientific_impact,0.039999999999999994,altmetric_score,,,0.0,0.0
PepGM,compatibility,0.5,input_formats,,,0.0,0.0
PepGM,compatibility,0.5,output_formats,,,0.0,0.0
PepGM,compatibility,0.5,has_workflow_support,True,1.0,0.5,0.5
PepGM,compatibility,0.5,has_distribution_support,False,0.0,0.5,0.0
PepGM,fairness,0.5555555555555556,license,True,1.0,0.22222222222222224,0.22222222222222224
PepGM,fairness,0.5555555555555556,repository,True,1.0,0.3333333333333333,0.3333333333333333
PepGM,fairness,0.5555555555555556,registry,False,0.0,0.22222222222222224,0.0
PepGM,fairness,0.5555555555555556,citation,False,0.0,0.11111111111111112,0.0
PepGM,fairness,0.5555555555555556,checklist,False,0.0,0.11111111111111112,0.0
PepGM,fairness,0.5555555555555556,publication_open_access,,,0.0,0.0
PepGM,maintainability,0.870738888888889,nloc_per_file,60.5,0.9395,0.3,0.28185
PepGM,maintainability,0.870738888888889,avg_ccn,3.5,0.7222222222222222,0.4,0.2888888888888889
PepGM,maintainability,0.870738888888889,duplicate_rate,0.0,1.0,0.3,0.3
PepGM,sustainability,0.43437153578553167,avg_issue_close_time_days,,,0.0,0.0
PepGM,sustainability,0.43437153578553167,num_open_issues,0,1.0,0.4285714285714286,0.4285714285714286
PepGM,sustainability,0.43437153578553167,days_since_last_commit,863,0.0,0.28571428571428575,0.0
PepGM,sustainability,0.43437153578553167,inverse_simpson_index,1.7714142594757052,0.040600750498721326,0.14285714285714288,0.0058001072141030474
PepGM,sustainability,0.43437153578553167,has_releases,False,0.0,0.14285714285714288,0.0
PepGM,security,0.5147058823529411,default_branch_protected,True,1.0,0.5,0.5
PepGM,security,0.5147058823529411,has_security_policy,False,0.0,0.4852941176470588,0.0
PepGM,security,0.5147058823529411,gitignore_present,True,1.0,0.014705882352941176,0.014705882352941176
PepGM,security,0.5147058823529411,security_updates,,,0.0,0.0
PepGM,security,0.5147058823529411,secret_scanning,,,0.0,0.0
PepGM,scientific_impact,0.044,fwci,,,0.0,0.0
PepGM,scientific_impact,0.044,citation_count,,,0.0,0.0
PepGM,scientific_impact,0.044,star_count,6,0.06,0.6,0.036
PepGM,scientific_impact,0.044,fork_count,2,0.02,0.4,0.008
PepGM,scientific_impact,0.044,altmetric_score,,,0.0,0.0
DepoScope,compatibility,0.5,input_formats,,,0.0,0.0
DepoScope,compatibility,0.5,output_formats,,,0.0,0.0
DepoScope,compatibility,0.5,has_workflow_support,False,0.0,0.5,0.0
DepoScope,compatibility,0.5,has_distribution_support,True,1.0,0.5,0.5
DepoScope,fairness,0.5555555555555556,license,True,1.0,0.22222222222222224,0.22222222222222224
DepoScope,fairness,0.5555555555555556,repository,True,1.0,0.3333333333333333,0.3333333333333333
DepoScope,fairness,0.5555555555555556,registry,False,0.0,0.22222222222222224,0.0
DepoScope,fairness,0.5555555555555556,citation,False,0.0,0.11111111111111112,0.0
DepoScope,fairness,0.5555555555555556,checklist,False,0.0,0.11111111111111112,0.0
DepoScope,fairness,0.5555555555555556,publication_open_access,,,0.0,0.0
DepoScope,maintainability,0.9417472222222223,nloc_per_file,50.75,0.94925,0.3,0.284775
DepoScope,maintainability,0.9417472222222223,avg_ccn,1.58,0.9355555555555556,0.4,0.37422222222222223
DepoScope,maintainability,0.9417472222222223,duplicate_rate,5.75,0.9425,0.3,0.28275
DepoScope,sustainability,0.4306058956335164,avg_issue_close_time_days,,,0.0,0.0
DepoScope,sustainability,0.4306058956335164,num_open_issues,2,0.99,0.4285714285714286,0.4242857142857143
DepoScope,sustainability,0.4306058956335164,days_since_last_commit,596,0.0,0.28571428571428575,0.0
DepoScope,sustainability,0.4306058956335164,inverse_simpson_index,1.8405841192576817,0.04424126943461483,0.14285714285714288,0.00632018134780212
DepoScope,sustainability,0.4306058956335164,has_releases,False,0.0,0.14285714285714288,0.0
DepoScope,security,0.014705882352941176,default_branch_protected,False,0.0,0.5,0.0
DepoScope,security,0.014705882352941176,has_security_policy,False,0.0,0.4852941176470588,0.0
DepoScope,security,0.014705882352941176,gitignore_present,True,1.0,0.014705882352941176,0.014705882352941176
DepoScope,security,0.014705882352941176,security_updates,,,0.0,0.0
DepoScope,security,0.014705882352941176,secret_scanning,,,0.0,0.0
DepoScope,scientific_impact,0.10400000000000001,fwci,,,0.0,0.0
DepoScope,scientific_impact,0.10400000000000001,citation_count,,,0.0,0.0
DepoScope,scientific_impact,0.10400000000000001,star_count,14,0.14,0.6,0.084
DepoScope,scientific_impact,0.10400000000000001,fork_count,5,0.05,0.4,0.020000000000000004
DepoScope,scientific_impact,0.10400000000000001,altmetric_score,,,0.0,0.0
CANVAR,compatibility,0.0,input_formats,,,0.0,0.0
CANVAR,compatibility,0.0,output_formats,,,0.0,0.0
CANVAR,compatibility,0.0,has_workflow_support,False,0.0,0.5,0.0
CANVAR,compatibility,0.0,has_distribution_support,False,0.0,0.5,0.0
CANVAR,fairness,0.3333333333333333,license,False,0.0,0.22222222222222224,0.0
CANVAR,fairness,0.3333333333333333,repository,True,1.0,0.3333333333333333,0.3333333333333333
CANVAR,fairness,0.3333333333333333,registry,False,0.0,0.22222222222222224,0.0
CANVAR,fairness,0.3333333333333333,citation,False,0.0,0.11111111111111112,0.0
CANVAR,fairness,0.3333333333333333,checklist,False,0.0,0.11111111111111112,0.0
CANVAR,fairness,0.3333333333333333,publication_open_access,,,0.0,0.0
CANVAR,maintainability,0.7803,nloc_per_file,279.0,0.721,0.3,0.2163
CANVAR,maintainability,0.7803,avg_ccn,4.06,0.66,0.4,0.264
CANVAR,maintainability,0.7803,duplicate_rate,0.0,1.0,0.3,0.3
CANVAR,sustainability,0.42642857142857143,avg_issue_close_time_days,,,0.0,0.0
CANVAR,sustainability,0.42642857142857143,num_open_issues,1,0.995,0.4285714285714286,0.42642857142857143
CANVAR,sustainability,0.42642857142857143,days_since_last_commit,1074,0.0,0.28571428571428575,0.0
CANVAR,sustainability,0.42642857142857143,inverse_simpson_index,1.0,0.0,0.14285714285714288,0.0
CANVAR,sustainability,0.42642857142857143,has_releases,False,0.0,0.14285714285714288,0.0
CANVAR,security,0.0,default_branch_protected,False,0.0,0.5,0.0
CANVAR,security,0.0,has_security_policy,False,0.0,0.4852941176470588,0.0
CANVAR,security,0.0,gitignore_present,False,0.0,0.014705882352941176,0.0
CANVAR,security,0.0,security_updates,,,0.0,0.0
CANVAR,security,0.0,secret_scanning,,,0.0,0.0
CANVAR,scientific_impact,0.018,fwci,,,0.0,0.0
CANVAR,scientific_impact,0.018,citation_count,,,0.0,0.0
CANVAR,scientific_impact,0.018,star_count,3,0.03,0.6,0.018
CANVAR,scientific_impact,0.018,fork_count,0,0.0,0.4,0.0
CANVAR,scientific_impact,0.018,altmetric_score,,,0.0,0.0
SmartGraph,compatibility,0.0,input_formats,,,0.0,0.0
SmartGraph,compatibility,0.0,output_formats,,,0.0,0.0
SmartGraph,compatibility,0.0,has_workflow_support,False,0.0,0.5,0.0
SmartGraph,compatibility,0.0,has_distribution_support,False,0.0,0.5,0.0
SmartGraph,fairness,0.5555555555555556,license,True,1.0,0.22222222222222224,0.22222222222222224
SmartGraph,fairness,0.5555555555555556,repository,True,1.0,0.3333333333333333,0.3333333333333333
SmartGraph,fairness,0.5555555555555556,registry,False,0.0,0.22222222222222224,0.0
SmartGraph,fairness,0.5555555555555556,citation,False,0.0,0.11111111111111112,0.0
SmartGraph,fairness,0.5555555555555556,checklist,False,0.0,0.11111111111111112,0.0
SmartGraph,fairness,0.5555555555555556,publication_open_access,,,0.0,0.0
SmartGraph,maintainability,0.896271,nloc_per_file,129.53,0.87047,0.3,0.26114099999999996
SmartGraph,maintainability,0.896271,avg_ccn,1.63,0.93,0.4,0.37200000000000005
SmartGraph,maintainability,0.896271,duplicate_rate,12.29,0.8771,0.3,0.26313
SmartGraph,sustainability,0.544920634920635,avg_issue_close_time_days,,,0.0,0.0
SmartGraph,sustainability,0.544920634920635,num_open_issues,2,0.99,0.4285714285714286,0.4242857142857143
SmartGraph,sustainability,0.544920634920635,days_since_last_commit,104,0.4222222222222223,0.28571428571428575,0.12063492063492066
SmartGraph,sustainability,0.544920634920635,inverse_simpson_index,1.0,0.0,0.14285714285714288,0.0
SmartGraph,sustainability,0.544920634920635,has_releases,False,0.0,0.14285714285714288,0.0
SmartGraph,security,0.9852941176470589,default_branch_protected,True,1.0,0.5,0.5
SmartGraph,security,0.9852941176470589,has_security_policy,True,1.0,0.4852941176470588,0.4852941176470588
SmartGraph,security,0.9852941176470589,gitignore_present,False,0.0,0.014705882352941176,0.0
SmartGraph,security,0.9852941176470589,security_updates,,,0.0,0.0
SmartGraph,security,0.9852941176470589,secret_scanning,,,0.0,0.0
SmartGraph,scientific_impact,0.07400000000000001,fwci,,,0.0,0.0
SmartGraph,scientific_impact,0.07400000000000001,citation_count,,,0.0,0.0
SmartGraph,scientific_impact,0.07400000000000001,star_count,9,0.09,0.6,0.054
SmartGraph,scientific_impact,0.07400000000000001,fork_count,5,0.05,0.4,0.020000000000000004
SmartGraph,scientific_impact,0.07400000000000001,altmetric_score,,,0.0,0.0
NeuroDevSim,compatibility,0.5,input_formats,,,0.0,0.0
NeuroDevSim,compatibility,0.5,output_formats,,,0.0,0.0
NeuroDevSim,compatibility,0.5,has_workflow_support,False,0.0,0.5,0.0
NeuroDevSim,compatibility,0.5,has_distribution_support,True,1.0,0.5,0.5
NeuroDevSim,fairness,0.5555555555555556,license,True,1.0,0.22222222222222224,0.22222222222222224
NeuroDevSim,fairness,0.5555555555555556,repository,True,1.0,0.3333333333333333,0.3333333333333333
NeuroDevSim,fairness,0.5555555555555556,registry,False,0.0,0.22222222222222224,0.0
NeuroDevSim,fairness,0.5555555555555556,citation,False,0.0,0.11111111111111112,0.0
NeuroDevSim,fairness,0.5555555555555556,checklist,False,0.0,0.11111111111111112,0.0
NeuroDevSim,fairness,0.5555555555555556,publication_open_access,,,0.0,0.0
NeuroDevSim,maintainability,0.41593444444444444,nloc_per_file,1362.84,0.0,0.3,0.0
NeuroDevSim,maintainability,0.41593444444444444,avg_ccn,4.95,0.5611111111111111,0.4,0.22444444444444445
NeuroDevSim,maintainability,0.41593444444444444,duplicate_rate,36.17,0.6383,0.3,0.19149
NeuroDevSim,sustainability,0.4304222093695778,avg_issue_close_time_days,,,0.0,0.0
NeuroDevSim,sustainability,0.4304222093695778,num_open_issues,0,1.0,0.4285714285714286,0.4285714285714286
NeuroDevSim,sustainability,0.4304222093695778,days_since_last_commit,1436,0.0,0.28571428571428575,0.0
NeuroDevSim,sustainability,0.4304222093695778,inverse_simpson_index,1.2461538461538462,0.012955465587044536,0.14285714285714288,0.0018507807981492197
NeuroDevSim,sustainability,0.4304222093695778,has_releases,False,0.0,0.14285714285714288,0.0
NeuroDevSim,security,0.5,default_branch_protected,True,1.0,0.5,0.5
NeuroDevSim,security,0.5,has_security_policy,False,0.0,0.4852941176470588,0.0
NeuroDevSim,security,0.5,gitignore_present,False,0.0,0.014705882352941176,0.0
NeuroDevSim,security,0.5,security_updates,,,0.0,0.0
NeuroDevSim,security,0.5,secret_scanning,,,0.0,0.0
NeuroDevSim,scientific_impact,0.05,fwci,,,0.0,0.0
NeuroDevSim,scientific_impact,0.05,citation_count,,,0.0,0.0
NeuroDevSim,scientific_impact,0.05,star_count,7,0.07,0.6,0.042
NeuroDevSim,scientific_impact,0.05,fork_count,2,0.02,0.4,0.008
NeuroDevSim,scientific_impact,0.05,altmetric_score,,,0.0,0.0
BIGwas,compatibility,0.5,input_formats,,,0.0,0.0
BIGwas,compatibility,0.5,output_formats,,,0.0,0.0
BIGwas,compatibility,0.5,has_workflow_support,True,1.0,0.5,0.5
BIGwas,compatibility,0.5,has_distribution_support,False,0.0,0.5,0.0
BIGwas,fairness,0.5555555555555556,license,True,1.0,0.22222222222222224,0.22222222222222224
BIGwas,fairness,0.5555555555555556,repository,True,1.0,0.3333333333333333,0.3333333333333333
BIGwas,fairness,0.5555555555555556,registry,False,0.0,0.22222222222222224,0.0
BIGwas,fairness,0.5555555555555556,citation,False,0.0,0.11111111111111112,0.0
BIGwas,fairness,0.5555555555555556,checklist,False,0.0,0.11111111111111112,0.0
BIGwas,fairness,0.5555555555555556,publication_open_access,,,0.0,0.0
BIGwas,maintainability,0.6287948888888889,nloc_per_file,117.08,0.88292,0.3,0.264876
BIGwas,maintainability,0.6287948888888889,avg_ccn,5.93,0.4522222222222223,0.4,0.18088888888888893
BIGwas,maintainability,0.6287948888888889,duplicate_rate,38.99,0.6101,0.3,0.18303
BIGwas,sustainability,0.30075452986015655,avg_issue_close_time_days,193.6667361111111,0.0,0.3,0.0
BIGwas,sustainability,0.30075452986015655,num_open_issues,2,0.99,0.3,0.297
BIGwas,sustainability,0.30075452986015655,days_since_last_commit,1386,0.0,0.2,0.0
BIGwas,sustainability,0.30075452986015655,inverse_simpson_index,1.713360673429743,0.03754529860156543,0.1,0.0037545298601565427
BIGwas,sustainability,0.30075452986015655,has_releases,False,0.0,0.1,0.0
BIGwas,security,0.5147058823529411,default_branch_protected,True,1.0,0.5,0.5
BIGwas,security,0.5147058823529411,has_security_policy,False,0.0,0.4852941176470588,0.0
BIGwas,security,0.5147058823529411,gitignore_present,True,1.0,0.014705882352941176,0.014705882352941176
BIGwas,security,0.5147058823529411,security_updates,,,0.0,0.0
BIGwas,security,0.5147058823529411,secret_scanning,,,0.0,0.0
BIGwas,scientific_impact,0.06,fwci,,,0.0,0.0
BIGwas,scientific_impact,0.06,citation_count,,,0.0,0.0
BIGwas,scientific_impact,0.06,star_count,8,0.08,0.6,0.048
BIGwas,scientific_impact,0.06,fork_count,3,0.03,0.4,0.012
BIGwas,scientific_impact,0.06,altmetric_score,,,0.0,0.0
SoIR,compatibility,0.0,input_formats,,,0.0,0.0
SoIR,compatibility,0.0,output_formats,,,0.0,0.0
SoIR,compatibility,0.0,has_workflow_support,False,0.0,0.5,0.0
SoIR,compatibility,0.0,has_distribution_support,False,0.0,0.5,0.0
SoIR,fairness,,license,,,0.0,0.0
SoIR,fairness,,repository,,,0.0,0.0
SoIR,fairness,,registry,,,0.0,0.0
SoIR,fairness,,citation,,,0.0,0.0
SoIR,fairness,,checklist,,,0.0,0.0
SoIR,fairness,,publication_open_access,,,0.0,0.0
SoIR,maintainability,0.28623,nloc_per_file,8634.0,0.0,0.3,0.0
SoIR,maintainability,0.28623,avg_ccn,29.9,0.0,0.4,0.0
SoIR,maintainability,0.28623,duplicate_rate,4.59,0.9541,0.3,0.28623
SoIR,sustainability,0.4285714285714286,avg_issue_close_time_days,,,0.0,0.0
SoIR,sustainability,0.4285714285714286,num_open_issues,0,1.0,0.4285714285714286,0.4285714285714286
SoIR,sustainability,0.4285714285714286,days_since_last_commit,707,0.0,0.28571428571428575,0.0
SoIR,sustainability,0.4285714285714286,inverse_simpson_index,1.0,0.0,0.14285714285714288,0.0
SoIR,sustainability,0.4285714285714286,has_releases,False,0.0,0.14285714285714288,0.0
SoIR,security,0.0,default_branch_protected,False,0.0,0.5,0.0
SoIR,security,0.0,has_security_policy,False,0.0,0.4852941176470588,0.0
SoIR,security,0.0,gitignore_present,False,0.0,0.014705882352941176,0.0
SoIR,security,0.0,security_updates,,,0.0,0.0
SoIR,security,0.0,secret_scanning,,,0.0,0.0
SoIR,scientific_impact,0.0,fwci,,,0.0,0.0
SoIR,scientific_impact,0.0,citation_count,,,0.0,0.0
SoIR,scientific_impact,0.0,star_count,0,0.0,0.6,0.0
SoIR,scientific_impact,0.0,fork_count,0,0.0,0.4,0.0
SoIR,scientific_impact,0.0,altmetric_score,,,0.0,0.0
ARGprofiler,compatibility,0.5,input_formats,,,0.0,0.0
ARGprofiler,compatibility,0.5,output_formats,,,0.0,0.0
ARGprofiler,compatibility,0.5,has_workflow_support,True,1.0,0.5,0.5
ARGprofiler,compatibility,0.5,has_distribution_support,False,0.0,0.5,0.0
ARGprofiler,fairness,0.6666666666666666,license,True,1.0,0.22222222222222224,0.22222222222222224
ARGprofiler,fairness,0.6666666666666666,repository,True,1.0,0.3333333333333333,0.3333333333333333
ARGprofiler,fairness,0.6666666666666666,registry,False,0.0,0.22222222222222224,0.0
ARGprofiler,fairness,0.6666666666666666,citation,True,1.0,0.11111111111111112,0.11111111111111112
ARGprofiler,fairness,0.6666666666666666,checklist,False,0.0,0.11111111111111112,0.0
ARGprofiler,fairness,0.6666666666666666,publication_open_access,,,0.0,0.0
ARGprofiler,maintainability,0.8476999999999999,nloc_per_file,81.0,0.919,0.3,0.2757
ARGprofiler,maintainability,0.8476999999999999,avg_ccn,3.88,0.6799999999999999,0.4,0.27199999999999996
ARGprofiler,maintainability,0.8476999999999999,duplicate_rate,0.0,1.0,0.3,0.3
ARGprofiler,sustainability,0.3912859534856375,avg_issue_close_time_days,60.95745866402116,0.32269490373309817,0.3,0.09680847111992945
ARGprofiler,sustainability,0.3912859534856375,num_open_issues,4,0.98,0.3,0.294
ARGprofiler,sustainability,0.3912859534856375,days_since_last_commit,319,0.0,0.2,0.0
ARGprofiler,sustainability,0.3912859534856375,inverse_simpson_index,1.090721649484536,0.004774823657080841,0.1,0.00047748236570808414
ARGprofiler,sustainability,0.3912859534856375,has_releases,False,0.0,0.1,0.0
ARGprofiler,security,0.5147058823529411,default_branch_protected,True,1.0,0.5,0.5
ARGprofiler,security,0.5147058823529411,has_security_policy,False,0.0,0.4852941176470588,0.0
ARGprofiler,security,0.5147058823529411,gitignore_present,True,1.0,0.014705882352941176,0.014705882352941176
ARGprofiler,security,0.5147058823529411,security_updates,,,0.0,0.0
ARGprofiler,security,0.5147058823529411,secret_scanning,,,0.0,0.0
ARGprofiler,scientific_impact,0.228,fwci,,,0.0,0.0
ARGprofiler,scientific_impact,0.228,citation_count,,,0.0,0.0
ARGprofiler,scientific_impact,0.228,star_count,32,0.32,0.6,0.192
ARGprofiler,scientific_impact,0.228,fork_count,9,0.09,0.4,0.036
ARGprofiler,scientific_impact,0.228,altmetric_score,,,0.0,0.0
OmicsVolcano,compatibility,0.0,input_formats,,,0.0,0.0
OmicsVolcano,compatibility,0.0,output_formats,,,0.0,0.0
OmicsVolcano,compatibility,0.0,has_workflow_support,False,0.0,0.5,0.0
OmicsVolcano,compatibility,0.0,has_distribution_support,False,0.0,0.5,0.0
OmicsVolcano,fairness,,license,,,0.0,0.0
OmicsVolcano,fairness,,repository,,,0.0,0.0
OmicsVolcano,fairness,,registry,,,0.0,0.0
OmicsVolcano,fairness,,citation,,,0.0,0.0
OmicsVolcano,fairness,,checklist,,,0.0,0.0
OmicsVolcano,fairness,,publication_open_access,,,0.0,0.0
OmicsVolcano,maintainability,0.7227416666666667,nloc_per_file,296.25,0.70375,0.3,0.21112499999999998
OmicsVolcano,maintainability,0.7227416666666667,avg_ccn,4.0,0.6666666666666667,0.4,0.2666666666666667
OmicsVolcano,maintainability,0.7227416666666667,duplicate_rate,18.35,0.8165,0.3,0.24495
OmicsVolcano,sustainability,0.42214285714285715,avg_issue_close_time_days,,,0.0,0.0
OmicsVolcano,sustainability,0.42214285714285715,num_open_issues,3,0.985,0.4285714285714286,0.42214285714285715
OmicsVolcano,sustainability,0.42214285714285715,days_since_last_commit,850,0.0,0.28571428571428575,0.0
OmicsVolcano,sustainability,0.42214285714285715,inverse_simpson_index,1.0,0.0,0.14285714285714288,0.0
OmicsVolcano,sustainability,0.42214285714285715,has_releases,False,0.0,0.14285714285714288,0.0
OmicsVolcano,security,0.0,default_branch_protected,False,0.0,0.5,0.0
OmicsVolcano,security,0.0,has_security_policy,False,0.0,0.4852941176470588,0.0
OmicsVolcano,security,0.0,gitignore_present,False,0.0,0.014705882352941176,0.0
OmicsVolcano,security,0.0,security_updates,,,0.0,0.0
OmicsVolcano,security,0.0,secret_scanning,,,0.0,0.0
OmicsVolcano,scientific_impact,0.078,fwci,,,0.0,0.0
OmicsVolcano,scientific_impact,0.078,citation_count,,,0.0,0.0
OmicsVolcano,scientific_impact,0.078,star_count,11,0.11,0.6,0.066
OmicsVolcano,scientific_impact,0.078,fork_count,3,0.03,0.4,0.012
OmicsVolcano,scientific_impact,0.078,altmetric_score,,,0.0,0.0
BMAT,compatibility,0.5,input_formats,,,0.0,0.0
BMAT,compatibility,0.5,output_formats,,,0.0,0.0
BMAT,compatibility,0.5,has_workflow_support,False,0.0,0.5,0.0
BMAT,compatibility,0.5,has_distribution_support,True,1.0,0.5,0.5
BMAT,fairness,0.6666666666666666,license,True,1.0,0.22222222222222224,0.22222222222222224
BMAT,fairness,0.6666666666666666,repository,True,1.0,0.3333333333333333,0.3333333333333333
BMAT,fairness,0.6666666666666666,registry,False,0.0,0.22222222222222224,0.0
BMAT,fairness,0.6666666666666666,citation,True,1.0,0.11111111111111112,0.11111111111111112
BMAT,fairness,0.6666666666666666,checklist,False,0.0,0.11111111111111112,0.0
BMAT,fairness,0.6666666666666666,publication_open_access,,,0.0,0.0
BMAT,maintainability,0.5014911111111111,nloc_per_file,1064.75,0.0,0.3,0.0
BMAT,maintainability,0.5014911111111111,avg_ccn,3.81,0.6877777777777778,0.4,0.27511111111111114
BMAT,maintainability,0.5014911111111111,duplicate_rate,24.54,0.7546,0.3,0.22638
BMAT,sustainability,0.2985,avg_issue_close_time_days,444.5797260802469,0.0,0.3,0.0
BMAT,sustainability,0.2985,num_open_issues,1,0.995,0.3,0.2985
BMAT,sustainability,0.2985,days_since_last_commit,454,0.0,0.2,0.0
BMAT,sustainability,0.2985,inverse_simpson_index,1.0,0.0,0.1,0.0
BMAT,sustainability,0.2985,has_releases,False,0.0,0.1,0.0
BMAT,security,0.014705882352941176,default_branch_protected,False,0.0,0.5,0.0
BMAT,security,0.014705882352941176,has_security_policy,False,0.0,0.4852941176470588,0.0
BMAT,security,0.014705882352941176,gitignore_present,True,1.0,0.014705882352941176,0.014705882352941176
BMAT,security,0.014705882352941176,security_updates,,,0.0,0.0
BMAT,security,0.014705882352941176,secret_scanning,,,0.0,0.0
BMAT,scientific_impact,0.222,fwci,,,0.0,0.0
BMAT,scientific_impact,0.222,citation_count,,,0.0,0.0
BMAT,scientific_impact,0.222,star_count,35,0.35,0.6,0.21
BMAT,scientific_impact,0.222,fork_count,3,0.03,0.4,0.012
BMAT,scientific_impact,0.222,altmetric_score,,,0.0,0.0
SpanSeq,compatibility,1.0,input_formats,,,0.0,0.0
SpanSeq,compatibility,1.0,output_formats,,,0.0,0.0
SpanSeq,compatibility,1.0,has_workflow_support,True,1.0,0.5,0.5
SpanSeq,compatibility,1.0,has_distribution_support,True,1.0,0.5,0.5
SpanSeq,fairness,0.5555555555555556,license,True,1.0,0.22222222222222224,0.22222222222222224
SpanSeq,fairness,0.5555555555555556,repository,True,1.0,0.3333333333333333,0.3333333333333333
SpanSeq,fairness,0.5555555555555556,registry,False,0.0,0.22222222222222224,0.0
SpanSeq,fairness,0.5555555555555556,citation,False,0.0,0.11111111111111112,0.0
SpanSeq,fairness,0.5555555555555556,checklist,False,0.0,0.11111111111111112,0.0
SpanSeq,fairness,0.5555555555555556,publication_open_access,,,0.0,0.0
SpanSeq,maintainability,0.8516608888888888,nloc_per_file,70.76,0.92924,0.3,0.27877199999999996
SpanSeq,maintainability,0.8516608888888888,avg_ccn,3.86,0.6822222222222223,0.4,0.2728888888888889
SpanSeq,maintainability,0.8516608888888888,duplicate_rate,0.0,1.0,0.3,0.3
SpanSeq,sustainability,0.5477831520077717,avg_issue_close_time_days,17.388344907407408,0.8067961676954732,0.3,0.24203885030864197
SpanSeq,sustainability,0.5477831520077717,num_open_issues,2,0.99,0.3,0.297
SpanSeq,sustainability,0.5477831520077717,days_since_last_commit,208,0.0,0.2,0.0
SpanSeq,sustainability,0.5477831520077717,inverse_simpson_index,2.6614173228346454,0.08744301699129713,0.1,0.008744301699129714
SpanSeq,sustainability,0.5477831520077717,has_releases,False,0.0,0.1,0.0
SpanSeq,security,0.014705882352941176,default_branch_protected,False,0.0,0.5,0.0
SpanSeq,security,0.014705882352941176,has_security_policy,False,0.0,0.4852941176470588,0.0
SpanSeq,security,0.014705882352941176,gitignore_present,True,1.0,0.014705882352941176,0.014705882352941176
SpanSeq,security,0.014705882352941176,security_updates,,,0.0,0.0
SpanSeq,security,0.014705882352941176,secret_scanning,,,0.0,0.0
SpanSeq,scientific_impact,0.07999999999999999,fwci,,,0.0,0.0
SpanSeq,scientific_impact,0.07999999999999999,citation_count,,,0.0,0.0
SpanSeq,scientific_impact,0.07999999999999999,star_count,12,0.12,0.6,0.072
SpanSeq,scientific_impact,0.07999999999999999,fork_count,2,0.02,0.4,0.008
SpanSeq,scientific_impact,0.07999999999999999,altmetric_score,,,0.0,0.0
NGSNGS,compatibility,0.0,input_formats,,,0.0,0.0
NGSNGS,compatibility,0.0,output_formats,,,0.0,0.0
NGSNGS,compatibility,0.0,has_workflow_support,False,0.0,0.5,0.0
NGSNGS,compatibility,0.0,has_distribution_support,False,0.0,0.5,0.0
NGSNGS,fairness,0.3333333333333333,license,False,0.0,0.22222222222222224,0.0
NGSNGS,fairness,0.3333333333333333,repository,True,1.0,0.3333333333333333,0.3333333333333333
NGSNGS,fairness,0.3333333333333333,registry,False,0.0,0.22222222222222224,0.0
NGSNGS,fairness,0.3333333333333333,citation,False,0.0,0.11111111111111112,0.0
NGSNGS,fairness,0.3333333333333333,checklist,False,0.0,0.11111111111111112,0.0
NGSNGS,fairness,0.3333333333333333,publication_open_access,,,0.0,0.0
NGSNGS,maintainability,0.49895100000000003,nloc_per_file,164.13,0.83587,0.3,0.250761
NGSNGS,maintainability,0.49895100000000003,avg_ccn,14.87,0.0,0.4,0.0
NGSNGS,maintainability,0.49895100000000003,duplicate_rate,17.27,0.8273,0.3,0.24819
NGSNGS,sustainability,0.28466318826316345,avg_issue_close_time_days,98.06009645061728,0.0,0.3,0.0
NGSNGS,sustainability,0.28466318826316345,num_open_issues,12,0.94,0.3,0.282
NGSNGS,sustainability,0.28466318826316345,days_since_last_commit,666,0.0,0.2,0.0
NGSNGS,sustainability,0.28466318826316345,inverse_simpson_index,1.5060057700010645,0.026631882631634973,0.1,0.0026631882631634974
NGSNGS,sustainability,0.28466318826316345,has_releases,False,0.0,0.1,0.0
NGSNGS,security,0.014705882352941176,default_branch_protected,False,0.0,0.5,0.0
NGSNGS,security,0.014705882352941176,has_security_policy,False,0.0,0.4852941176470588,0.0
NGSNGS,security,0.014705882352941176,gitignore_present,True,1.0,0.014705882352941176,0.014705882352941176
NGSNGS,security,0.014705882352941176,security_updates,,,0.0,0.0
NGSNGS,security,0.014705882352941176,secret_scanning,,,0.0,0.0
NGSNGS,scientific_impact,0.376,fwci,,,0.0,0.0
NGSNGS,scientific_impact,0.376,citation_count,,,0.0,0.0
NGSNGS,scientific_impact,0.376,star_count,58,0.58,0.6,0.348
NGSNGS,scientific_impact,0.376,fork_count,7,0.07,0.4,0.028000000000000004
NGSNGS,scientific_impact,0.376,altmetric_score,,,0.0,0.0
pycofitness,compatibility,0.5,input_formats,,,0.0,0.0
pycofitness,compatibility,0.5,output_formats,,,0.0,0.0
pycofitness,compatibility,0.5,has_workflow_support,False,0.0,0.5,0.0
pycofitness,compatibility,0.5,has_distribution_support,True,1.0,0.5,0.5
pycofitness,fairness,,license,,,0.0,0.0
pycofitness,fairness,,repository,,,0.0,0.0
pycofitness,fairness,,registry,,,0.0,0.0
pycofitness,fairness,,citation,,,0.0,0.0
pycofitness,fairness,,checklist,,,0.0,0.0
pycofitness,fairness,,publication_open_access,,,0.0,0.0
pycofitness,maintainability,0.8037705555555557,nloc_per_file,86.95,0.91305,0.3,0.273915
pycofitness,maintainability,0.8037705555555557,avg_ccn,4.43,0.6188888888888889,0.4,0.24755555555555558
pycofitness,maintainability,0.8037705555555557,duplicate_rate,5.9,0.941,0.3,0.2823
pycofitness,sustainability,0.42214285714285715,avg_issue_close_time_days,,,0.0,0.0
pycofitness,sustainability,0.42214285714285715,num_open_issues,3,0.985,0.4285714285714286,0.42214285714285715
pycofitness,sustainability,0.42214285714285715,days_since_last_commit,621,0.0,0.28571428571428575,0.0
pycofitness,sustainability,0.42214285714285715,inverse_simpson_index,1.0,0.0,0.14285714285714288,0.0
pycofitness,sustainability,0.42214285714285715,has_releases,False,0.0,0.14285714285714288,0.0
pycofitness,security,0.0,default_branch_protected,False,0.0,0.5,0.0
pycofitness,security,0.0,has_security_policy,False,0.0,0.4852941176470588,0.0
pycofitness,security,0.0,gitignore_present,False,0.0,0.014705882352941176,0.0
pycofitness,security,0.0,security_updates,,,0.0,0.0
pycofitness,security,0.0,secret_scanning,,,0.0,0.0
pycofitness,scientific_impact,0.032,fwci,,,0.0,0.0
pycofitness,scientific_impact,0.032,citation_count,,,0.0,0.0
pycofitness,scientific_impact,0.032,star_count,4,0.04,0.6,0.024
pycofitness,scientific_impact,0.032,fork_count,2,0.02,0.4,0.008
pycofitness,scientific_impact,0.032,altmetric_score,,,0.0,0.0
Demes,compatibility,0.5,input_formats,,,0.0,0.0
Demes,compatibility,0.5,output_formats,,,0.0,0.0
Demes,compatibility,0.5,has_workflow_support,False,0.0,0.5,0.0
Demes,compatibility,0.5,has_distribution_support,True,1.0,0.5,0.5
Demes,fairness,,license,,,0.0,0.0
Demes,fairness,,repository,,,0.0,0.0
Demes,fairness,,registry,,,0.0,0.0
Demes,fairness,,citation,,,0.0,0.0
Demes,fairness,,checklist,,,0.0,0.0
Demes,fairness,,publication_open_access,,,0.0,0.0
Demes,maintainability,0.690961,nloc_per_file,612.13,0.38787000000000005,0.3,0.116361
Demes,maintainability,0.690961,avg_ccn,2.89,0.79,0.4,0.31600000000000006
Demes,maintainability,0.690961,duplicate_rate,13.8,0.862,0.3,0.2586
Demes,sustainability,0.5400551786346304,avg_issue_close_time_days,49.83128472222222,0.4463190586419753,0.3,0.13389571759259258
Demes,sustainability,0.5400551786346304,num_open_issues,32,0.84,0.3,0.252
Demes,sustainability,0.5400551786346304,days_since_last_commit,51,0.7166666666666667,0.2,0.14333333333333334
Demes,sustainability,0.5400551786346304,inverse_simpson_index,3.05696426465385,0.10826127708704475,0.1,0.010826127708704475
Demes,sustainability,0.5400551786346304,has_releases,False,0.0,0.1,0.0
Demes,security,0.014705882352941176,default_branch_protected,False,0.0,0.5,0.0
Demes,security,0.014705882352941176,has_security_policy,False,0.0,0.4852941176470588,0.0
Demes,security,0.014705882352941176,gitignore_present,True,1.0,0.014705882352941176,0.014705882352941176
Demes,security,0.014705882352941176,security_updates,,,0.0,0.0
Demes,security,0.014705882352941176,secret_scanning,,,0.0,0.0
Demes,scientific_impact,0.136,fwci,,,0.0,0.0
Demes,scientific_impact,0.136,citation_count,,,0.0,0.0
Demes,scientific_impact,0.136,star_count,18,0.18,0.6,0.108
Demes,scientific_impact,0.136,fork_count,7,0.07,0.4,0.028000000000000004
Demes,scientific_impact,0.136,altmetric_score,,,0.0,0.0
ThoughtSource,compatibility,0.5,input_formats,,,0.0,0.0
ThoughtSource,compatibility,0.5,output_formats,,,0.0,0.0
ThoughtSource,compatibility,0.5,has_workflow_support,False,0.0,0.5,0.0
ThoughtSource,compatibility,0.5,has_distribution_support,True,1.0,0.5,0.5
ThoughtSource,fairness,,license,,,0.0,0.0
ThoughtSource,fairness,,repository,,,0.0,0.0
ThoughtSource,fairness,,registry,,,0.0,0.0
ThoughtSource,fairness,,citation,,,0.0,0.0
ThoughtSource,fairness,,checklist,,,0.0,0.0
ThoughtSource,fairness,,publication_open_access,,,0.0,0.0
ThoughtSource,maintainability,0.784156111111111,nloc_per_file,83.25,0.91675,0.3,0.27502499999999996
ThoughtSource,maintainability,0.784156111111111,avg_ccn,3.9,0.6777777777777778,0.4,0.27111111111111114
ThoughtSource,maintainability,0.784156111111111,duplicate_rate,20.66,0.7934,0.3,0.23801999999999998
ThoughtSource,sustainability,0.368340148196527,avg_issue_close_time_days,66.79467274305556,0.25783696952160495,0.3,0.07735109085648148
ThoughtSource,sustainability,0.368340148196527,num_open_issues,15,0.925,0.3,0.2775
ThoughtSource,sustainability,0.368340148196527,days_since_last_commit,647,0.0,0.2,0.0
ThoughtSource,sustainability,0.368340148196527,inverse_simpson_index,3.562920894608641,0.1348905734004548,0.1,0.01348905734004548
ThoughtSource,sustainability,0.368340148196527,has_releases,False,0.0,0.1,0.0
ThoughtSource,security,0.5147058823529411,default_branch_protected,True,1.0,0.5,0.5
ThoughtSource,security,0.5147058823529411,has_security_policy,False,0.0,0.4852941176470588,0.0
ThoughtSource,security,0.5147058823529411,gitignore_present,True,1.0,0.014705882352941176,0.014705882352941176
ThoughtSource,security,0.5147058823529411,security_updates,,,0.0,0.0
ThoughtSource,security,0.5147058823529411,secret_scanning,,,0.0,0.0
ThoughtSource,scientific_impact,0.924,fwci,,,0.0,0.0
ThoughtSource,scientific_impact,0.924,citation_count,,,0.0,0.0
ThoughtSource,scientific_impact,0.924,star_count,1015,1.0,0.6,0.6
ThoughtSource,scientific_impact,0.924,fork_count,81,0.81,0.4,0.32400000000000007
ThoughtSource,scientific_impact,0.924,altmetric_score,,,0.0,0.0
GRASP,compatibility,0.5,input_formats,,,0.0,0.0
GRASP,compatibility,0.5,output_formats,,,0.0,0.0
GRASP,compatibility,0.5,has_workflow_support,False,0.0,0.5,0.0
GRASP,compatibility,0.5,has_distribution_support,True,1.0,0.5,0.5
GRASP,fairness,0.5555555555555556,license,True,1.0,0.22222222222222224,0.22222222222222224
GRASP,fairness,0.5555555555555556,repository,True,1.0,0.3333333333333333,0.3333333333333333
GRASP,fairness,0.5555555555555556,registry,False,0.0,0.22222222222222224,0.0
GRASP,fairness,0.5555555555555556,citation,False,0.0,0.11111111111111112,0.0
GRASP,fairness,0.5555555555555556,checklist,False,0.0,0.11111111111111112,0.0
GRASP,fairness,0.5555555555555556,publication_open_access,,,0.0,0.0
GRASP,maintainability,0.837301,nloc_per_file,12.03,0.98797,0.3,0.296391
GRASP,maintainability,0.837301,avg_ccn,1.54,0.94,0.4,0.376
GRASP,maintainability,0.837301,duplicate_rate,45.03,0.5497,0.3,0.16490999999999997
GRASP,sustainability,0.27735829436305226,avg_issue_close_time_days,136.28281893004115,0.0,0.3,0.0
GRASP,sustainability,0.27735829436305226,num_open_issues,17,0.915,0.3,0.2745
GRASP,sustainability,0.27735829436305226,days_since_last_commit,471,0.0,0.2,0.0
GRASP,sustainability,0.27735829436305226,inverse_simpson_index,1.5430759289799303,0.028582943630522648,0.1,0.002858294363052265
GRASP,sustainability,0.27735829436305226,has_releases,False,0.0,0.1,0.0
GRASP,security,0.5147058823529411,default_branch_protected,True,1.0,0.5,0.5
GRASP,security,0.5147058823529411,has_security_policy,False,0.0,0.4852941176470588,0.0
GRASP,security,0.5147058823529411,gitignore_present,True,1.0,0.014705882352941176,0.014705882352941176
GRASP,security,0.5147058823529411,security_updates,,,0.0,0.0
GRASP,security,0.5147058823529411,secret_scanning,,,0.0,0.0
GRASP,scientific_impact,0.032,fwci,,,0.0,0.0
GRASP,scientific_impact,0.032,citation_count,,,0.0,0.0
GRASP,scientific_impact,0.032,star_count,4,0.04,0.6,0.024
GRASP,scientific_impact,0.032,fork_count,2,0.02,0.4,0.008
GRASP,scientific_impact,0.032,altmetric_score,,,0.0,0.0
MODER2,compatibility,0.0,input_formats,,,0.0,0.0
MODER2,compatibility,0.0,output_formats,,,0.0,0.0
MODER2,compatibility,0.0,has_workflow_support,False,0.0,0.5,0.0
MODER2,compatibility,0.0,has_distribution_support,False,0.0,0.5,0.0
MODER2,fairness,,license,,,0.0,0.0
MODER2,fairness,,repository,,,0.0,0.0
MODER2,fairness,,registry,,,0.0,0.0
MODER2,fairness,,citation,,,0.0,0.0
MODER2,fairness,,checklist,,,0.0,0.0
MODER2,fairness,,publication_open_access,,,0.0,0.0
MODER2,maintainability,0.7552621111111111,nloc_per_file,239.83,0.76017,0.3,0.228051
MODER2,maintainability,0.7552621111111111,avg_ccn,4.26,0.6377777777777778,0.4,0.2551111111111111
MODER2,maintainability,0.7552621111111111,duplicate_rate,9.3,0.907,0.3,0.2721
MODER2,sustainability,0.4302584610429695,avg_issue_close_time_days,,,0.0,0.0
MODER2,sustainability,0.4302584610429695,num_open_issues,0,1.0,0.4285714285714286,0.4285714285714286
MODER2,sustainability,0.4302584610429695,days_since_last_commit,2369,0.0,0.28571428571428575,0.0
MODER2,sustainability,0.4302584610429695,inverse_simpson_index,1.2243753187149413,0.011809227300786386,0.14285714285714288,0.0016870324715409124
MODER2,sustainability,0.4302584610429695,has_releases,False,0.0,0.14285714285714288,0.0
MODER2,security,0.014705882352941176,default_branch_protected,False,0.0,0.5,0.0
MODER2,security,0.014705882352941176,has_security_policy,False,0.0,0.4852941176470588,0.0
MODER2,security,0.014705882352941176,gitignore_present,True,1.0,0.014705882352941176,0.014705882352941176
MODER2,security,0.014705882352941176,security_updates,,,0.0,0.0
MODER2,security,0.014705882352941176,secret_scanning,,,0.0,0.0
MODER2,scientific_impact,0.024,fwci,,,0.0,0.0
MODER2,scientific_impact,0.024,citation_count,,,0.0,0.0
MODER2,scientific_impact,0.024,star_count,4,0.04,0.6,0.024
MODER2,scientific_impact,0.024,fork_count,0,0.0,0.4,0.0
MODER2,scientific_impact,0.024,altmetric_score,,,0.0,0.0
CNNGWP,compatibility,0.0,input_formats,,,0.0,0.0
CNNGWP,compatibility,0.0,output_formats,,,0.0,0.0
CNNGWP,compatibility,0.0,has_workflow_support,False,0.0,0.5,0.0
CNNGWP,compatibility,0.0,has_distribution_support,False,0.0,0.5,0.0
CNNGWP,fairness,,license,,,0.0,0.0
CNNGWP,fairness,,repository,,,0.0,0.0
CNNGWP,fairness,,registry,,,0.0,0.0
CNNGWP,fairness,,citation,,,0.0,0.0
CNNGWP,fairness,,checklist,,,0.0,0.0
CNNGWP,fairness,,publication_open_access,,,0.0,0.0
CNNGWP,maintainability,0.9783999999999999,nloc_per_file,72.0,0.928,0.3,0.2784
CNNGWP,maintainability,0.9783999999999999,avg_ccn,1.0,1.0,0.4,0.4
CNNGWP,maintainability,0.9783999999999999,duplicate_rate,0.0,1.0,0.3,0.3
CNNGWP,sustainability,0.5831997299382716,avg_issue_close_time_days,5.040081018518518,0.9439990997942387,0.3,0.2831997299382716
CNNGWP,sustainability,0.5831997299382716,num_open_issues,0,1.0,0.3,0.3
CNNGWP,sustainability,0.5831997299382716,days_since_last_commit,2277,0.0,0.2,0.0
CNNGWP,sustainability,0.5831997299382716,inverse_simpson_index,1.0,0.0,0.1,0.0
CNNGWP,sustainability,0.5831997299382716,has_releases,False,0.0,0.1,0.0
CNNGWP,security,0.0,default_branch_protected,False,0.0,0.5,0.0
CNNGWP,security,0.0,has_security_policy,False,0.0,0.4852941176470588,0.0
CNNGWP,security,0.0,gitignore_present,False,0.0,0.014705882352941176,0.0
CNNGWP,security,0.0,security_updates,,,0.0,0.0
CNNGWP,security,0.0,secret_scanning,,,0.0,0.0
CNNGWP,scientific_impact,0.012,fwci,,,0.0,0.0
CNNGWP,scientific_impact,0.012,citation_count,,,0.0,0.0
CNNGWP,scientific_impact,0.012,star_count,2,0.02,0.6,0.012
CNNGWP,scientific_impact,0.012,fork_count,0,0.0,0.4,0.0
CNNGWP,scientific_impact,0.012,altmetric_score,,,0.0,0.0
HAYSTAC,compatibility,1.0,input_formats,,,0.0,0.0
HAYSTAC,compatibility,1.0,output_formats,,,0.0,0.0
HAYSTAC,compatibility,1.0,has_workflow_support,True,1.0,0.5,0.5
HAYSTAC,compatibility,1.0,has_distribution_support,True,1.0,0.5,0.5
HAYSTAC,fairness,0.5555555555555556,license,True,1.0,0.22222222222222224,0.22222222222222224
HAYSTAC,fairness,0.5555555555555556,repository,True,1.0,0.3333333333333333,0.3333333333333333
HAYSTAC,fairness,0.5555555555555556,registry,False,0.0,0.22222222222222224,0.0
HAYSTAC,fairness,0.5555555555555556,citation,False,0.0,0.11111111111111112,0.0
HAYSTAC,fairness,0.5555555555555556,checklist,False,0.0,0.11111111111111112,0.0
HAYSTAC,fairness,0.5555555555555556,publication_open_access,,,0.0,0.0
HAYSTAC,maintainability,0.7408897777777778,nloc_per_file,82.96,0.91704,0.3,0.27511199999999997
HAYSTAC,maintainability,0.7408897777777778,avg_ccn,6.27,0.4144444444444445,0.4,0.1657777777777778
HAYSTAC,maintainability,0.7408897777777778,duplicate_rate,0.0,1.0,0.3,0.3
HAYSTAC,sustainability,0.3593220002823065,avg_issue_close_time_days,72.2799287037037,0.19688968106995886,0.3,0.059066904320987657
HAYSTAC,sustainability,0.3593220002823065,num_open_issues,3,0.985,0.3,0.2955
HAYSTAC,sustainability,0.3593220002823065,days_since_last_commit,699,0.0,0.2,0.0
HAYSTAC,sustainability,0.3593220002823065,inverse_simpson_index,1.9034682326505759,0.047550959613188205,0.1,0.0047550959613188205
HAYSTAC,sustainability,0.3593220002823065,has_releases,False,0.0,0.1,0.0
HAYSTAC,security,0.014705882352941176,default_branch_protected,False,0.0,0.5,0.0
HAYSTAC,security,0.014705882352941176,has_security_policy,False,0.0,0.4852941176470588,0.0
HAYSTAC,security,0.014705882352941176,gitignore_present,True,1.0,0.014705882352941176,0.014705882352941176
HAYSTAC,security,0.014705882352941176,security_updates,,,0.0,0.0
HAYSTAC,security,0.014705882352941176,secret_scanning,,,0.0,0.0
HAYSTAC,scientific_impact,0.124,fwci,,,0.0,0.0
HAYSTAC,scientific_impact,0.124,citation_count,,,0.0,0.0
HAYSTAC,scientific_impact,0.124,star_count,18,0.18,0.6,0.108
HAYSTAC,scientific_impact,0.124,fork_count,4,0.04,0.4,0.016
HAYSTAC,scientific_impact,0.124,altmetric_score,,,0.0,0.0
mOTUlizer,compatibility,0.5,input_formats,,,0.0,0.0
mOTUlizer,compatibility,0.5,output_formats,,,0.0,0.0
mOTUlizer,compatibility,0.5,has_workflow_support,False,0.0,0.5,0.0
mOTUlizer,compatibility,0.5,has_distribution_support,True,1.0,0.5,0.5
mOTUlizer,fairness,0.5555555555555556,license,True,1.0,0.22222222222222224,0.22222222222222224
mOTUlizer,fairness,0.5555555555555556,repository,True,1.0,0.3333333333333333,0.3333333333333333
mOTUlizer,fairness,0.5555555555555556,registry,False,0.0,0.22222222222222224,0.0
mOTUlizer,fairness,0.5555555555555556,citation,False,0.0,0.11111111111111112,0.0
mOTUlizer,fairness,0.5555555555555556,checklist,False,0.0,0.11111111111111112,0.0
mOTUlizer,fairness,0.5555555555555556,publication_open_access,,,0.0,0.0
mOTUlizer,maintainability,0.53844,nloc_per_file,103.0,0.897,0.3,0.2691
mOTUlizer,maintainability,0.53844,avg_ccn,11.27,0.0,0.4,0.0
mOTUlizer,maintainability,0.53844,duplicate_rate,10.22,0.8977999999999999,0.3,0.26933999999999997
mOTUlizer,sustainability,0.4192525431225122,avg_issue_close_time_days,,,0.0,0.0
mOTUlizer,sustainability,0.4192525431225122,num_open_issues,6,0.97,0.4285714285714286,0.41571428571428576
mOTUlizer,sustainability,0.4192525431225122,days_since_last_commit,730,0.0,0.28571428571428575,0.0
mOTUlizer,sustainability,0.4192525431225122,inverse_simpson_index,1.4705882352941173,0.02476780185758512,0.14285714285714288,0.003538257408226446
mOTUlizer,sustainability,0.4192525431225122,has_releases,False,0.0,0.14285714285714288,0.0
mOTUlizer,security,0.014705882352941176,default_branch_protected,False,0.0,0.5,0.0
mOTUlizer,security,0.014705882352941176,has_security_policy,False,0.0,0.4852941176470588,0.0
mOTUlizer,security,0.014705882352941176,gitignore_present,True,1.0,0.014705882352941176,0.014705882352941176
mOTUlizer,security,0.014705882352941176,security_updates,,,0.0,0.0
mOTUlizer,security,0.014705882352941176,secret_scanning,,,0.0,0.0
mOTUlizer,scientific_impact,0.106,fwci,,,0.0,0.0
mOTUlizer,scientific_impact,0.106,citation_count,,,0.0,0.0
mOTUlizer,scientific_impact,0.106,star_count,15,0.15,0.6,0.09
mOTUlizer,scientific_impact,0.106,fork_count,4,0.04,0.4,0.016
mOTUlizer,scientific_impact,0.106,altmetric_score,,,0.0,0.0
BFEX,compatibility,0.5,input_formats,,,0.0,0.0
BFEX,compatibility,0.5,output_formats,,,0.0,0.0
BFEX,compatibility,0.5,has_workflow_support,False,0.0,0.5,0.0
BFEX,compatibility,0.5,has_distribution_support,True,1.0,0.5,0.5
BFEX,fairness,,license,,,0.0,0.0
BFEX,fairness,,repository,,,0.0,0.0
BFEX,fairness,,registry,,,0.0,0.0
BFEX,fairness,,citation,,,0.0,0.0
BFEX,fairness,,checklist,,,0.0,0.0
BFEX,fairness,,publication_open_access,,,0.0,0.0
BFEX,maintainability,0.6767612222222223,nloc_per_file,133.77,0.86623,0.3,0.259869
BFEX,maintainability,0.6767612222222223,avg_ccn,6.89,0.3455555555555556,0.4,0.13822222222222225
BFEX,maintainability,0.6767612222222223,duplicate_rate,7.11,0.9289000000000001,0.3,0.27867000000000003
BFEX,sustainability,0.4285714285714286,avg_issue_close_time_days,,,0.0,0.0
BFEX,sustainability,0.4285714285714286,num_open_issues,0,1.0,0.4285714285714286,0.4285714285714286
BFEX,sustainability,0.4285714285714286,days_since_last_commit,226,0.0,0.28571428571428575,0.0
BFEX,sustainability,0.4285714285714286,inverse_simpson_index,1.0,0.0,0.14285714285714288,0.0
BFEX,sustainability,0.4285714285714286,has_releases,False,0.0,0.14285714285714288,0.0
BFEX,security,0.5147058823529411,default_branch_protected,True,1.0,0.5,0.5
BFEX,security,0.5147058823529411,has_security_policy,False,0.0,0.4852941176470588,0.0
BFEX,security,0.5147058823529411,gitignore_present,True,1.0,0.014705882352941176,0.014705882352941176
BFEX,security,0.5147058823529411,security_updates,,,0.0,0.0
BFEX,security,0.5147058823529411,secret_scanning,,,0.0,0.0
BFEX,scientific_impact,0.044,fwci,,,0.0,0.0
BFEX,scientific_impact,0.044,citation_count,,,0.0,0.0
BFEX,scientific_impact,0.044,star_count,6,0.06,0.6,0.036
BFEX,scientific_impact,0.044,fork_count,2,0.02,0.4,0.008
BFEX,scientific_impact,0.044,altmetric_score,,,0.0,0.0
ClusterApp,compatibility,0.0,input_formats,,,0.0,0.0
ClusterApp,compatibility,0.0,output_formats,,,0.0,0.0
ClusterApp,compatibility,0.0,has_workflow_support,False,0.0,0.5,0.0
ClusterApp,compatibility,0.0,has_distribution_support,False,0.0,0.5,0.0
ClusterApp,fairness,,license,,,0.0,0.0
ClusterApp,fairness,,repository,,,0.0,0.0
ClusterApp,fairness,,registry,,,0.0,0.0
ClusterApp,fairness,,citation,,,0.0,0.0
ClusterApp,fairness,,checklist,,,0.0,0.0
ClusterApp,fairness,,publication_open_access,,,0.0,0.0
ClusterApp,maintainability,0.7687805555555556,nloc_per_file,82.75,0.91725,0.3,0.275175
ClusterApp,maintainability,0.7687805555555556,avg_ccn,5.06,0.548888888888889,0.4,0.21955555555555561
ClusterApp,maintainability,0.7687805555555556,duplicate_rate,8.65,0.9135,0.3,0.27404999999999996
ClusterApp,sustainability,0.42214285714285715,avg_issue_close_time_days,,,0.0,0.0
ClusterApp,sustainability,0.42214285714285715,num_open_issues,3,0.985,0.4285714285714286,0.42214285714285715
ClusterApp,sustainability,0.42214285714285715,days_since_last_commit,289,0.0,0.28571428571428575,0.0
ClusterApp,sustainability,0.42214285714285715,inverse_simpson_index,1.0,0.0,0.14285714285714288,0.0
ClusterApp,sustainability,0.42214285714285715,has_releases,False,0.0,0.14285714285714288,0.0
ClusterApp,security,0.014705882352941176,default_branch_protected,False,0.0,0.5,0.0
ClusterApp,security,0.014705882352941176,has_security_policy,False,0.0,0.4852941176470588,0.0
ClusterApp,security,0.014705882352941176,gitignore_present,True,1.0,0.014705882352941176,0.014705882352941176
ClusterApp,security,0.014705882352941176,security_updates,,,0.0,0.0
ClusterApp,security,0.014705882352941176,secret_scanning,,,0.0,0.0
ClusterApp,scientific_impact,0.018,fwci,,,0.0,0.0
ClusterApp,scientific_impact,0.018,citation_count,,,0.0,0.0
ClusterApp,scientific_impact,0.018,star_count,3,0.03,0.6,0.018
ClusterApp,scientific_impact,0.018,fork_count,0,0.0,0.4,0.0
ClusterApp,scientific_impact,0.018,altmetric_score,,,0.0,0.0
soibean,compatibility,0.0,input_formats,,,0.0,0.0
soibean,compatibility,0.0,output_formats,,,0.0,0.0
soibean,compatibility,0.0,has_workflow_support,False,0.0,0.5,0.0
soibean,compatibility,0.0,has_distribution_support,False,0.0,0.5,0.0
soibean,fairness,,license,,,0.0,0.0
soibean,fairness,,repository,,,0.0,0.0
soibean,fairness,,registry,,,0.0,0.0
soibean,fairness,,citation,,,0.0,0.0
soibean,fairness,,checklist,,,0.0,0.0
soibean,fairness,,publication_open_access,,,0.0,0.0
soibean,maintainability,0.7837188888888889,nloc_per_file,150.0,0.85,0.3,0.255
soibean,maintainability,0.7837188888888889,avg_ccn,3.41,0.7322222222222222,0.4,0.2928888888888889
soibean,maintainability,0.7837188888888889,duplicate_rate,21.39,0.7861,0.3,0.23582999999999998
soibean,sustainability,0.4285714285714286,avg_issue_close_time_days,,,0.0,0.0
soibean,sustainability,0.4285714285714286,num_open_issues,0,1.0,0.4285714285714286,0.4285714285714286
soibean,sustainability,0.4285714285714286,days_since_last_commit,920,0.0,0.28571428571428575,0.0
soibean,sustainability,0.4285714285714286,inverse_simpson_index,1.0,0.0,0.14285714285714288,0.0
soibean,sustainability,0.4285714285714286,has_releases,False,0.0,0.14285714285714288,0.0
soibean,security,0.0,default_branch_protected,False,0.0,0.5,0.0
soibean,security,0.0,has_security_policy,False,0.0,0.4852941176470588,0.0
soibean,security,0.0,gitignore_present,False,0.0,0.014705882352941176,0.0
soibean,security,0.0,security_updates,,,0.0,0.0
soibean,security,0.0,secret_scanning,,,0.0,0.0
soibean,scientific_impact,0.0,fwci,,,0.0,0.0
soibean,scientific_impact,0.0,citation_count,,,0.0,0.0
soibean,scientific_impact,0.0,star_count,0,0.0,0.6,0.0
soibean,scientific_impact,0.0,fork_count,0,0.0,0.4,0.0
soibean,scientific_impact,0.0,altmetric_score,,,0.0,0.0
CAMPP,compatibility,0.0,input_formats,,,0.0,0.0
CAMPP,compatibility,0.0,output_formats,,,0.0,0.0
CAMPP,compatibility,0.0,has_workflow_support,False,0.0,0.5,0.0
CAMPP,compatibility,0.0,has_distribution_support,False,0.0,0.5,0.0
CAMPP,fairness,0.5555555555555556,license,True,1.0,0.22222222222222224,0.22222222222222224
CAMPP,fairness,0.5555555555555556,repository,True,1.0,0.3333333333333333,0.3333333333333333
CAMPP,fairness,0.5555555555555556,registry,False,0.0,0.22222222222222224,0.0
CAMPP,fairness,0.5555555555555556,citation,False,0.0,0.11111111111111112,0.0
CAMPP,fairness,0.5555555555555556,checklist,False,0.0,0.11111111111111112,0.0
CAMPP,fairness,0.5555555555555556,publication_open_access,,,0.0,0.0
CAMPP,maintainability,0.64558,nloc_per_file,616.0,0.384,0.3,0.1152
CAMPP,maintainability,0.64558,avg_ccn,4.51,0.6100000000000001,0.4,0.24400000000000005
CAMPP,maintainability,0.64558,duplicate_rate,4.54,0.9546,0.3,0.28637999999999997
CAMPP,sustainability,0.6471682221242406,avg_issue_close_time_days,4.814580026455027,0.9465046663727219,0.3333333333333333,0.31550155545757397
CAMPP,sustainability,0.6471682221242406,num_open_issues,1,0.995,0.3333333333333333,0.33166666666666667
CAMPP,sustainability,0.6471682221242406,days_since_last_commit,2160,0.0,0.22222222222222224,0.0
CAMPP,sustainability,0.6471682221242406,inverse_simpson_index,,,0.0,0.0
CAMPP,sustainability,0.6471682221242406,has_releases,False,0.0,0.11111111111111112,0.0
CAMPP,security,0.0,default_branch_protected,False,0.0,0.5,0.0
CAMPP,security,0.0,has_security_policy,False,0.0,0.4852941176470588,0.0
CAMPP,security,0.0,gitignore_present,False,0.0,0.014705882352941176,0.0
CAMPP,security,0.0,security_updates,,,0.0,0.0
CAMPP,security,0.0,secret_scanning,,,0.0,0.0
CAMPP,scientific_impact,0.15,fwci,,,0.0,0.0
CAMPP,scientific_impact,0.15,citation_count,,,0.0,0.0
CAMPP,scientific_impact,0.15,star_count,19,0.19,0.6,0.11399999999999999
CAMPP,scientific_impact,0.15,fork_count,9,0.09,0.4,0.036
CAMPP,scientific_impact,0.15,altmetric_score,,,0.0,0.0
COSORE,compatibility,0.0,input_formats,,,0.0,0.0
COSORE,compatibility,0.0,output_formats,,,0.0,0.0
COSORE,compatibility,0.0,has_workflow_support,False,0.0,0.5,0.0
COSORE,compatibility,0.0,has_distribution_support,False,0.0,0.5,0.0
COSORE,fairness,0.5555555555555556,license,True,1.0,0.22222222222222224,0.22222222222222224
COSORE,fairness,0.5555555555555556,repository,True,1.0,0.3333333333333333,0.3333333333333333
COSORE,fairness,0.5555555555555556,registry,False,0.0,0.22222222222222224,0.0
COSORE,fairness,0.5555555555555556,citation,False,0.0,0.11111111111111112,0.0
COSORE,fairness,0.5555555555555556,checklist,False,0.0,0.11111111111111112,0.0
COSORE,fairness,0.5555555555555556,publication_open_access,,,0.0,0.0
COSORE,maintainability,0.8526345555555557,nloc_per_file,111.37,0.88863,0.3,0.266589
COSORE,maintainability,0.8526345555555557,avg_ccn,3.08,0.7688888888888888,0.4,0.3075555555555556
COSORE,maintainability,0.8526345555555557,duplicate_rate,7.17,0.9283,0.3,0.27849
COSORE,sustainability,0.41856529893799566,avg_issue_close_time_days,35.133276311728395,0.6096302632030178,0.3,0.18288907896090534
COSORE,sustainability,0.41856529893799566,num_open_issues,43,0.785,0.3,0.2355
COSORE,sustainability,0.41856529893799566,days_since_last_commit,1896,0.0,0.2,0.0
COSORE,sustainability,0.41856529893799566,inverse_simpson_index,1.033481795647167,0.0017621997709035217,0.1,0.00017621997709035218
COSORE,sustainability,0.41856529893799566,has_releases,False,0.0,0.1,0.0
COSORE,security,0.014705882352941176,default_branch_protected,False,0.0,0.5,0.0
COSORE,security,0.014705882352941176,has_security_policy,False,0.0,0.4852941176470588,0.0
COSORE,security,0.014705882352941176,gitignore_present,True,1.0,0.014705882352941176,0.014705882352941176
COSORE,security,0.014705882352941176,security_updates,,,0.0,0.0
COSORE,security,0.014705882352941176,secret_scanning,,,0.0,0.0
COSORE,scientific_impact,0.246,fwci,,,0.0,0.0
COSORE,scientific_impact,0.246,citation_count,,,0.0,0.0
COSORE,scientific_impact,0.246,star_count,33,0.33,0.6,0.198
COSORE,scientific_impact,0.246,fork_count,12,0.12,0.4,0.048
COSORE,scientific_impact,0.246,altmetric_score,,,0.0,0.0
STCellbin,compatibility,0.5,input_formats,,,0.0,0.0
STCellbin,compatibility,0.5,output_formats,,,0.0,0.0
STCellbin,compatibility,0.5,has_workflow_support,False,0.0,0.5,0.0
STCellbin,compatibility,0.5,has_distribution_support,True,1.0,0.5,0.5
STCellbin,fairness,,license,,,0.0,0.0
STCellbin,fairness,,repository,,,0.0,0.0
STCellbin,fairness,,registry,,,0.0,0.0
STCellbin,fairness,,citation,,,0.0,0.0
STCellbin,fairness,,checklist,,,0.0,0.0
STCellbin,fairness,,publication_open_access,,,0.0,0.0
STCellbin,maintainability,0.8199505555555555,nloc_per_file,140.35,0.85965,0.3,0.257895
STCellbin,maintainability,0.8199505555555555,avg_ccn,3.53,0.7188888888888889,0.4,0.28755555555555556
STCellbin,maintainability,0.8199505555555555,duplicate_rate,8.5,0.915,0.3,0.2745
STCellbin,sustainability,0.5913169339788262,avg_issue_close_time_days,2.7113310185185187,0.9698740997942387,0.3,0.2909622299382716
STCellbin,sustainability,0.5913169339788262,num_open_issues,2,0.99,0.3,0.297
STCellbin,sustainability,0.5913169339788262,days_since_last_commit,384,0.0,0.2,0.0
STCellbin,sustainability,0.5913169339788262,inverse_simpson_index,1.637393767705382,0.03354704040554642,0.1,0.0033547040405546426
STCellbin,sustainability,0.5913169339788262,has_releases,False,0.0,0.1,0.0
STCellbin,security,0.014705882352941176,default_branch_protected,False,0.0,0.5,0.0
STCellbin,security,0.014705882352941176,has_security_policy,False,0.0,0.4852941176470588,0.0
STCellbin,security,0.014705882352941176,gitignore_present,True,1.0,0.014705882352941176,0.014705882352941176
STCellbin,security,0.014705882352941176,security_updates,,,0.0,0.0
STCellbin,security,0.014705882352941176,secret_scanning,,,0.0,0.0
STCellbin,scientific_impact,0.057999999999999996,fwci,,,0.0,0.0
STCellbin,scientific_impact,0.057999999999999996,citation_count,,,0.0,0.0
STCellbin,scientific_impact,0.057999999999999996,star_count,9,0.09,0.6,0.054
STCellbin,scientific_impact,0.057999999999999996,fork_count,1,0.01,0.4,0.004
STCellbin,scientific_impact,0.057999999999999996,altmetric_score,,,0.0,0.0
TARDIS,compatibility,0.0,input_formats,,,0.0,0.0
TARDIS,compatibility,0.0,output_formats,,,0.0,0.0
TARDIS,compatibility,0.0,has_workflow_support,False,0.0,0.5,0.0
TARDIS,compatibility,0.0,has_distribution_support,False,0.0,0.5,0.0
TARDIS,fairness,,license,,,0.0,0.0
TARDIS,fairness,,repository,,,0.0,0.0
TARDIS,fairness,,registry,,,0.0,0.0
TARDIS,fairness,,citation,,,0.0,0.0
TARDIS,fairness,,checklist,,,0.0,0.0
TARDIS,fairness,,publication_open_access,,,0.0,0.0
TARDIS,maintainability,0.5278884444444445,nloc_per_file,105.22,0.89478,0.3,0.268434
TARDIS,maintainability,0.5278884444444445,avg_ccn,9.0,0.11111111111111116,0.4,0.04444444444444447
TARDIS,maintainability,0.5278884444444445,duplicate_rate,28.33,0.7167,0.3,0.21501
TARDIS,sustainability,0.648046703783818,avg_issue_close_time_days,,,0.0,0.0
TARDIS,sustainability,0.648046703783818,num_open_issues,0,1.0,0.4285714285714286,0.4285714285714286
TARDIS,sustainability,0.648046703783818,days_since_last_commit,43,0.7611111111111111,0.28571428571428575,0.2174603174603175
TARDIS,sustainability,0.648046703783818,inverse_simpson_index,1.2679893810255694,0.01410470426450365,0.14285714285714288,0.0020149577520719502
TARDIS,sustainability,0.648046703783818,has_releases,False,0.0,0.14285714285714288,0.0
TARDIS,security,0.014705882352941176,default_branch_protected,False,0.0,0.5,0.0
TARDIS,security,0.014705882352941176,has_security_policy,False,0.0,0.4852941176470588,0.0
TARDIS,security,0.014705882352941176,gitignore_present,True,1.0,0.014705882352941176,0.014705882352941176
TARDIS,security,0.014705882352941176,security_updates,,,0.0,0.0
TARDIS,security,0.014705882352941176,secret_scanning,,,0.0,0.0
TARDIS,scientific_impact,0.039999999999999994,fwci,,,0.0,0.0
TARDIS,scientific_impact,0.039999999999999994,citation_count,,,0.0,0.0
TARDIS,scientific_impact,0.039999999999999994,star_count,6,0.06,0.6,0.036
TARDIS,scientific_impact,0.039999999999999994,fork_count,1,0.01,0.4,0.004
TARDIS,scientific_impact,0.039999999999999994,altmetric_score,,,0.0,0.0
pypgatk,compatibility,,input_formats,,,0.0,0.0
pypgatk,compatibility,,output_formats,,,0.0,0.0
pypgatk,compatibility,,has_workflow_support,,,0.0,0.0
pypgatk,compatibility,,has_distribution_support,,,0.0,0.0
pypgatk,fairness,0.7777777777777778,license,True,1.0,0.22222222222222224,0.22222222222222224
pypgatk,fairness,0.7777777777777778,repository,True,1.0,0.3333333333333333,0.3333333333333333
pypgatk,fairness,0.7777777777777778,registry,True,1.0,0.22222222222222224,0.22222222222222224
pypgatk,fairness,0.7777777777777778,citation,False,0.0,0.11111111111111112,0.0
pypgatk,fairness,0.7777777777777778,checklist,False,0.0,0.11111111111111112,0.0
pypgatk,fairness,0.7777777777777778,publication_open_access,,,0.0,0.0
pypgatk,maintainability,0.8507476666666667,nloc_per_file,122.03,0.87797,0.3,0.263391
pypgatk,maintainability,0.8507476666666667,avg_ccn,3.28,0.7466666666666667,0.4,0.2986666666666667
pypgatk,maintainability,0.8507476666666667,duplicate_rate,3.77,0.9623,0.3,0.28869
pypgatk,sustainability,,avg_issue_close_time_days,,,0.0,0.0
pypgatk,sustainability,,num_open_issues,,,0.0,0.0
pypgatk,sustainability,,days_since_last_commit,,,0.0,0.0
pypgatk,sustainability,,inverse_simpson_index,,,0.0,0.0
pypgatk,sustainability,,has_releases,,,0.0,0.0
pypgatk,security,,default_branch_protected,,,0.0,0.0
pypgatk,security,,has_security_policy,,,0.0,0.0
pypgatk,security,,gitignore_present,,,0.0,0.0
pypgatk,security,,security_updates,,,0.0,0.0
pypgatk,security,,secret_scanning,,,0.0,0.0
pypgatk,scientific_impact,,fwci,,,0.0,0.0
pypgatk,scientific_impact,,citation_count,,,0.0,0.0
pypgatk,scientific_impact,,star_count,,,0.0,0.0
pypgatk,scientific_impact,,fork_count,,,0.0,0.0
pypgatk,scientific_impact,,altmetric_score,,,0.0,0.0
CCMetagen,compatibility,0.5,input_formats,,,0.0,0.0
CCMetagen,compatibility,0.5,output_formats,,,0.0,0.0
CCMetagen,compatibility,0.5,has_workflow_support,False,0.0,0.5,0.0
CCMetagen,compatibility,0.5,has_distribution_support,True,1.0,0.5,0.5
CCMetagen,fairness,0.5555555555555556,license,True,1.0,0.22222222222222224,0.22222222222222224
CCMetagen,fairness,0.5555555555555556,repository,True,1.0,0.3333333333333333,0.3333333333333333
CCMetagen,fairness,0.5555555555555556,registry,False,0.0,0.22222222222222224,0.0
CCMetagen,fairness,0.5555555555555556,citation,False,0.0,0.11111111111111112,0.0
CCMetagen,fairness,0.5555555555555556,checklist,False,0.0,0.11111111111111112,0.0
CCMetagen,fairness,0.5555555555555556,publication_open_access,,,0.0,0.0
CCMetagen,maintainability,0.8400762222222222,nloc_per_file,18.32,0.98168,0.3,0.294504
CCMetagen,maintainability,0.8400762222222222,avg_ccn,2.75,0.8055555555555556,0.4,0.32222222222222224
CCMetagen,maintainability,0.8400762222222222,duplicate_rate,25.55,0.7444999999999999,0.3,0.22334999999999997
CCMetagen,sustainability,0.4164222551270743,avg_issue_close_time_days,53.15136494252874,0.40942927841634735,0.3,0.1228287835249042
CCMetagen,sustainability,0.4164222551270743,num_open_issues,5,0.975,0.3,0.2925
CCMetagen,sustainability,0.4164222551270743,days_since_last_commit,499,0.0,0.2,0.0
CCMetagen,sustainability,0.4164222551270743,inverse_simpson_index,1.207759604412324,0.010934716021701263,0.1,0.0010934716021701264
CCMetagen,sustainability,0.4164222551270743,has_releases,False,0.0,0.1,0.0
CCMetagen,security,0.5147058823529411,default_branch_protected,True,1.0,0.5,0.5
CCMetagen,security,0.5147058823529411,has_security_policy,False,0.0,0.4852941176470588,0.0
CCMetagen,security,0.5147058823529411,gitignore_present,True,1.0,0.014705882352941176,0.014705882352941176
CCMetagen,security,0.5147058823529411,security_updates,,,0.0,0.0
CCMetagen,security,0.5147058823529411,secret_scanning,,,0.0,0.0
CCMetagen,scientific_impact,0.47800000000000004,fwci,,,0.0,0.0
CCMetagen,scientific_impact,0.47800000000000004,citation_count,,,0.0,0.0
CCMetagen,scientific_impact,0.47800000000000004,star_count,67,0.67,0.6,0.402
CCMetagen,scientific_impact,0.47800000000000004,fork_count,19,0.19,0.4,0.07600000000000001
CCMetagen,scientific_impact,0.47800000000000004,altmetric_score,,,0.0,0.0
CPSign,compatibility,0.0,input_formats,,,0.0,0.0
CPSign,compatibility,0.0,output_formats,,,0.0,0.0
CPSign,compatibility,0.0,has_workflow_support,False,0.0,0.5,0.0
CPSign,compatibility,0.0,has_distribution_support,False,0.0,0.5,0.0
CPSign,fairness,0.3333333333333333,license,False,0.0,0.22222222222222224,0.0
CPSign,fairness,0.3333333333333333,repository,True,1.0,0.3333333333333333,0.3333333333333333
CPSign,fairness,0.3333333333333333,registry,False,0.0,0.22222222222222224,0.0
CPSign,fairness,0.3333333333333333,citation,False,0.0,0.11111111111111112,0.0
CPSign,fairness,0.3333333333333333,checklist,False,0.0,0.11111111111111112,0.0
CPSign,fairness,0.3333333333333333,publication_open_access,,,0.0,0.0
CPSign,maintainability,0.8757925555555556,nloc_per_file,99.91,0.9000900000000001,0.3,0.270027
CPSign,maintainability,0.8757925555555556,avg_ccn,2.18,0.8688888888888888,0.4,0.34755555555555556
CPSign,maintainability,0.8757925555555556,duplicate_rate,13.93,0.8607,0.3,0.25821
CPSign,sustainability,0.4266430275256934,avg_issue_close_time_days,,,0.0,0.0
CPSign,sustainability,0.4266430275256934,num_open_issues,1,0.995,0.4285714285714286,0.42642857142857143
CPSign,sustainability,0.4266430275256934,days_since_last_commit,768,0.0,0.28571428571428575,0.0
CPSign,sustainability,0.4266430275256934,inverse_simpson_index,1.0285226609172167,0.001501192679853509,0.14285714285714288,0.00021445609712192988
CPSign,sustainability,0.4266430275256934,has_releases,False,0.0,0.14285714285714288,0.0
CPSign,security,0.014705882352941176,default_branch_protected,False,0.0,0.5,0.0
CPSign,security,0.014705882352941176,has_security_policy,False,0.0,0.4852941176470588,0.0
CPSign,security,0.014705882352941176,gitignore_present,True,1.0,0.014705882352941176,0.014705882352941176
CPSign,security,0.014705882352941176,security_updates,,,0.0,0.0
CPSign,security,0.014705882352941176,secret_scanning,,,0.0,0.0
CPSign,scientific_impact,0.098,fwci,,,0.0,0.0
CPSign,scientific_impact,0.098,citation_count,,,0.0,0.0
CPSign,scientific_impact,0.098,star_count,15,0.15,0.6,0.09
CPSign,scientific_impact,0.098,fork_count,2,0.02,0.4,0.008
CPSign,scientific_impact,0.098,altmetric_score,,,0.0,0.0
iLipidDyn,compatibility,0.5,input_formats,,,0.0,0.0
iLipidDyn,compatibility,0.5,output_formats,,,0.0,0.0
iLipidDyn,compatibility,0.5,has_workflow_support,False,0.0,0.5,0.0
iLipidDyn,compatibility,0.5,has_distribution_support,True,1.0,0.5,0.5
iLipidDyn,fairness,0.5555555555555556,license,True,1.0,0.22222222222222224,0.22222222222222224
iLipidDyn,fairness,0.5555555555555556,repository,True,1.0,0.3333333333333333,0.3333333333333333
iLipidDyn,fairness,0.5555555555555556,registry,False,0.0,0.22222222222222224,0.0
iLipidDyn,fairness,0.5555555555555556,citation,False,0.0,0.11111111111111112,0.0
iLipidDyn,fairness,0.5555555555555556,checklist,False,0.0,0.11111111111111112,0.0
iLipidDyn,fairness,0.5555555555555556,publication_open_access,,,0.0,0.0
iLipidDyn,maintainability,0.8922127777777777,nloc_per_file,93.15,0.9068499999999999,0.3,0.272055
iLipidDyn,maintainability,0.8922127777777777,avg_ccn,2.76,0.8044444444444445,0.4,0.32177777777777783
iLipidDyn,maintainability,0.8922127777777777,duplicate_rate,0.54,0.9946,0.3,0.29838
iLipidDyn,sustainability,0.3127456773703211,avg_issue_close_time_days,257.1067759314374,0.0,0.3,0.0
iLipidDyn,sustainability,0.3127456773703211,num_open_issues,1,0.995,0.3,0.2985
iLipidDyn,sustainability,0.3127456773703211,days_since_last_commit,829,0.0,0.2,0.0
iLipidDyn,sustainability,0.3127456773703211,inverse_simpson_index,3.70667870036101,0.14245677370321105,0.1,0.014245677370321105
iLipidDyn,sustainability,0.3127456773703211,has_releases,False,0.0,0.1,0.0
iLipidDyn,security,0.5147058823529411,default_branch_protected,True,1.0,0.5,0.5
iLipidDyn,security,0.5147058823529411,has_security_policy,False,0.0,0.4852941176470588,0.0
iLipidDyn,security,0.5147058823529411,gitignore_present,True,1.0,0.014705882352941176,0.014705882352941176
iLipidDyn,security,0.5147058823529411,security_updates,,,0.0,0.0
iLipidDyn,security,0.5147058823529411,secret_scanning,,,0.0,0.0
iLipidDyn,scientific_impact,0.106,fwci,,,0.0,0.0
iLipidDyn,scientific_impact,0.106,citation_count,,,0.0,0.0
iLipidDyn,scientific_impact,0.106,star_count,15,0.15,0.6,0.09
iLipidDyn,scientific_impact,0.106,fork_count,4,0.04,0.4,0.016
iLipidDyn,scientific_impact,0.106,altmetric_score,,,0.0,0.0
Lemon-Tree,compatibility,,input_formats,,,0.0,0.0
Lemon-Tree,compatibility,,output_formats,,,0.0,0.0
Lemon-Tree,compatibility,,has_workflow_support,,,0.0,0.0
Lemon-Tree,compatibility,,has_distribution_support,,,0.0,0.0
Lemon-Tree,fairness,0.3333333333333333,license,False,0.0,0.22222222222222224,0.0
Lemon-Tree,fairness,0.3333333333333333,repository,True,1.0,0.3333333333333333,0.3333333333333333
Lemon-Tree,fairness,0.3333333333333333,registry,False,0.0,0.22222222222222224,0.0
Lemon-Tree,fairness,0.3333333333333333,citation,False,0.0,0.11111111111111112,0.0
Lemon-Tree,fairness,0.3333333333333333,checklist,False,0.0,0.11111111111111112,0.0
Lemon-Tree,fairness,0.3333333333333333,publication_open_access,,,0.0,0.0
Lemon-Tree,maintainability,0.7375236666666667,nloc_per_file,165.71,0.83429,0.3,0.250287
Lemon-Tree,maintainability,0.7375236666666667,avg_ccn,4.45,0.6166666666666667,0.4,0.2466666666666667
Lemon-Tree,maintainability,0.7375236666666667,duplicate_rate,19.81,0.8019000000000001,0.3,0.24057
Lemon-Tree,sustainability,,avg_issue_close_time_days,,,0.0,0.0
Lemon-Tree,sustainability,,num_open_issues,,,0.0,0.0
Lemon-Tree,sustainability,,days_since_last_commit,,,0.0,0.0
Lemon-Tree,sustainability,,inverse_simpson_index,,,0.0,0.0
Lemon-Tree,sustainability,,has_releases,,,0.0,0.0
Lemon-Tree,security,,default_branch_protected,,,0.0,0.0
Lemon-Tree,security,,has_security_policy,,,0.0,0.0
Lemon-Tree,security,,gitignore_present,,,0.0,0.0
Lemon-Tree,security,,security_updates,,,0.0,0.0
Lemon-Tree,security,,secret_scanning,,,0.0,0.0
Lemon-Tree,scientific_impact,,fwci,,,0.0,0.0
Lemon-Tree,scientific_impact,,citation_count,,,0.0,0.0
Lemon-Tree,scientific_impact,,star_count,,,0.0,0.0
Lemon-Tree,scientific_impact,,fork_count,,,0.0,0.0
Lemon-Tree,scientific_impact,,altmetric_score,,,0.0,0.0
GEnView,compatibility,0.5,input_formats,,,0.0,0.0
GEnView,compatibility,0.5,output_formats,,,0.0,0.0
GEnView,compatibility,0.5,has_workflow_support,False,0.0,0.5,0.0
GEnView,compatibility,0.5,has_distribution_support,True,1.0,0.5,0.5
GEnView,fairness,0.5555555555555556,license,True,1.0,0.22222222222222224,0.22222222222222224
GEnView,fairness,0.5555555555555556,repository,True,1.0,0.3333333333333333,0.3333333333333333
GEnView,fairness,0.5555555555555556,registry,False,0.0,0.22222222222222224,0.0
GEnView,fairness,0.5555555555555556,citation,False,0.0,0.11111111111111112,0.0
GEnView,fairness,0.5555555555555556,checklist,False,0.0,0.11111111111111112,0.0
GEnView,fairness,0.5555555555555556,publication_open_access,,,0.0,0.0
GEnView,maintainability,0.35126999999999997,nloc_per_file,739.5,0.26049999999999995,0.3,0.07814999999999998
GEnView,maintainability,0.35126999999999997,avg_ccn,24.38,0.0,0.4,0.0
GEnView,maintainability,0.35126999999999997,duplicate_rate,8.96,0.9104,0.3,0.27312
GEnView,sustainability,0.45644385454801184,avg_issue_close_time_days,44.15728009259259,0.509363554526749,0.3,0.1528090663580247
GEnView,sustainability,0.45644385454801184,num_open_issues,1,0.995,0.3,0.2985
GEnView,sustainability,0.45644385454801184,days_since_last_commit,1598,0.0,0.2,0.0
GEnView,sustainability,0.45644385454801184,inverse_simpson_index,1.975609756097561,0.05134788189987163,0.1,0.005134788189987163
GEnView,sustainability,0.45644385454801184,has_releases,False,0.0,0.1,0.0
GEnView,security,0.0,default_branch_protected,False,0.0,0.5,0.0
GEnView,security,0.0,has_security_policy,False,0.0,0.4852941176470588,0.0
GEnView,security,0.0,gitignore_present,False,0.0,0.014705882352941176,0.0
GEnView,security,0.0,security_updates,,,0.0,0.0
GEnView,security,0.0,secret_scanning,,,0.0,0.0
GEnView,scientific_impact,0.06,fwci,,,0.0,0.0
GEnView,scientific_impact,0.06,citation_count,,,0.0,0.0
GEnView,scientific_impact,0.06,star_count,8,0.08,0.6,0.048
GEnView,scientific_impact,0.06,fork_count,3,0.03,0.4,0.012
GEnView,scientific_impact,0.06,altmetric_score,,,0.0,0.0
Myotube Analyzer,compatibility,0.0,input_formats,,,0.0,0.0
Myotube Analyzer,compatibility,0.0,output_formats,,,0.0,0.0
Myotube Analyzer,compatibility,0.0,has_workflow_support,False,0.0,0.5,0.0
Myotube Analyzer,compatibility,0.0,has_distribution_support,False,0.0,0.5,0.0
Myotube Analyzer,fairness,,license,,,0.0,0.0
Myotube Analyzer,fairness,,repository,,,0.0,0.0
Myotube Analyzer,fairness,,registry,,,0.0,0.0
Myotube Analyzer,fairness,,citation,,,0.0,0.0
Myotube Analyzer,fairness,,checklist,,,0.0,0.0
Myotube Analyzer,fairness,,publication_open_access,,,0.0,0.0
Myotube Analyzer,maintainability,1.0,nloc_per_file,0.0,1.0,0.3,0.3
Myotube Analyzer,maintainability,1.0,avg_ccn,0.0,1.0,0.4,0.4
Myotube Analyzer,maintainability,1.0,duplicate_rate,0.0,1.0,0.3,0.3
Myotube Analyzer,sustainability,0.4242857142857143,avg_issue_close_time_days,,,0.0,0.0
Myotube Analyzer,sustainability,0.4242857142857143,num_open_issues,2,0.99,0.4285714285714286,0.4242857142857143
Myotube Analyzer,sustainability,0.4242857142857143,days_since_last_commit,1219,0.0,0.28571428571428575,0.0
Myotube Analyzer,sustainability,0.4242857142857143,inverse_simpson_index,1.0,0.0,0.14285714285714288,0.0
Myotube Analyzer,sustainability,0.4242857142857143,has_releases,False,0.0,0.14285714285714288,0.0
Myotube Analyzer,security,0.0,default_branch_protected,False,0.0,0.5,0.0
Myotube Analyzer,security,0.0,has_security_policy,False,0.0,0.4852941176470588,0.0
Myotube Analyzer,security,0.0,gitignore_present,False,0.0,0.014705882352941176,0.0
Myotube Analyzer,security,0.0,security_updates,,,0.0,0.0
Myotube Analyzer,security,0.0,secret_scanning,,,0.0,0.0
Myotube Analyzer,scientific_impact,0.046,fwci,,,0.0,0.0
Myotube Analyzer,scientific_impact,0.046,citation_count,,,0.0,0.0
Myotube Analyzer,scientific_impact,0.046,star_count,7,0.07,0.6,0.042
Myotube Analyzer,scientific_impact,0.046,fork_count,1,0.01,0.4,0.004
Myotube Analyzer,scientific_impact,0.046,altmetric_score,,,0.0,0.0
PhyloFisher,compatibility,1.0,input_formats,,,0.0,0.0
PhyloFisher,compatibility,1.0,output_formats,,,0.0,0.0
PhyloFisher,compatibility,1.0,has_workflow_support,True,1.0,0.5,0.5
PhyloFisher,compatibility,1.0,has_distribution_support,True,1.0,0.5,0.5
PhyloFisher,fairness,,license,,,0.0,0.0
PhyloFisher,fairness,,repository,,,0.0,0.0
PhyloFisher,fairness,,registry,,,0.0,0.0
PhyloFisher,fairness,,citation,,,0.0,0.0
PhyloFisher,fairness,,checklist,,,0.0,0.0
PhyloFisher,fairness,,publication_open_access,,,0.0,0.0
PhyloFisher,maintainability,0.7865708888888889,nloc_per_file,94.76,0.90524,0.3,0.271572
PhyloFisher,maintainability,0.7865708888888889,avg_ccn,4.04,0.6622222222222223,0.4,0.2648888888888889
PhyloFisher,maintainability,0.7865708888888889,duplicate_rate,16.63,0.8337,0.3,0.25011
PhyloFisher,sustainability,0.4997389157154017,avg_issue_close_time_days,34.93121396750524,0.6118754003610529,0.3,0.18356262010831587
PhyloFisher,sustainability,0.4997389157154017,num_open_issues,6,0.97,0.3,0.291
PhyloFisher,sustainability,0.4997389157154017,days_since_last_commit,162,0.09999999999999998,0.2,0.019999999999999997
PhyloFisher,sustainability,0.4997389157154017,inverse_simpson_index,1.9834961653463141,0.05176295607085864,0.1,0.005176295607085864
PhyloFisher,sustainability,0.4997389157154017,has_releases,False,0.0,0.1,0.0
PhyloFisher,security,0.5147058823529411,default_branch_protected,True,1.0,0.5,0.5
PhyloFisher,security,0.5147058823529411,has_security_policy,False,0.0,0.4852941176470588,0.0
PhyloFisher,security,0.5147058823529411,gitignore_present,True,1.0,0.014705882352941176,0.014705882352941176
PhyloFisher,security,0.5147058823529411,security_updates,,,0.0,0.0
PhyloFisher,security,0.5147058823529411,secret_scanning,,,0.0,0.0
PhyloFisher,scientific_impact,0.28,fwci,,,0.0,0.0
PhyloFisher,scientific_impact,0.28,citation_count,,,0.0,0.0
PhyloFisher,scientific_impact,0.28,star_count,36,0.36,0.6,0.216
PhyloFisher,scientific_impact,0.28,fork_count,16,0.16,0.4,0.064
PhyloFisher,scientific_impact,0.28,altmetric_score,,,0.0,0.0
ForSys,compatibility,0.5,input_formats,,,0.0,0.0
ForSys,compatibility,0.5,output_formats,,,0.0,0.0
ForSys,compatibility,0.5,has_workflow_support,False,0.0,0.5,0.0
ForSys,compatibility,0.5,has_distribution_support,True,1.0,0.5,0.5
ForSys,fairness,0.888888888888889,license,True,1.0,0.22222222222222224,0.22222222222222224
ForSys,fairness,0.888888888888889,repository,True,1.0,0.3333333333333333,0.3333333333333333
ForSys,fairness,0.888888888888889,registry,True,1.0,0.22222222222222224,0.22222222222222224
ForSys,fairness,0.888888888888889,citation,True,1.0,0.11111111111111112,0.11111111111111112
ForSys,fairness,0.888888888888889,checklist,False,0.0,0.11111111111111112,0.0
ForSys,fairness,0.888888888888889,publication_open_access,,,0.0,0.0
ForSys,maintainability,0.7865456666666666,nloc_per_file,121.17,0.87883,0.3,0.26364899999999997
ForSys,maintainability,0.7865456666666666,avg_ccn,4.54,0.6066666666666667,0.4,0.2426666666666667
ForSys,maintainability,0.7865456666666666,duplicate_rate,6.59,0.9341,0.3,0.28023
ForSys,sustainability,0.36538026728382983,avg_issue_close_time_days,309.7778125,0.0,0.3,0.0
ForSys,sustainability,0.36538026728382983,num_open_issues,15,0.925,0.3,0.2775
ForSys,sustainability,0.36538026728382983,days_since_last_commit,102,0.43333333333333335,0.2,0.08666666666666667
ForSys,sustainability,0.36538026728382983,inverse_simpson_index,1.2305841172609933,0.012136006171631224,0.1,0.0012136006171631225
ForSys,sustainability,0.36538026728382983,has_releases,False,0.0,0.1,0.0
ForSys,security,0.5147058823529411,default_branch_protected,True,1.0,0.5,0.5
ForSys,security,0.5147058823529411,has_security_policy,False,0.0,0.4852941176470588,0.0
ForSys,security,0.5147058823529411,gitignore_present,True,1.0,0.014705882352941176,0.014705882352941176
ForSys,security,0.5147058823529411,security_updates,,,0.0,0.0
ForSys,security,0.5147058823529411,secret_scanning,,,0.0,0.0
ForSys,scientific_impact,0.076,fwci,,,0.0,0.0
ForSys,scientific_impact,0.076,citation_count,,,0.0,0.0
ForSys,scientific_impact,0.076,star_count,10,0.1,0.6,0.06
ForSys,scientific_impact,0.076,fork_count,4,0.04,0.4,0.016
ForSys,scientific_impact,0.076,altmetric_score,,,0.0,0.0
CONCOMPRA,compatibility,0.0,input_formats,,,0.0,0.0
CONCOMPRA,compatibility,0.0,output_formats,,,0.0,0.0
CONCOMPRA,compatibility,0.0,has_workflow_support,False,0.0,0.5,0.0
CONCOMPRA,compatibility,0.0,has_distribution_support,False,0.0,0.5,0.0
CONCOMPRA,fairness,0.3333333333333333,license,False,0.0,0.22222222222222224,0.0
CONCOMPRA,fairness,0.3333333333333333,repository,True,1.0,0.3333333333333333,0.3333333333333333
CONCOMPRA,fairness,0.3333333333333333,registry,False,0.0,0.22222222222222224,0.0
CONCOMPRA,fairness,0.3333333333333333,citation,False,0.0,0.11111111111111112,0.0
CONCOMPRA,fairness,0.3333333333333333,checklist,False,0.0,0.11111111111111112,0.0
CONCOMPRA,fairness,0.3333333333333333,publication_open_access,,,0.0,0.0
CONCOMPRA,maintainability,0.9035361111111111,nloc_per_file,25.25,0.97475,0.3,0.292425
CONCOMPRA,maintainability,0.9035361111111111,avg_ccn,3.0,0.7777777777777778,0.4,0.3111111111111111
CONCOMPRA,maintainability,0.9035361111111111,duplicate_rate,0.0,1.0,0.3,0.3
CONCOMPRA,sustainability,0.5246951543209877,avg_issue_close_time_days,21.241453703703705,0.7639838477366255,0.3,0.22919515432098764
CONCOMPRA,sustainability,0.5246951543209877,num_open_issues,3,0.985,0.3,0.2955
CONCOMPRA,sustainability,0.5246951543209877,days_since_last_commit,724,0.0,0.2,0.0
CONCOMPRA,sustainability,0.5246951543209877,inverse_simpson_index,1.0,0.0,0.1,0.0
CONCOMPRA,sustainability,0.5246951543209877,has_releases,False,0.0,0.1,0.0
CONCOMPRA,security,0.0,default_branch_protected,False,0.0,0.5,0.0
CONCOMPRA,security,0.0,has_security_policy,False,0.0,0.4852941176470588,0.0
CONCOMPRA,security,0.0,gitignore_present,False,0.0,0.014705882352941176,0.0
CONCOMPRA,security,0.0,security_updates,,,0.0,0.0
CONCOMPRA,security,0.0,secret_scanning,,,0.0,0.0
CONCOMPRA,scientific_impact,0.10600000000000001,fwci,,,0.0,0.0
CONCOMPRA,scientific_impact,0.10600000000000001,citation_count,,,0.0,0.0
CONCOMPRA,scientific_impact,0.10600000000000001,star_count,17,0.17,0.6,0.10200000000000001
CONCOMPRA,scientific_impact,0.10600000000000001,fork_count,1,0.01,0.4,0.004
CONCOMPRA,scientific_impact,0.10600000000000001,altmetric_score,,,0.0,0.0
CyCadas,compatibility,0.5,input_formats,,,0.0,0.0
CyCadas,compatibility,0.5,output_formats,,,0.0,0.0
CyCadas,compatibility,0.5,has_workflow_support,False,0.0,0.5,0.0
CyCadas,compatibility,0.5,has_distribution_support,True,1.0,0.5,0.5
CyCadas,fairness,0.6666666666666666,license,True,1.0,0.22222222222222224,0.22222222222222224
CyCadas,fairness,0.6666666666666666,repository,True,1.0,0.3333333333333333,0.3333333333333333
CyCadas,fairness,0.6666666666666666,registry,False,0.0,0.22222222222222224,0.0
CyCadas,fairness,0.6666666666666666,citation,True,1.0,0.11111111111111112,0.11111111111111112
CyCadas,fairness,0.6666666666666666,checklist,False,0.0,0.11111111111111112,0.0
CyCadas,fairness,0.6666666666666666,publication_open_access,,,0.0,0.0
CyCadas,maintainability,0.8565977777777778,nloc_per_file,190.8,0.8091999999999999,0.3,0.24275999999999998
CyCadas,maintainability,0.8565977777777778,avg_ccn,2.4,0.8444444444444444,0.4,0.3377777777777778
CyCadas,maintainability,0.8565977777777778,duplicate_rate,7.98,0.9202,0.3,0.27605999999999997
CyCadas,sustainability,0.44163148750755643,avg_issue_close_time_days,44.93021173747277,0.5007754251391915,0.3,0.15023262754175745
CyCadas,sustainability,0.44163148750755643,num_open_issues,6,0.97,0.3,0.291
CyCadas,sustainability,0.44163148750755643,days_since_last_commit,276,0.0,0.2,0.0
CyCadas,sustainability,0.44163148750755643,inverse_simpson_index,1.075783393501805,0.003988599657989741,0.1,0.0003988599657989741
CyCadas,sustainability,0.44163148750755643,has_releases,False,0.0,0.1,0.0
CyCadas,security,0.5147058823529411,default_branch_protected,True,1.0,0.5,0.5
CyCadas,security,0.5147058823529411,has_security_policy,False,0.0,0.4852941176470588,0.0
CyCadas,security,0.5147058823529411,gitignore_present,True,1.0,0.014705882352941176,0.014705882352941176
CyCadas,security,0.5147058823529411,security_updates,,,0.0,0.0
CyCadas,security,0.5147058823529411,secret_scanning,,,0.0,0.0
CyCadas,scientific_impact,0.02,fwci,,,0.0,0.0
CyCadas,scientific_impact,0.02,citation_count,,,0.0,0.0
CyCadas,scientific_impact,0.02,star_count,2,0.02,0.6,0.012
CyCadas,scientific_impact,0.02,fork_count,2,0.02,0.4,0.008
CyCadas,scientific_impact,0.02,altmetric_score,,,0.0,0.0
MiFoDB,compatibility,0.5,input_formats,,,0.0,0.0
MiFoDB,compatibility,0.5,output_formats,,,0.0,0.0
MiFoDB,compatibility,0.5,has_workflow_support,False,0.0,0.5,0.0
MiFoDB,compatibility,0.5,has_distribution_support,True,1.0,0.5,0.5
MiFoDB,fairness,0.3333333333333333,license,False,0.0,0.22222222222222224,0.0
MiFoDB,fairness,0.3333333333333333,repository,True,1.0,0.3333333333333333,0.3333333333333333
MiFoDB,fairness,0.3333333333333333,registry,False,0.0,0.22222222222222224,0.0
MiFoDB,fairness,0.3333333333333333,citation,False,0.0,0.11111111111111112,0.0
MiFoDB,fairness,0.3333333333333333,checklist,False,0.0,0.11111111111111112,0.0
MiFoDB,fairness,0.3333333333333333,publication_open_access,,,0.0,0.0
MiFoDB,maintainability,1.0,nloc_per_file,0.0,1.0,0.3,0.3
MiFoDB,maintainability,1.0,avg_ccn,0.0,1.0,0.4,0.4
MiFoDB,maintainability,1.0,duplicate_rate,0.0,1.0,0.3,0.3
MiFoDB,sustainability,0.42642857142857143,avg_issue_close_time_days,,,0.0,0.0
MiFoDB,sustainability,0.42642857142857143,num_open_issues,1,0.995,0.4285714285714286,0.42642857142857143
MiFoDB,sustainability,0.42642857142857143,days_since_last_commit,647,0.0,0.28571428571428575,0.0
MiFoDB,sustainability,0.42642857142857143,inverse_simpson_index,1.0,0.0,0.14285714285714288,0.0
MiFoDB,sustainability,0.42642857142857143,has_releases,False,0.0,0.14285714285714288,0.0
MiFoDB,security,0.0,default_branch_protected,False,0.0,0.5,0.0
MiFoDB,security,0.0,has_security_policy,False,0.0,0.4852941176470588,0.0
MiFoDB,security,0.0,gitignore_present,False,0.0,0.014705882352941176,0.0
MiFoDB,security,0.0,security_updates,,,0.0,0.0
MiFoDB,security,0.0,secret_scanning,,,0.0,0.0
MiFoDB,scientific_impact,0.012,fwci,,,0.0,0.0
MiFoDB,scientific_impact,0.012,citation_count,,,0.0,0.0
MiFoDB,scientific_impact,0.012,star_count,2,0.02,0.6,0.012
MiFoDB,scientific_impact,0.012,fork_count,0,0.0,0.4,0.0
MiFoDB,scientific_impact,0.012,altmetric_score,,,0.0,0.0
Introducing ActiveInference.jl,compatibility,,input_formats,,,0.0,0.0
Introducing ActiveInference.jl,compatibility,,output_formats,,,0.0,0.0
Introducing ActiveInference.jl,compatibility,,has_workflow_support,,,0.0,0.0
Introducing ActiveInference.jl,compatibility,,has_distribution_support,,,0.0,0.0
Introducing ActiveInference.jl,fairness,0.5555555555555556,license,True,1.0,0.22222222222222224,0.22222222222222224
Introducing ActiveInference.jl,fairness,0.5555555555555556,repository,True,1.0,0.3333333333333333,0.3333333333333333
Introducing ActiveInference.jl,fairness,0.5555555555555556,registry,False,0.0,0.22222222222222224,0.0
Introducing ActiveInference.jl,fairness,0.5555555555555556,citation,False,0.0,0.11111111111111112,0.0
Introducing ActiveInference.jl,fairness,0.5555555555555556,checklist,False,0.0,0.11111111111111112,0.0
Introducing ActiveInference.jl,fairness,0.5555555555555556,publication_open_access,,,0.0,0.0
Introducing ActiveInference.jl,maintainability,0.7609777777777778,nloc_per_file,56.0,0.944,0.3,0.28319999999999995
Introducing ActiveInference.jl,maintainability,0.7609777777777778,avg_ccn,6.0,0.4444444444444444,0.4,0.17777777777777778
Introducing ActiveInference.jl,maintainability,0.7609777777777778,duplicate_rate,0.0,1.0,0.3,0.3
Introducing ActiveInference.jl,sustainability,,avg_issue_close_time_days,,,0.0,0.0
Introducing ActiveInference.jl,sustainability,,num_open_issues,,,0.0,0.0
Introducing ActiveInference.jl,sustainability,,days_since_last_commit,,,0.0,0.0
Introducing ActiveInference.jl,sustainability,,inverse_simpson_index,,,0.0,0.0
Introducing ActiveInference.jl,sustainability,,has_releases,,,0.0,0.0
Introducing ActiveInference.jl,security,,default_branch_protected,,,0.0,0.0
Introducing ActiveInference.jl,security,,has_security_policy,,,0.0,0.0
Introducing ActiveInference.jl,security,,gitignore_present,,,0.0,0.0
Introducing ActiveInference.jl,security,,security_updates,,,0.0,0.0
Introducing ActiveInference.jl,security,,secret_scanning,,,0.0,0.0
Introducing ActiveInference.jl,scientific_impact,,fwci,,,0.0,0.0
Introducing ActiveInference.jl,scientific_impact,,citation_count,,,0.0,0.0
Introducing ActiveInference.jl,scientific_impact,,star_count,,,0.0,0.0
Introducing ActiveInference.jl,scientific_impact,,fork_count,,,0.0,0.0
Introducing ActiveInference.jl,scientific_impact,,altmetric_score,,,0.0,0.0
SNPeffect,compatibility,0.0,input_formats,,,0.0,0.0
SNPeffect,compatibility,0.0,output_formats,,,0.0,0.0
SNPeffect,compatibility,0.0,has_workflow_support,False,0.0,0.5,0.0
SNPeffect,compatibility,0.0,has_distribution_support,False,0.0,0.5,0.0
SNPeffect,fairness,0.5555555555555556,license,True,1.0,0.22222222222222224,0.22222222222222224
SNPeffect,fairness,0.5555555555555556,repository,True,1.0,0.3333333333333333,0.3333333333333333
SNPeffect,fairness,0.5555555555555556,registry,False,0.0,0.22222222222222224,0.0
SNPeffect,fairness,0.5555555555555556,citation,False,0.0,0.11111111111111112,0.0
SNPeffect,fairness,0.5555555555555556,checklist,False,0.0,0.11111111111111112,0.0
SNPeffect,fairness,0.5555555555555556,publication_open_access,,,0.0,0.0
SNPeffect,maintainability,0.8347852222222222,nloc_per_file,5.19,0.99481,0.3,0.29844299999999996
SNPeffect,maintainability,0.8347852222222222,avg_ccn,3.2,0.7555555555555555,0.4,0.3022222222222222
SNPeffect,maintainability,0.8347852222222222,duplicate_rate,21.96,0.7804,0.3,0.23412
SNPeffect,sustainability,0.43219364154776185,avg_issue_close_time_days,,,0.0,0.0
SNPeffect,sustainability,0.43219364154776185,num_open_issues,0,1.0,0.4285714285714286,0.4285714285714286
SNPeffect,sustainability,0.43219364154776185,days_since_last_commit,1292,0.0,0.28571428571428575,0.0
SNPeffect,sustainability,0.43219364154776185,inverse_simpson_index,1.4817543258523218,0.025355490834332726,0.14285714285714288,0.003622212976333247
SNPeffect,sustainability,0.43219364154776185,has_releases,False,0.0,0.14285714285714288,0.0
SNPeffect,security,0.0,default_branch_protected,False,0.0,0.5,0.0
SNPeffect,security,0.0,has_security_policy,False,0.0,0.4852941176470588,0.0
SNPeffect,security,0.0,gitignore_present,False,0.0,0.014705882352941176,0.0
SNPeffect,security,0.0,security_updates,,,0.0,0.0
SNPeffect,security,0.0,secret_scanning,,,0.0,0.0
SNPeffect,scientific_impact,0.024,fwci,,,0.0,0.0
SNPeffect,scientific_impact,0.024,citation_count,,,0.0,0.0
SNPeffect,scientific_impact,0.024,star_count,4,0.04,0.6,0.024
SNPeffect,scientific_impact,0.024,fork_count,0,0.0,0.4,0.0
SNPeffect,scientific_impact,0.024,altmetric_score,,,0.0,0.0
parallelproj,compatibility,,input_formats,,,0.0,0.0
parallelproj,compatibility,,output_formats,,,0.0,0.0
parallelproj,compatibility,,has_workflow_support,,,0.0,0.0
parallelproj,compatibility,,has_distribution_support,,,0.0,0.0
parallelproj,fairness,0.888888888888889,license,True,1.0,0.22222222222222224,0.22222222222222224
parallelproj,fairness,0.888888888888889,repository,True,1.0,0.3333333333333333,0.3333333333333333
parallelproj,fairness,0.888888888888889,registry,True,1.0,0.22222222222222224,0.22222222222222224
parallelproj,fairness,0.888888888888889,citation,True,1.0,0.11111111111111112,0.11111111111111112
parallelproj,fairness,0.888888888888889,checklist,False,0.0,0.11111111111111112,0.0
parallelproj,fairness,0.888888888888889,publication_open_access,,,0.0,0.0
parallelproj,maintainability,0.8927507777777778,nloc_per_file,159.29,0.8407100000000001,0.3,0.252213
parallelproj,maintainability,0.8927507777777778,avg_ccn,1.86,0.9044444444444444,0.4,0.36177777777777775
parallelproj,maintainability,0.8927507777777778,duplicate_rate,7.08,0.9292,0.3,0.27876
parallelproj,sustainability,,avg_issue_close_time_days,,,0.0,0.0
parallelproj,sustainability,,num_open_issues,,,0.0,0.0
parallelproj,sustainability,,days_since_last_commit,,,0.0,0.0
parallelproj,sustainability,,inverse_simpson_index,,,0.0,0.0
parallelproj,sustainability,,has_releases,,,0.0,0.0
parallelproj,security,,default_branch_protected,,,0.0,0.0
parallelproj,security,,has_security_policy,,,0.0,0.0
parallelproj,security,,gitignore_present,,,0.0,0.0
parallelproj,security,,security_updates,,,0.0,0.0
parallelproj,security,,secret_scanning,,,0.0,0.0
parallelproj,scientific_impact,,fwci,,,0.0,0.0
parallelproj,scientific_impact,,citation_count,,,0.0,0.0
parallelproj,scientific_impact,,star_count,,,0.0,0.0
parallelproj,scientific_impact,,fork_count,,,0.0,0.0
parallelproj,scientific_impact,,altmetric_score,,,0.0,0.0
SOAPTyping,compatibility,0.0,input_formats,,,0.0,0.0
SOAPTyping,compatibility,0.0,output_formats,,,0.0,0.0
SOAPTyping,compatibility,0.0,has_workflow_support,False,0.0,0.5,0.0
SOAPTyping,compatibility,0.0,has_distribution_support,False,0.0,0.5,0.0
SOAPTyping,fairness,0.5555555555555556,license,True,1.0,0.22222222222222224,0.22222222222222224
SOAPTyping,fairness,0.5555555555555556,repository,True,1.0,0.3333333333333333,0.3333333333333333
SOAPTyping,fairness,0.5555555555555556,registry,False,0.0,0.22222222222222224,0.0
SOAPTyping,fairness,0.5555555555555556,citation,False,0.0,0.11111111111111112,0.0
SOAPTyping,fairness,0.5555555555555556,checklist,False,0.0,0.11111111111111112,0.0
SOAPTyping,fairness,0.5555555555555556,publication_open_access,,,0.0,0.0
SOAPTyping,maintainability,0.8220916666666667,nloc_per_file,193.95,0.80605,0.3,0.241815
SOAPTyping,maintainability,0.8220916666666667,avg_ccn,3.28,0.7466666666666667,0.4,0.2986666666666667
SOAPTyping,maintainability,0.8220916666666667,duplicate_rate,6.13,0.9387,0.3,0.28160999999999997
SOAPTyping,sustainability,0.42712663823112196,avg_issue_close_time_days,,,0.0,0.0
SOAPTyping,sustainability,0.42712663823112196,num_open_issues,4,0.98,0.4285714285714286,0.42000000000000004
SOAPTyping,sustainability,0.42712663823112196,days_since_last_commit,1266,0.0,0.28571428571428575,0.0
SOAPTyping,sustainability,0.42712663823112196,inverse_simpson_index,1.9478428847392144,0.04988646761785339,0.14285714285714288,0.0071266382311219135
SOAPTyping,sustainability,0.42712663823112196,has_releases,False,0.0,0.14285714285714288,0.0
SOAPTyping,security,0.014705882352941176,default_branch_protected,False,0.0,0.5,0.0
SOAPTyping,security,0.014705882352941176,has_security_policy,False,0.0,0.4852941176470588,0.0
SOAPTyping,security,0.014705882352941176,gitignore_present,True,1.0,0.014705882352941176,0.014705882352941176
SOAPTyping,security,0.014705882352941176,security_updates,,,0.0,0.0
SOAPTyping,security,0.014705882352941176,secret_scanning,,,0.0,0.0
SOAPTyping,scientific_impact,0.148,fwci,,,0.0,0.0
SOAPTyping,scientific_impact,0.148,citation_count,,,0.0,0.0
SOAPTyping,scientific_impact,0.148,star_count,20,0.2,0.6,0.12
SOAPTyping,scientific_impact,0.148,fork_count,7,0.07,0.4,0.028000000000000004
SOAPTyping,scientific_impact,0.148,altmetric_score,,,0.0,0.0
MS2Tox,compatibility,1.0,input_formats,,,0.0,0.0
MS2Tox,compatibility,1.0,output_formats,,,0.0,0.0
MS2Tox,compatibility,1.0,has_workflow_support,True,1.0,0.5,0.5
MS2Tox,compatibility,1.0,has_distribution_support,True,1.0,0.5,0.5
MS2Tox,fairness,,license,,,0.0,0.0
MS2Tox,fairness,,repository,,,0.0,0.0
MS2Tox,fairness,,registry,,,0.0,0.0
MS2Tox,fairness,,citation,,,0.0,0.0
MS2Tox,fairness,,checklist,,,0.0,0.0
MS2Tox,fairness,,publication_open_access,,,0.0,0.0
MS2Tox,maintainability,0.7619466666666667,nloc_per_file,19.5,0.9805,0.3,0.29415
MS2Tox,maintainability,0.7619466666666667,avg_ccn,2.83,0.7966666666666666,0.4,0.31866666666666665
MS2Tox,maintainability,0.7619466666666667,duplicate_rate,50.29,0.4971,0.3,0.14912999999999998
MS2Tox,sustainability,0.4211670599028529,avg_issue_close_time_days,,,0.0,0.0
MS2Tox,sustainability,0.4211670599028529,num_open_issues,6,0.97,0.4285714285714286,0.41571428571428576
MS2Tox,sustainability,0.4211670599028529,days_since_last_commit,259,0.0,0.28571428571428575,0.0
MS2Tox,sustainability,0.4211670599028529,inverse_simpson_index,1.7252189670794322,0.038169419319970116,0.14285714285714288,0.00545277418856716
MS2Tox,sustainability,0.4211670599028529,has_releases,False,0.0,0.14285714285714288,0.0
MS2Tox,security,0.014705882352941176,default_branch_protected,False,0.0,0.5,0.0
MS2Tox,security,0.014705882352941176,has_security_policy,False,0.0,0.4852941176470588,0.0
MS2Tox,security,0.014705882352941176,gitignore_present,True,1.0,0.014705882352941176,0.014705882352941176
MS2Tox,security,0.014705882352941176,security_updates,,,0.0,0.0
MS2Tox,security,0.014705882352941176,secret_scanning,,,0.0,0.0
MS2Tox,scientific_impact,0.128,fwci,,,0.0,0.0
MS2Tox,scientific_impact,0.128,citation_count,,,0.0,0.0
MS2Tox,scientific_impact,0.128,star_count,16,0.16,0.6,0.096
MS2Tox,scientific_impact,0.128,fork_count,8,0.08,0.4,0.032
MS2Tox,scientific_impact,0.128,altmetric_score,,,0.0,0.0
RADSex,compatibility,0.0,input_formats,,,0.0,0.0
RADSex,compatibility,0.0,output_formats,,,0.0,0.0
RADSex,compatibility,0.0,has_workflow_support,False,0.0,0.5,0.0
RADSex,compatibility,0.0,has_distribution_support,False,0.0,0.5,0.0
RADSex,fairness,,license,,,0.0,0.0
RADSex,fairness,,repository,,,0.0,0.0
RADSex,fairness,,registry,,,0.0,0.0
RADSex,fairness,,citation,,,0.0,0.0
RADSex,fairness,,checklist,,,0.0,0.0
RADSex,fairness,,publication_open_access,,,0.0,0.0
RADSex,maintainability,0.8232068888888888,nloc_per_file,75.24,0.92476,0.3,0.277428
RADSex,maintainability,0.8232068888888888,avg_ccn,4.31,0.6322222222222222,0.4,0.2528888888888889
RADSex,maintainability,0.8232068888888888,duplicate_rate,2.37,0.9763,0.3,0.29289
RADSex,sustainability,0.31628220611916263,avg_issue_close_time_days,84.66533816425121,0.05927402039720875,0.3,0.017782206119162623
RADSex,sustainability,0.31628220611916263,num_open_issues,1,0.995,0.3,0.2985
RADSex,sustainability,0.31628220611916263,days_since_last_commit,1963,0.0,0.2,0.0
RADSex,sustainability,0.31628220611916263,inverse_simpson_index,1.0,0.0,0.1,0.0
RADSex,sustainability,0.31628220611916263,has_releases,False,0.0,0.1,0.0
RADSex,security,0.014705882352941176,default_branch_protected,False,0.0,0.5,0.0
RADSex,security,0.014705882352941176,has_security_policy,False,0.0,0.4852941176470588,0.0
RADSex,security,0.014705882352941176,gitignore_present,True,1.0,0.014705882352941176,0.014705882352941176
RADSex,security,0.014705882352941176,security_updates,,,0.0,0.0
RADSex,security,0.014705882352941176,secret_scanning,,,0.0,0.0
RADSex,scientific_impact,0.086,fwci,,,0.0,0.0
RADSex,scientific_impact,0.086,citation_count,,,0.0,0.0
RADSex,scientific_impact,0.086,star_count,9,0.09,0.6,0.054
RADSex,scientific_impact,0.086,fork_count,8,0.08,0.4,0.032
RADSex,scientific_impact,0.086,altmetric_score,,,0.0,0.0
UCEasy,compatibility,0.5,input_formats,,,0.0,0.0
UCEasy,compatibility,0.5,output_formats,,,0.0,0.0
UCEasy,compatibility,0.5,has_workflow_support,False,0.0,0.5,0.0
UCEasy,compatibility,0.5,has_distribution_support,True,1.0,0.5,0.5
UCEasy,fairness,0.6666666666666666,license,True,1.0,0.22222222222222224,0.22222222222222224
UCEasy,fairness,0.6666666666666666,repository,True,1.0,0.3333333333333333,0.3333333333333333
UCEasy,fairness,0.6666666666666666,registry,False,0.0,0.22222222222222224,0.0
UCEasy,fairness,0.6666666666666666,citation,True,1.0,0.11111111111111112,0.11111111111111112
UCEasy,fairness,0.6666666666666666,checklist,False,0.0,0.11111111111111112,0.0
UCEasy,fairness,0.6666666666666666,publication_open_access,,,0.0,0.0
UCEasy,maintainability,0.960036,nloc_per_file,39.88,0.96012,0.3,0.28803599999999996
UCEasy,maintainability,0.960036,avg_ccn,1.63,0.93,0.4,0.37200000000000005
UCEasy,maintainability,0.960036,duplicate_rate,0.0,1.0,0.3,0.3
UCEasy,sustainability,0.3689033193954352,avg_issue_close_time_days,71.13581452546296,0.20960206082818933,0.3,0.0628806182484568
UCEasy,sustainability,0.3689033193954352,num_open_issues,0,1.0,0.3,0.3
UCEasy,sustainability,0.3689033193954352,days_since_last_commit,1273,0.0,0.2,0.0
UCEasy,sustainability,0.3689033193954352,inverse_simpson_index,2.144313217925902,0.06022701146978432,0.1,0.006022701146978432
UCEasy,sustainability,0.3689033193954352,has_releases,False,0.0,0.1,0.0
UCEasy,security,0.014705882352941176,default_branch_protected,False,0.0,0.5,0.0
UCEasy,security,0.014705882352941176,has_security_policy,False,0.0,0.4852941176470588,0.0
UCEasy,security,0.014705882352941176,gitignore_present,True,1.0,0.014705882352941176,0.014705882352941176
UCEasy,security,0.014705882352941176,security_updates,,,0.0,0.0
UCEasy,security,0.014705882352941176,secret_scanning,,,0.0,0.0
UCEasy,scientific_impact,0.08,fwci,,,0.0,0.0
UCEasy,scientific_impact,0.08,citation_count,,,0.0,0.0
UCEasy,scientific_impact,0.08,star_count,10,0.1,0.6,0.06
UCEasy,scientific_impact,0.08,fork_count,5,0.05,0.4,0.020000000000000004
UCEasy,scientific_impact,0.08,altmetric_score,,,0.0,0.0
OpenPhi,compatibility,0.5,input_formats,,,0.0,0.0
OpenPhi,compatibility,0.5,output_formats,,,0.0,0.0
OpenPhi,compatibility,0.5,has_workflow_support,False,0.0,0.5,0.0
OpenPhi,compatibility,0.5,has_distribution_support,True,1.0,0.5,0.5
OpenPhi,fairness,0.3333333333333333,license,False,0.0,0.22222222222222224,0.0
OpenPhi,fairness,0.3333333333333333,repository,True,1.0,0.3333333333333333,0.3333333333333333
OpenPhi,fairness,0.3333333333333333,registry,False,0.0,0.22222222222222224,0.0
OpenPhi,fairness,0.3333333333333333,citation,False,0.0,0.11111111111111112,0.0
OpenPhi,fairness,0.3333333333333333,checklist,False,0.0,0.11111111111111112,0.0
OpenPhi,fairness,0.3333333333333333,publication_open_access,,,0.0,0.0
OpenPhi,maintainability,0.7995666666666666,nloc_per_file,79.4,0.9206,0.3,0.27618
OpenPhi,maintainability,0.7995666666666666,avg_ccn,2.02,0.8866666666666667,0.4,0.3546666666666667
OpenPhi,maintainability,0.7995666666666666,duplicate_rate,43.76,0.5624,0.3,0.16872
OpenPhi,sustainability,0.4616004929524939,avg_issue_close_time_days,47.87448480324074,0.4680612799639918,0.3,0.14041838398919754
OpenPhi,sustainability,0.4616004929524939,num_open_issues,1,0.995,0.3,0.2985
OpenPhi,sustainability,0.4616004929524939,days_since_last_commit,163,0.09444444444444444,0.2,0.01888888888888889
OpenPhi,sustainability,0.4616004929524939,inverse_simpson_index,1.72071181413742,0.03793220074407474,0.1,0.003793220074407474
OpenPhi,sustainability,0.4616004929524939,has_releases,False,0.0,0.1,0.0
OpenPhi,security,0.5147058823529411,default_branch_protected,True,1.0,0.5,0.5
OpenPhi,security,0.5147058823529411,has_security_policy,False,0.0,0.4852941176470588,0.0
OpenPhi,security,0.5147058823529411,gitignore_present,True,1.0,0.014705882352941176,0.014705882352941176
OpenPhi,security,0.5147058823529411,security_updates,,,0.0,0.0
OpenPhi,security,0.5147058823529411,secret_scanning,,,0.0,0.0
OpenPhi,scientific_impact,0.038,fwci,,,0.0,0.0
OpenPhi,scientific_impact,0.038,citation_count,,,0.0,0.0
OpenPhi,scientific_impact,0.038,star_count,5,0.05,0.6,0.03
OpenPhi,scientific_impact,0.038,fork_count,2,0.02,0.4,0.008
OpenPhi,scientific_impact,0.038,altmetric_score,,,0.0,0.0
NanoPack2,compatibility,0.5,input_formats,,,0.0,0.0
NanoPack2,compatibility,0.5,output_formats,,,0.0,0.0
NanoPack2,compatibility,0.5,has_workflow_support,False,0.0,0.5,0.0
NanoPack2,compatibility,0.5,has_distribution_support,True,1.0,0.5,0.5
NanoPack2,fairness,0.5555555555555556,license,True,1.0,0.22222222222222224,0.22222222222222224
NanoPack2,fairness,0.5555555555555556,repository,True,1.0,0.3333333333333333,0.3333333333333333
NanoPack2,fairness,0.5555555555555556,registry,False,0.0,0.22222222222222224,0.0
NanoPack2,fairness,0.5555555555555556,citation,False,0.0,0.11111111111111112,0.0
NanoPack2,fairness,0.5555555555555556,checklist,False,0.0,0.11111111111111112,0.0
NanoPack2,fairness,0.5555555555555556,publication_open_access,,,0.0,0.0
NanoPack2,maintainability,1.0,nloc_per_file,0.0,1.0,0.3,0.3
NanoPack2,maintainability,1.0,avg_ccn,0.0,1.0,0.4,0.4
NanoPack2,maintainability,1.0,duplicate_rate,0.0,1.0,0.3,0.3
NanoPack2,sustainability,0.3901810185185185,avg_issue_close_time_days,62.94569444444444,0.3006033950617284,0.3,0.09018101851851852
NanoPack2,sustainability,0.3901810185185185,num_open_issues,0,1.0,0.3,0.3
NanoPack2,sustainability,0.3901810185185185,days_since_last_commit,1210,0.0,0.2,0.0
NanoPack2,sustainability,0.3901810185185185,inverse_simpson_index,1.0,0.0,0.1,0.0
NanoPack2,sustainability,0.3901810185185185,has_releases,False,0.0,0.1,0.0
NanoPack2,security,0.014705882352941176,default_branch_protected,False,0.0,0.5,0.0
NanoPack2,security,0.014705882352941176,has_security_policy,False,0.0,0.4852941176470588,0.0
NanoPack2,security,0.014705882352941176,gitignore_present,True,1.0,0.014705882352941176,0.014705882352941176
NanoPack2,security,0.014705882352941176,security_updates,,,0.0,0.0
NanoPack2,security,0.014705882352941176,secret_scanning,,,0.0,0.0
NanoPack2,scientific_impact,0.6679999999999999,fwci,,,0.0,0.0
NanoPack2,scientific_impact,0.6679999999999999,citation_count,,,0.0,0.0
NanoPack2,scientific_impact,0.6679999999999999,star_count,290,1.0,0.6,0.6
NanoPack2,scientific_impact,0.6679999999999999,fork_count,17,0.17,0.4,0.068
NanoPack2,scientific_impact,0.6679999999999999,altmetric_score,,,0.0,0.0
CoverM,compatibility,0.0,input_formats,,,0.0,0.0
CoverM,compatibility,0.0,output_formats,,,0.0,0.0
CoverM,compatibility,0.0,has_workflow_support,False,0.0,0.5,0.0
CoverM,compatibility,0.0,has_distribution_support,False,0.0,0.5,0.0
CoverM,fairness,0.888888888888889,license,True,1.0,0.22222222222222224,0.22222222222222224
CoverM,fairness,0.888888888888889,repository,True,1.0,0.3333333333333333,0.3333333333333333
CoverM,fairness,0.888888888888889,registry,True,1.0,0.22222222222222224,0.22222222222222224
CoverM,fairness,0.888888888888889,citation,True,1.0,0.11111111111111112,0.11111111111111112
CoverM,fairness,0.888888888888889,checklist,False,0.0,0.11111111111111112,0.0
CoverM,fairness,0.888888888888889,publication_open_access,,,0.0,0.0
CoverM,maintainability,0.6389911111111111,nloc_per_file,787.5,0.21250000000000002,0.3,0.06375
CoverM,maintainability,0.6389911111111111,avg_ccn,2.91,0.7877777777777778,0.4,0.3151111111111111
CoverM,maintainability,0.6389911111111111,duplicate_rate,13.29,0.8671,0.3,0.26013
CoverM,sustainability,0.31509332410281077,avg_issue_close_time_days,92.16720045970266,0.0,0.3,0.0
CoverM,sustainability,0.31509332410281077,num_open_issues,68,0.6599999999999999,0.3,0.19799999999999998
CoverM,sustainability,0.31509332410281077,days_since_last_commit,76,0.5777777777777777,0.2,0.11555555555555555
CoverM,sustainability,0.31509332410281077,inverse_simpson_index,1.2921760239784985,0.015377685472552553,0.1,0.0015377685472552553
CoverM,sustainability,0.31509332410281077,has_releases,False,0.0,0.1,0.0
CoverM,security,0.014705882352941176,default_branch_protected,False,0.0,0.5,0.0
CoverM,security,0.014705882352941176,has_security_policy,False,0.0,0.4852941176470588,0.0
CoverM,security,0.014705882352941176,gitignore_present,True,1.0,0.014705882352941176,0.014705882352941176
CoverM,security,0.014705882352941176,security_updates,,,0.0,0.0
CoverM,security,0.014705882352941176,secret_scanning,,,0.0,0.0
CoverM,scientific_impact,0.748,fwci,,,0.0,0.0
CoverM,scientific_impact,0.748,citation_count,,,0.0,0.0
CoverM,scientific_impact,0.748,star_count,405,1.0,0.6,0.6
CoverM,scientific_impact,0.748,fork_count,37,0.37,0.4,0.148
CoverM,scientific_impact,0.748,altmetric_score,,,0.0,0.0
PhaLP,compatibility,0.0,input_formats,,,0.0,0.0
PhaLP,compatibility,0.0,output_formats,,,0.0,0.0
PhaLP,compatibility,0.0,has_workflow_support,False,0.0,0.5,0.0
PhaLP,compatibility,0.0,has_distribution_support,False,0.0,0.5,0.0
PhaLP,fairness,0.5555555555555556,license,True,1.0,0.22222222222222224,0.22222222222222224
PhaLP,fairness,0.5555555555555556,repository,True,1.0,0.3333333333333333,0.3333333333333333
PhaLP,fairness,0.5555555555555556,registry,False,0.0,0.22222222222222224,0.0
PhaLP,fairness,0.5555555555555556,citation,False,0.0,0.11111111111111112,0.0
PhaLP,fairness,0.5555555555555556,checklist,False,0.0,0.11111111111111112,0.0
PhaLP,fairness,0.5555555555555556,publication_open_access,,,0.0,0.0
PhaLP,maintainability,0.44569888888888887,nloc_per_file,788.5,0.21150000000000002,0.3,0.06345
PhaLP,maintainability,0.44569888888888887,avg_ccn,7.28,0.30222222222222217,0.4,0.12088888888888888
PhaLP,maintainability,0.44569888888888887,duplicate_rate,12.88,0.8712,0.3,0.26136
PhaLP,sustainability,0.4975,avg_issue_close_time_days,,,0.0,0.0
PhaLP,sustainability,0.4975,num_open_issues,1,0.995,0.5,0.4975
PhaLP,sustainability,0.4975,days_since_last_commit,2018,0.0,0.33333333333333337,0.0
PhaLP,sustainability,0.4975,inverse_simpson_index,,,0.0,0.0
PhaLP,sustainability,0.4975,has_releases,False,0.0,0.16666666666666669,0.0
PhaLP,security,0.014705882352941176,default_branch_protected,False,0.0,0.5,0.0
PhaLP,security,0.014705882352941176,has_security_policy,False,0.0,0.4852941176470588,0.0
PhaLP,security,0.014705882352941176,gitignore_present,True,1.0,0.014705882352941176,0.014705882352941176
PhaLP,security,0.014705882352941176,security_updates,,,0.0,0.0
PhaLP,security,0.014705882352941176,secret_scanning,,,0.0,0.0
PhaLP,scientific_impact,0.022,fwci,,,0.0,0.0
PhaLP,scientific_impact,0.022,citation_count,,,0.0,0.0
PhaLP,scientific_impact,0.022,star_count,3,0.03,0.6,0.018
PhaLP,scientific_impact,0.022,fork_count,1,0.01,0.4,0.004
PhaLP,scientific_impact,0.022,altmetric_score,,,0.0,0.0
brainageR,compatibility,0.0,input_formats,,,0.0,0.0
brainageR,compatibility,0.0,output_formats,,,0.0,0.0
brainageR,compatibility,0.0,has_workflow_support,False,0.0,0.5,0.0
brainageR,compatibility,0.0,has_distribution_support,False,0.0,0.5,0.0
brainageR,fairness,,license,,,0.0,0.0
brainageR,fairness,,repository,,,0.0,0.0
brainageR,fairness,,registry,,,0.0,0.0
brainageR,fairness,,citation,,,0.0,0.0
brainageR,fairness,,checklist,,,0.0,0.0
brainageR,fairness,,publication_open_access,,,0.0,0.0
brainageR,maintainability,0.8496633333333333,nloc_per_file,29.5,0.9705,0.3,0.29115
brainageR,maintainability,0.8496633333333333,avg_ccn,2.5,0.8333333333333334,0.4,0.33333333333333337
brainageR,maintainability,0.8496633333333333,duplicate_rate,24.94,0.7505999999999999,0.3,0.22517999999999996
brainageR,sustainability,0.27784776708087705,avg_issue_close_time_days,342.9204224537037,0.0,0.3,0.0
brainageR,sustainability,0.27784776708087705,num_open_issues,15,0.925,0.3,0.2775
brainageR,sustainability,0.27784776708087705,days_since_last_commit,996,0.0,0.2,0.0
brainageR,sustainability,0.27784776708087705,inverse_simpson_index,1.0660757453666398,0.0034776708087705184,0.1,0.0003477670808770519
brainageR,sustainability,0.27784776708087705,has_releases,False,0.0,0.1,0.0
brainageR,security,0.0,default_branch_protected,False,0.0,0.5,0.0
brainageR,security,0.0,has_security_policy,False,0.0,0.4852941176470588,0.0
brainageR,security,0.0,gitignore_present,False,0.0,0.014705882352941176,0.0
brainageR,security,0.0,security_updates,,,0.0,0.0
brainageR,security,0.0,secret_scanning,,,0.0,0.0
brainageR,scientific_impact,0.728,fwci,,,0.0,0.0
brainageR,scientific_impact,0.728,citation_count,,,0.0,0.0
brainageR,scientific_impact,0.728,star_count,115,1.0,0.6,0.6
brainageR,scientific_impact,0.728,fork_count,32,0.32,0.4,0.128
brainageR,scientific_impact,0.728,altmetric_score,,,0.0,0.0
IRIDIA-AF,compatibility,0.5,input_formats,,,0.0,0.0
IRIDIA-AF,compatibility,0.5,output_formats,,,0.0,0.0
IRIDIA-AF,compatibility,0.5,has_workflow_support,False,0.0,0.5,0.0
IRIDIA-AF,compatibility,0.5,has_distribution_support,True,1.0,0.5,0.5
IRIDIA-AF,fairness,0.5555555555555556,license,True,1.0,0.22222222222222224,0.22222222222222224
IRIDIA-AF,fairness,0.5555555555555556,repository,True,1.0,0.3333333333333333,0.3333333333333333
IRIDIA-AF,fairness,0.5555555555555556,registry,False,0.0,0.22222222222222224,0.0
IRIDIA-AF,fairness,0.5555555555555556,citation,False,0.0,0.11111111111111112,0.0
IRIDIA-AF,fairness,0.5555555555555556,checklist,False,0.0,0.11111111111111112,0.0
IRIDIA-AF,fairness,0.5555555555555556,publication_open_access,,,0.0,0.0
IRIDIA-AF,maintainability,0.9139751111111112,nloc_per_file,57.12,0.94288,0.3,0.282864
IRIDIA-AF,maintainability,0.9139751111111112,avg_ccn,2.55,0.8277777777777778,0.4,0.33111111111111113
IRIDIA-AF,maintainability,0.9139751111111112,duplicate_rate,0.0,1.0,0.3,0.3
IRIDIA-AF,sustainability,0.5998924961419753,avg_issue_close_time_days,0.03225115740740741,0.9996416538065843,0.3,0.2998924961419753
IRIDIA-AF,sustainability,0.5998924961419753,num_open_issues,0,1.0,0.3,0.3
IRIDIA-AF,sustainability,0.5998924961419753,days_since_last_commit,713,0.0,0.2,0.0
IRIDIA-AF,sustainability,0.5998924961419753,inverse_simpson_index,1.0,0.0,0.1,0.0
IRIDIA-AF,sustainability,0.5998924961419753,has_releases,False,0.0,0.1,0.0
IRIDIA-AF,security,0.5,default_branch_protected,True,1.0,0.5,0.5
IRIDIA-AF,security,0.5,has_security_policy,False,0.0,0.4852941176470588,0.0
IRIDIA-AF,security,0.5,gitignore_present,False,0.0,0.014705882352941176,0.0
IRIDIA-AF,security,0.5,security_updates,,,0.0,0.0
IRIDIA-AF,security,0.5,secret_scanning,,,0.0,0.0
IRIDIA-AF,scientific_impact,0.07400000000000001,fwci,,,0.0,0.0
IRIDIA-AF,scientific_impact,0.07400000000000001,citation_count,,,0.0,0.0
IRIDIA-AF,scientific_impact,0.07400000000000001,star_count,11,0.11,0.6,0.066
IRIDIA-AF,scientific_impact,0.07400000000000001,fork_count,2,0.02,0.4,0.008
IRIDIA-AF,scientific_impact,0.07400000000000001,altmetric_score,,,0.0,0.0
SBMLtoOdin,compatibility,0.0,input_formats,,,0.0,0.0
SBMLtoOdin,compatibility,0.0,output_formats,,,0.0,0.0
SBMLtoOdin,compatibility,0.0,has_workflow_support,False,0.0,0.5,0.0
SBMLtoOdin,compatibility,0.0,has_distribution_support,False,0.0,0.5,0.0
SBMLtoOdin,fairness,0.5555555555555556,license,True,1.0,0.22222222222222224,0.22222222222222224
SBMLtoOdin,fairness,0.5555555555555556,repository,True,1.0,0.3333333333333333,0.3333333333333333
SBMLtoOdin,fairness,0.5555555555555556,registry,False,0.0,0.22222222222222224,0.0
SBMLtoOdin,fairness,0.5555555555555556,citation,False,0.0,0.11111111111111112,0.0
SBMLtoOdin,fairness,0.5555555555555556,checklist,False,0.0,0.11111111111111112,0.0
SBMLtoOdin,fairness,0.5555555555555556,publication_open_access,,,0.0,0.0
SBMLtoOdin,maintainability,0.5477977777777777,nloc_per_file,142.5,0.8575,0.3,0.25725
SBMLtoOdin,maintainability,0.5477977777777777,avg_ccn,9.78,0.02444444444444449,0.4,0.009777777777777797
SBMLtoOdin,maintainability,0.5477977777777777,duplicate_rate,6.41,0.9359,0.3,0.28076999999999996
SBMLtoOdin,sustainability,0.4285714285714286,avg_issue_close_time_days,,,0.0,0.0
SBMLtoOdin,sustainability,0.4285714285714286,num_open_issues,0,1.0,0.4285714285714286,0.4285714285714286
SBMLtoOdin,sustainability,0.4285714285714286,days_since_last_commit,461,0.0,0.28571428571428575,0.0
SBMLtoOdin,sustainability,0.4285714285714286,inverse_simpson_index,1.0,0.0,0.14285714285714288,0.0
SBMLtoOdin,sustainability,0.4285714285714286,has_releases,False,0.0,0.14285714285714288,0.0
SBMLtoOdin,security,0.014705882352941176,default_branch_protected,False,0.0,0.5,0.0
SBMLtoOdin,security,0.014705882352941176,has_security_policy,False,0.0,0.4852941176470588,0.0
SBMLtoOdin,security,0.014705882352941176,gitignore_present,True,1.0,0.014705882352941176,0.014705882352941176
SBMLtoOdin,security,0.014705882352941176,security_updates,,,0.0,0.0
SBMLtoOdin,security,0.014705882352941176,secret_scanning,,,0.0,0.0
SBMLtoOdin,scientific_impact,0.018,fwci,,,0.0,0.0
SBMLtoOdin,scientific_impact,0.018,citation_count,,,0.0,0.0
SBMLtoOdin,scientific_impact,0.018,star_count,3,0.03,0.6,0.018
SBMLtoOdin,scientific_impact,0.018,fork_count,0,0.0,0.4,0.0
SBMLtoOdin,scientific_impact,0.018,altmetric_score,,,0.0,0.0
SARS-CoV-2,compatibility,0.5,input_formats,,,0.0,0.0
SARS-CoV-2,compatibility,0.5,output_formats,,,0.0,0.0
SARS-CoV-2,compatibility,0.5,has_workflow_support,False,0.0,0.5,0.0
SARS-CoV-2,compatibility,0.5,has_distribution_support,True,1.0,0.5,0.5
SARS-CoV-2,fairness,,license,,,0.0,0.0
SARS-CoV-2,fairness,,repository,,,0.0,0.0
SARS-CoV-2,fairness,,registry,,,0.0,0.0
SARS-CoV-2,fairness,,citation,,,0.0,0.0
SARS-CoV-2,fairness,,checklist,,,0.0,0.0
SARS-CoV-2,fairness,,publication_open_access,,,0.0,0.0
SARS-CoV-2,maintainability,0.9294725555555556,nloc_per_file,29.41,0.97059,0.3,0.29117699999999996
SARS-CoV-2,maintainability,0.9294725555555556,avg_ccn,2.36,0.8488888888888889,0.4,0.3395555555555556
SARS-CoV-2,maintainability,0.9294725555555556,duplicate_rate,0.42,0.9958,0.3,0.29874
SARS-CoV-2,sustainability,0.5852426368306926,avg_issue_close_time_days,6.828124473905723,0.9241319502899364,0.3,0.27723958508698093
SARS-CoV-2,sustainability,0.5852426368306926,num_open_issues,19,0.905,0.3,0.2715
SARS-CoV-2,sustainability,0.5852426368306926,days_since_last_commit,1329,0.0,0.2,0.0
SARS-CoV-2,sustainability,0.5852426368306926,inverse_simpson_index,7.9355798313052075,0.3650305174371162,0.1,0.03650305174371162
SARS-CoV-2,sustainability,0.5852426368306926,has_releases,False,0.0,0.1,0.0
SARS-CoV-2,security,0.014705882352941176,default_branch_protected,False,0.0,0.5,0.0
SARS-CoV-2,security,0.014705882352941176,has_security_policy,False,0.0,0.4852941176470588,0.0
SARS-CoV-2,security,0.014705882352941176,gitignore_present,True,1.0,0.014705882352941176,0.014705882352941176
SARS-CoV-2,security,0.014705882352941176,security_updates,,,0.0,0.0
SARS-CoV-2,security,0.014705882352941176,secret_scanning,,,0.0,0.0
SARS-CoV-2,scientific_impact,0.904,fwci,,,0.0,0.0
SARS-CoV-2,scientific_impact,0.904,citation_count,,,0.0,0.0
SARS-CoV-2,scientific_impact,0.904,star_count,127,1.0,0.6,0.6
SARS-CoV-2,scientific_impact,0.904,fork_count,76,0.76,0.4,0.30400000000000005
SARS-CoV-2,scientific_impact,0.904,altmetric_score,,,0.0,0.0
osl-dynamics,compatibility,,input_formats,,,0.0,0.0
osl-dynamics,compatibility,,output_formats,,,0.0,0.0
osl-dynamics,compatibility,,has_workflow_support,,,0.0,0.0
osl-dynamics,compatibility,,has_distribution_support,,,0.0,0.0
osl-dynamics,fairness,0.6666666666666666,license,True,1.0,0.22222222222222224,0.22222222222222224
osl-dynamics,fairness,0.6666666666666666,repository,True,1.0,0.3333333333333333,0.3333333333333333
osl-dynamics,fairness,0.6666666666666666,registry,False,0.0,0.22222222222222224,0.0
osl-dynamics,fairness,0.6666666666666666,citation,True,1.0,0.11111111111111112,0.11111111111111112
osl-dynamics,fairness,0.6666666666666666,checklist,False,0.0,0.11111111111111112,0.0
osl-dynamics,fairness,0.6666666666666666,publication_open_access,,,0.0,0.0
osl-dynamics,maintainability,0.7364214444444444,nloc_per_file,107.61,0.89239,0.3,0.267717
osl-dynamics,maintainability,0.7364214444444444,avg_ccn,5.49,0.5011111111111111,0.4,0.20044444444444443
osl-dynamics,maintainability,0.7364214444444444,duplicate_rate,10.58,0.8942,0.3,0.26826
osl-dynamics,sustainability,,avg_issue_close_time_days,,,0.0,0.0
osl-dynamics,sustainability,,num_open_issues,,,0.0,0.0
osl-dynamics,sustainability,,days_since_last_commit,,,0.0,0.0
osl-dynamics,sustainability,,inverse_simpson_index,,,0.0,0.0
osl-dynamics,sustainability,,has_releases,,,0.0,0.0
osl-dynamics,security,,default_branch_protected,,,0.0,0.0
osl-dynamics,security,,has_security_policy,,,0.0,0.0
osl-dynamics,security,,gitignore_present,,,0.0,0.0
osl-dynamics,security,,security_updates,,,0.0,0.0
osl-dynamics,security,,secret_scanning,,,0.0,0.0
osl-dynamics,scientific_impact,,fwci,,,0.0,0.0
osl-dynamics,scientific_impact,,citation_count,,,0.0,0.0
osl-dynamics,scientific_impact,,star_count,,,0.0,0.0
osl-dynamics,scientific_impact,,fork_count,,,0.0,0.0
osl-dynamics,scientific_impact,,altmetric_score,,,0.0,0.0
Simultant,compatibility,0.5,input_formats,,,0.0,0.0
Simultant,compatibility,0.5,output_formats,,,0.0,0.0
Simultant,compatibility,0.5,has_workflow_support,False,0.0,0.5,0.0
Simultant,compatibility,0.5,has_distribution_support,True,1.0,0.5,0.5
Simultant,fairness,,license,,,0.0,0.0
Simultant,fairness,,repository,,,0.0,0.0
Simultant,fairness,,registry,,,0.0,0.0
Simultant,fairness,,citation,,,0.0,0.0
Simultant,fairness,,checklist,,,0.0,0.0
Simultant,fairness,,publication_open_access,,,0.0,0.0
Simultant,maintainability,0.8977513333333333,nloc_per_file,60.94,0.93906,0.3,0.28171799999999997
Simultant,maintainability,0.8977513333333333,avg_ccn,2.68,0.8133333333333334,0.4,0.32533333333333336
Simultant,maintainability,0.8977513333333333,duplicate_rate,3.1,0.969,0.3,0.29069999999999996
Simultant,sustainability,0.4285714285714286,avg_issue_close_time_days,,,0.0,0.0
Simultant,sustainability,0.4285714285714286,num_open_issues,0,1.0,0.4285714285714286,0.4285714285714286
Simultant,sustainability,0.4285714285714286,days_since_last_commit,1820,0.0,0.28571428571428575,0.0
Simultant,sustainability,0.4285714285714286,inverse_simpson_index,1.0,0.0,0.14285714285714288,0.0
Simultant,sustainability,0.4285714285714286,has_releases,False,0.0,0.14285714285714288,0.0
Simultant,security,0.014705882352941176,default_branch_protected,False,0.0,0.5,0.0
Simultant,security,0.014705882352941176,has_security_policy,False,0.0,0.4852941176470588,0.0
Simultant,security,0.014705882352941176,gitignore_present,True,1.0,0.014705882352941176,0.014705882352941176
Simultant,security,0.014705882352941176,security_updates,,,0.0,0.0
Simultant,security,0.014705882352941176,secret_scanning,,,0.0,0.0
Simultant,scientific_impact,0.012,fwci,,,0.0,0.0
Simultant,scientific_impact,0.012,citation_count,,,0.0,0.0
Simultant,scientific_impact,0.012,star_count,2,0.02,0.6,0.012
Simultant,scientific_impact,0.012,fork_count,0,0.0,0.4,0.0
Simultant,scientific_impact,0.012,altmetric_score,,,0.0,0.0
Pheno-Ranker,compatibility,0.5,input_formats,,,0.0,0.0
Pheno-Ranker,compatibility,0.5,output_formats,,,0.0,0.0
Pheno-Ranker,compatibility,0.5,has_workflow_support,False,0.0,0.5,0.0
Pheno-Ranker,compatibility,0.5,has_distribution_support,True,1.0,0.5,0.5
Pheno-Ranker,fairness,0.5555555555555556,license,True,1.0,0.22222222222222224,0.22222222222222224
Pheno-Ranker,fairness,0.5555555555555556,repository,True,1.0,0.3333333333333333,0.3333333333333333
Pheno-Ranker,fairness,0.5555555555555556,registry,False,0.0,0.22222222222222224,0.0
Pheno-Ranker,fairness,0.5555555555555556,citation,False,0.0,0.11111111111111112,0.0
Pheno-Ranker,fairness,0.5555555555555556,checklist,False,0.0,0.11111111111111112,0.0
Pheno-Ranker,fairness,0.5555555555555556,publication_open_access,,,0.0,0.0
Pheno-Ranker,maintainability,0.8139366666666666,nloc_per_file,68.0,0.9319999999999999,0.3,0.27959999999999996
Pheno-Ranker,maintainability,0.8139366666666666,avg_ccn,3.64,0.7066666666666667,0.4,0.2826666666666667
Pheno-Ranker,maintainability,0.8139366666666666,duplicate_rate,16.11,0.8389,0.3,0.25167
Pheno-Ranker,sustainability,0.6492063492063493,avg_issue_close_time_days,,,0.0,0.0
Pheno-Ranker,sustainability,0.6492063492063493,num_open_issues,0,1.0,0.4285714285714286,0.4285714285714286
Pheno-Ranker,sustainability,0.6492063492063493,days_since_last_commit,41,0.7722222222222223,0.28571428571428575,0.22063492063492068
Pheno-Ranker,sustainability,0.6492063492063493,inverse_simpson_index,1.0,0.0,0.14285714285714288,0.0
Pheno-Ranker,sustainability,0.6492063492063493,has_releases,False,0.0,0.14285714285714288,0.0
Pheno-Ranker,security,0.014705882352941176,default_branch_protected,False,0.0,0.5,0.0
Pheno-Ranker,security,0.014705882352941176,has_security_policy,False,0.0,0.4852941176470588,0.0
Pheno-Ranker,security,0.014705882352941176,gitignore_present,True,1.0,0.014705882352941176,0.014705882352941176
Pheno-Ranker,security,0.014705882352941176,security_updates,,,0.0,0.0
Pheno-Ranker,security,0.014705882352941176,secret_scanning,,,0.0,0.0
Pheno-Ranker,scientific_impact,0.057999999999999996,fwci,,,0.0,0.0
Pheno-Ranker,scientific_impact,0.057999999999999996,citation_count,,,0.0,0.0
Pheno-Ranker,scientific_impact,0.057999999999999996,star_count,9,0.09,0.6,0.054
Pheno-Ranker,scientific_impact,0.057999999999999996,fork_count,1,0.01,0.4,0.004
Pheno-Ranker,scientific_impact,0.057999999999999996,altmetric_score,,,0.0,0.0
getphylo,compatibility,0.0,input_formats,,,0.0,0.0
getphylo,compatibility,0.0,output_formats,,,0.0,0.0
getphylo,compatibility,0.0,has_workflow_support,False,0.0,0.5,0.0
getphylo,compatibility,0.0,has_distribution_support,False,0.0,0.5,0.0
getphylo,fairness,0.5555555555555556,license,True,1.0,0.22222222222222224,0.22222222222222224
getphylo,fairness,0.5555555555555556,repository,True,1.0,0.3333333333333333,0.3333333333333333
getphylo,fairness,0.5555555555555556,registry,False,0.0,0.22222222222222224,0.0
getphylo,fairness,0.5555555555555556,citation,False,0.0,0.11111111111111112,0.0
getphylo,fairness,0.5555555555555556,checklist,False,0.0,0.11111111111111112,0.0
getphylo,fairness,0.5555555555555556,publication_open_access,,,0.0,0.0
getphylo,maintainability,1.0,nloc_per_file,0.0,1.0,0.3,0.3
getphylo,maintainability,1.0,avg_ccn,0.0,1.0,0.4,0.4
getphylo,maintainability,1.0,duplicate_rate,0.0,1.0,0.3,0.3
getphylo,sustainability,0.4285714285714286,avg_issue_close_time_days,,,0.0,0.0
getphylo,sustainability,0.4285714285714286,num_open_issues,0,1.0,0.4285714285714286,0.4285714285714286
getphylo,sustainability,0.4285714285714286,days_since_last_commit,487,0.0,0.28571428571428575,0.0
getphylo,sustainability,0.4285714285714286,inverse_simpson_index,1.0,0.0,0.14285714285714288,0.0
getphylo,sustainability,0.4285714285714286,has_releases,False,0.0,0.14285714285714288,0.0
getphylo,security,0.0,default_branch_protected,False,0.0,0.5,0.0
getphylo,security,0.0,has_security_policy,False,0.0,0.4852941176470588,0.0
getphylo,security,0.0,gitignore_present,False,0.0,0.014705882352941176,0.0
getphylo,security,0.0,security_updates,,,0.0,0.0
getphylo,security,0.0,secret_scanning,,,0.0,0.0
getphylo,scientific_impact,0.0,fwci,,,0.0,0.0
getphylo,scientific_impact,0.0,citation_count,,,0.0,0.0
getphylo,scientific_impact,0.0,star_count,0,0.0,0.6,0.0
getphylo,scientific_impact,0.0,fork_count,0,0.0,0.4,0.0
getphylo,scientific_impact,0.0,altmetric_score,,,0.0,0.0
ARBitR,compatibility,0.0,input_formats,,,0.0,0.0
ARBitR,compatibility,0.0,output_formats,,,0.0,0.0
ARBitR,compatibility,0.0,has_workflow_support,False,0.0,0.5,0.0
ARBitR,compatibility,0.0,has_distribution_support,False,0.0,0.5,0.0
ARBitR,fairness,,license,,,0.0,0.0
ARBitR,fairness,,repository,,,0.0,0.0
ARBitR,fairness,,registry,,,0.0,0.0
ARBitR,fairness,,citation,,,0.0,0.0
ARBitR,fairness,,checklist,,,0.0,0.0
ARBitR,fairness,,publication_open_access,,,0.0,0.0
ARBitR,maintainability,0.7579711111111112,nloc_per_file,110.3,0.8897,0.3,0.26691
ARBitR,maintainability,0.7579711111111112,avg_ccn,5.61,0.48777777777777775,0.4,0.19511111111111112
ARBitR,maintainability,0.7579711111111112,duplicate_rate,1.35,0.9865,0.3,0.29595
ARBitR,sustainability,0.294,avg_issue_close_time_days,127.38858024691358,0.0,0.3,0.0
ARBitR,sustainability,0.294,num_open_issues,4,0.98,0.3,0.294
ARBitR,sustainability,0.294,days_since_last_commit,2163,0.0,0.2,0.0
ARBitR,sustainability,0.294,inverse_simpson_index,1.0,0.0,0.1,0.0
ARBitR,sustainability,0.294,has_releases,False,0.0,0.1,0.0
ARBitR,security,0.0,default_branch_protected,False,0.0,0.5,0.0
ARBitR,security,0.0,has_security_policy,False,0.0,0.4852941176470588,0.0
ARBitR,security,0.0,gitignore_present,False,0.0,0.014705882352941176,0.0
ARBitR,security,0.0,security_updates,,,0.0,0.0
ARBitR,security,0.0,secret_scanning,,,0.0,0.0
ARBitR,scientific_impact,0.064,fwci,,,0.0,0.0
ARBitR,scientific_impact,0.064,citation_count,,,0.0,0.0
ARBitR,scientific_impact,0.064,star_count,10,0.1,0.6,0.06
ARBitR,scientific_impact,0.064,fork_count,1,0.01,0.4,0.004
ARBitR,scientific_impact,0.064,altmetric_score,,,0.0,0.0
PyAMARES,compatibility,0.5,input_formats,,,0.0,0.0
PyAMARES,compatibility,0.5,output_formats,,,0.0,0.0
PyAMARES,compatibility,0.5,has_workflow_support,False,0.0,0.5,0.0
PyAMARES,compatibility,0.5,has_distribution_support,True,1.0,0.5,0.5
PyAMARES,fairness,,license,,,0.0,0.0
PyAMARES,fairness,,repository,,,0.0,0.0
PyAMARES,fairness,,registry,,,0.0,0.0
PyAMARES,fairness,,citation,,,0.0,0.0
PyAMARES,fairness,,checklist,,,0.0,0.0
PyAMARES,fairness,,publication_open_access,,,0.0,0.0
PyAMARES,maintainability,0.78365,nloc_per_file,134.7,0.8653,0.3,0.25959
PyAMARES,maintainability,0.78365,avg_ccn,4.69,0.59,0.4,0.236
PyAMARES,maintainability,0.78365,duplicate_rate,3.98,0.9601999999999999,0.3,0.28806
PyAMARES,sustainability,0.524460799616801,avg_issue_close_time_days,20.32037326388889,0.7742180748456791,0.3,0.2322654224537037
PyAMARES,sustainability,0.524460799616801,num_open_issues,7,0.965,0.3,0.2895
PyAMARES,sustainability,0.524460799616801,days_since_last_commit,245,0.0,0.2,0.0
PyAMARES,sustainability,0.524460799616801,inverse_simpson_index,1.5121216609884953,0.026953771630973438,0.1,0.002695377163097344
PyAMARES,sustainability,0.524460799616801,has_releases,False,0.0,0.1,0.0
PyAMARES,security,0.014705882352941176,default_branch_protected,False,0.0,0.5,0.0
PyAMARES,security,0.014705882352941176,has_security_policy,False,0.0,0.4852941176470588,0.0
PyAMARES,security,0.014705882352941176,gitignore_present,True,1.0,0.014705882352941176,0.014705882352941176
PyAMARES,security,0.014705882352941176,security_updates,,,0.0,0.0
PyAMARES,security,0.014705882352941176,secret_scanning,,,0.0,0.0
PyAMARES,scientific_impact,0.056,fwci,,,0.0,0.0
PyAMARES,scientific_impact,0.056,citation_count,,,0.0,0.0
PyAMARES,scientific_impact,0.056,star_count,8,0.08,0.6,0.048
PyAMARES,scientific_impact,0.056,fork_count,2,0.02,0.4,0.008
PyAMARES,scientific_impact,0.056,altmetric_score,,,0.0,0.0
DDtrek,compatibility,0.0,input_formats,,,0.0,0.0
DDtrek,compatibility,0.0,output_formats,,,0.0,0.0
DDtrek,compatibility,0.0,has_workflow_support,False,0.0,0.5,0.0
DDtrek,compatibility,0.0,has_distribution_support,False,0.0,0.5,0.0
DDtrek,fairness,0.5555555555555556,license,True,1.0,0.22222222222222224,0.22222222222222224
DDtrek,fairness,0.5555555555555556,repository,True,1.0,0.3333333333333333,0.3333333333333333
DDtrek,fairness,0.5555555555555556,registry,False,0.0,0.22222222222222224,0.0
DDtrek,fairness,0.5555555555555556,citation,False,0.0,0.11111111111111112,0.0
DDtrek,fairness,0.5555555555555556,checklist,False,0.0,0.11111111111111112,0.0
DDtrek,fairness,0.5555555555555556,publication_open_access,,,0.0,0.0
DDtrek,maintainability,0.7463222222222222,nloc_per_file,122.5,0.8775,0.3,0.26325
DDtrek,maintainability,0.7463222222222222,avg_ccn,5.27,0.5255555555555556,0.4,0.21022222222222223
DDtrek,maintainability,0.7463222222222222,duplicate_rate,9.05,0.9095,0.3,0.27285
DDtrek,sustainability,0.43650793650793657,avg_issue_close_time_days,,,0.0,0.0
DDtrek,sustainability,0.43650793650793657,num_open_issues,0,1.0,0.4285714285714286,0.4285714285714286
DDtrek,sustainability,0.43650793650793657,days_since_last_commit,175,0.02777777777777779,0.28571428571428575,0.007936507936507941
DDtrek,sustainability,0.43650793650793657,inverse_simpson_index,1.0,0.0,0.14285714285714288,0.0
DDtrek,sustainability,0.43650793650793657,has_releases,False,0.0,0.14285714285714288,0.0
DDtrek,security,0.014705882352941176,default_branch_protected,False,0.0,0.5,0.0
DDtrek,security,0.014705882352941176,has_security_policy,False,0.0,0.4852941176470588,0.0
DDtrek,security,0.014705882352941176,gitignore_present,True,1.0,0.014705882352941176,0.014705882352941176
DDtrek,security,0.014705882352941176,security_updates,,,0.0,0.0
DDtrek,security,0.014705882352941176,secret_scanning,,,0.0,0.0
DDtrek,scientific_impact,0.018,fwci,,,0.0,0.0
DDtrek,scientific_impact,0.018,citation_count,,,0.0,0.0
DDtrek,scientific_impact,0.018,star_count,3,0.03,0.6,0.018
DDtrek,scientific_impact,0.018,fork_count,0,0.0,0.4,0.0
DDtrek,scientific_impact,0.018,altmetric_score,,,0.0,0.0
FlexTaxD,compatibility,0.5,input_formats,,,0.0,0.0
FlexTaxD,compatibility,0.5,output_formats,,,0.0,0.0
FlexTaxD,compatibility,0.5,has_workflow_support,False,0.0,0.5,0.0
FlexTaxD,compatibility,0.5,has_distribution_support,True,1.0,0.5,0.5
FlexTaxD,fairness,0.5555555555555556,license,True,1.0,0.22222222222222224,0.22222222222222224
FlexTaxD,fairness,0.5555555555555556,repository,True,1.0,0.3333333333333333,0.3333333333333333
FlexTaxD,fairness,0.5555555555555556,registry,False,0.0,0.22222222222222224,0.0
FlexTaxD,fairness,0.5555555555555556,citation,False,0.0,0.11111111111111112,0.0
FlexTaxD,fairness,0.5555555555555556,checklist,False,0.0,0.11111111111111112,0.0
FlexTaxD,fairness,0.5555555555555556,publication_open_access,,,0.0,0.0
FlexTaxD,maintainability,0.7945424444444444,nloc_per_file,148.04,0.85196,0.3,0.255588
FlexTaxD,maintainability,0.7945424444444444,avg_ccn,4.5,0.6111111111111112,0.4,0.24444444444444446
FlexTaxD,maintainability,0.7945424444444444,duplicate_rate,1.83,0.9817,0.3,0.29451
FlexTaxD,sustainability,0.3720197437765083,avg_issue_close_time_days,199.21398842592592,0.0,0.3,0.0
FlexTaxD,sustainability,0.3720197437765083,num_open_issues,3,0.985,0.3,0.2955
FlexTaxD,sustainability,0.3720197437765083,days_since_last_commit,112,0.37777777777777777,0.2,0.07555555555555556
FlexTaxD,sustainability,0.3720197437765083,inverse_simpson_index,1.1831957619810274,0.009641882209527757,0.1,0.0009641882209527758
FlexTaxD,sustainability,0.3720197437765083,has_releases,False,0.0,0.1,0.0
FlexTaxD,security,0.014705882352941176,default_branch_protected,False,0.0,0.5,0.0
FlexTaxD,security,0.014705882352941176,has_security_policy,False,0.0,0.4852941176470588,0.0
FlexTaxD,security,0.014705882352941176,gitignore_present,True,1.0,0.014705882352941176,0.014705882352941176
FlexTaxD,security,0.014705882352941176,security_updates,,,0.0,0.0
FlexTaxD,security,0.014705882352941176,secret_scanning,,,0.0,0.0
FlexTaxD,scientific_impact,0.44000000000000006,fwci,,,0.0,0.0
FlexTaxD,scientific_impact,0.44000000000000006,citation_count,,,0.0,0.0
FlexTaxD,scientific_impact,0.44000000000000006,star_count,68,0.68,0.6,0.40800000000000003
FlexTaxD,scientific_impact,0.44000000000000006,fork_count,8,0.08,0.4,0.032
FlexTaxD,scientific_impact,0.44000000000000006,altmetric_score,,,0.0,0.0
vcfgl,compatibility,0.0,input_formats,,,0.0,0.0
vcfgl,compatibility,0.0,output_formats,,,0.0,0.0
vcfgl,compatibility,0.0,has_workflow_support,False,0.0,0.5,0.0
vcfgl,compatibility,0.0,has_distribution_support,False,0.0,0.5,0.0
vcfgl,fairness,,license,,,0.0,0.0
vcfgl,fairness,,repository,,,0.0,0.0
vcfgl,fairness,,registry,,,0.0,0.0
vcfgl,fairness,,citation,,,0.0,0.0
vcfgl,fairness,,checklist,,,0.0,0.0
vcfgl,fairness,,publication_open_access,,,0.0,0.0
vcfgl,maintainability,0.45209099999999997,nloc_per_file,354.93,0.64507,0.3,0.193521
vcfgl,maintainability,0.45209099999999997,avg_ccn,14.2,0.0,0.4,0.0
vcfgl,maintainability,0.45209099999999997,duplicate_rate,13.81,0.8619,0.3,0.25856999999999997
vcfgl,sustainability,0.49798325722715603,avg_issue_close_time_days,30.632480709876546,0.659639103223594,0.3,0.19789173096707818
vcfgl,sustainability,0.49798325722715603,num_open_issues,0,1.0,0.3,0.3
vcfgl,sustainability,0.49798325722715603,days_since_last_commit,505,0.0,0.2,0.0
vcfgl,sustainability,0.49798325722715603,inverse_simpson_index,1.017389989414789,0.0009152626007783729,0.1,9.15262600778373e-05
vcfgl,sustainability,0.49798325722715603,has_releases,False,0.0,0.1,0.0
vcfgl,security,0.014705882352941176,default_branch_protected,False,0.0,0.5,0.0
vcfgl,security,0.014705882352941176,has_security_policy,False,0.0,0.4852941176470588,0.0
vcfgl,security,0.014705882352941176,gitignore_present,True,1.0,0.014705882352941176,0.014705882352941176
vcfgl,security,0.014705882352941176,security_updates,,,0.0,0.0
vcfgl,security,0.014705882352941176,secret_scanning,,,0.0,0.0
vcfgl,scientific_impact,0.10600000000000001,fwci,,,0.0,0.0
vcfgl,scientific_impact,0.10600000000000001,citation_count,,,0.0,0.0
vcfgl,scientific_impact,0.10600000000000001,star_count,17,0.17,0.6,0.10200000000000001
vcfgl,scientific_impact,0.10600000000000001,fork_count,1,0.01,0.4,0.004
vcfgl,scientific_impact,0.10600000000000001,altmetric_score,,,0.0,0.0
Circr,compatibility,0.0,input_formats,,,0.0,0.0
Circr,compatibility,0.0,output_formats,,,0.0,0.0
Circr,compatibility,0.0,has_workflow_support,False,0.0,0.5,0.0
Circr,compatibility,0.0,has_distribution_support,False,0.0,0.5,0.0
Circr,fairness,0.3333333333333333,license,False,0.0,0.22222222222222224,0.0
Circr,fairness,0.3333333333333333,repository,True,1.0,0.3333333333333333,0.3333333333333333
Circr,fairness,0.3333333333333333,registry,False,0.0,0.22222222222222224,0.0
Circr,fairness,0.3333333333333333,citation,False,0.0,0.11111111111111112,0.0
Circr,fairness,0.3333333333333333,checklist,False,0.0,0.11111111111111112,0.0
Circr,fairness,0.3333333333333333,publication_open_access,,,0.0,0.0
Circr,maintainability,0.5434177777777778,nloc_per_file,564.5,0.4355,0.3,0.13065
Circr,maintainability,0.5434177777777778,avg_ccn,6.54,0.3844444444444445,0.4,0.1537777777777778
Circr,maintainability,0.5434177777777778,duplicate_rate,13.67,0.8633,0.3,0.25899
Circr,sustainability,0.45328960536257723,avg_issue_close_time_days,44.118541666666665,0.5097939814814815,0.3,0.15293819444444443
Circr,sustainability,0.45328960536257723,num_open_issues,5,0.975,0.3,0.2925
Circr,sustainability,0.45328960536257723,days_since_last_commit,644,0.0,0.2,0.0
Circr,sustainability,0.45328960536257723,inverse_simpson_index,2.4917680744452393,0.07851410918132838,0.1,0.007851410918132838
Circr,sustainability,0.45328960536257723,has_releases,False,0.0,0.1,0.0
Circr,security,0.0,default_branch_protected,False,0.0,0.5,0.0
Circr,security,0.0,has_security_policy,False,0.0,0.4852941176470588,0.0
Circr,security,0.0,gitignore_present,False,0.0,0.014705882352941176,0.0
Circr,security,0.0,security_updates,,,0.0,0.0
Circr,security,0.0,secret_scanning,,,0.0,0.0
Circr,scientific_impact,0.04,fwci,,,0.0,0.0
Circr,scientific_impact,0.04,citation_count,,,0.0,0.0
Circr,scientific_impact,0.04,star_count,4,0.04,0.6,0.024
Circr,scientific_impact,0.04,fork_count,4,0.04,0.4,0.016
Circr,scientific_impact,0.04,altmetric_score,,,0.0,0.0
SNPtotree,compatibility,0.5,input_formats,,,0.0,0.0
SNPtotree,compatibility,0.5,output_formats,,,0.0,0.0
SNPtotree,compatibility,0.5,has_workflow_support,False,0.0,0.5,0.0
SNPtotree,compatibility,0.5,has_distribution_support,True,1.0,0.5,0.5
SNPtotree,fairness,0.5555555555555556,license,True,1.0,0.22222222222222224,0.22222222222222224
SNPtotree,fairness,0.5555555555555556,repository,True,1.0,0.3333333333333333,0.3333333333333333
SNPtotree,fairness,0.5555555555555556,registry,False,0.0,0.22222222222222224,0.0
SNPtotree,fairness,0.5555555555555556,citation,False,0.0,0.11111111111111112,0.0
SNPtotree,fairness,0.5555555555555556,checklist,False,0.0,0.11111111111111112,0.0
SNPtotree,fairness,0.5555555555555556,publication_open_access,,,0.0,0.0
SNPtotree,maintainability,1.0,nloc_per_file,0.0,1.0,0.3,0.3
SNPtotree,maintainability,1.0,avg_ccn,0.0,1.0,0.4,0.4
SNPtotree,maintainability,1.0,duplicate_rate,0.0,1.0,0.3,0.3
SNPtotree,sustainability,0.42642857142857143,avg_issue_close_time_days,,,0.0,0.0
SNPtotree,sustainability,0.42642857142857143,num_open_issues,1,0.995,0.4285714285714286,0.42642857142857143
SNPtotree,sustainability,0.42642857142857143,days_since_last_commit,842,0.0,0.28571428571428575,0.0
SNPtotree,sustainability,0.42642857142857143,inverse_simpson_index,1.0,0.0,0.14285714285714288,0.0
SNPtotree,sustainability,0.42642857142857143,has_releases,False,0.0,0.14285714285714288,0.0
SNPtotree,security,0.0,default_branch_protected,False,0.0,0.5,0.0
SNPtotree,security,0.0,has_security_policy,False,0.0,0.4852941176470588,0.0
SNPtotree,security,0.0,gitignore_present,False,0.0,0.014705882352941176,0.0
SNPtotree,security,0.0,security_updates,,,0.0,0.0
SNPtotree,security,0.0,secret_scanning,,,0.0,0.0
SNPtotree,scientific_impact,0.016,fwci,,,0.0,0.0
SNPtotree,scientific_impact,0.016,citation_count,,,0.0,0.0
SNPtotree,scientific_impact,0.016,star_count,2,0.02,0.6,0.012
SNPtotree,scientific_impact,0.016,fork_count,1,0.01,0.4,0.004
SNPtotree,scientific_impact,0.016,altmetric_score,,,0.0,0.0
Cancermuts,compatibility,0.5,input_formats,,,0.0,0.0
Cancermuts,compatibility,0.5,output_formats,,,0.0,0.0
Cancermuts,compatibility,0.5,has_workflow_support,False,0.0,0.5,0.0
Cancermuts,compatibility,0.5,has_distribution_support,True,1.0,0.5,0.5
Cancermuts,fairness,,license,,,0.0,0.0
Cancermuts,fairness,,repository,,,0.0,0.0
Cancermuts,fairness,,registry,,,0.0,0.0
Cancermuts,fairness,,citation,,,0.0,0.0
Cancermuts,fairness,,checklist,,,0.0,0.0
Cancermuts,fairness,,publication_open_access,,,0.0,0.0
Cancermuts,maintainability,0.798124111111111,nloc_per_file,164.09,0.8359099999999999,0.3,0.25077299999999997
Cancermuts,maintainability,0.798124111111111,avg_ccn,4.17,0.6477777777777778,0.4,0.2591111111111111
Cancermuts,maintainability,0.798124111111111,duplicate_rate,3.92,0.9608,0.3,0.28824
Cancermuts,sustainability,0.4673843311921809,avg_issue_close_time_days,238.63868134144946,0.0,0.3,0.0
Cancermuts,sustainability,0.4673843311921809,num_open_issues,6,0.97,0.3,0.291
Cancermuts,sustainability,0.4673843311921809,days_since_last_commit,27,0.85,0.2,0.17
Cancermuts,sustainability,0.4673843311921809,inverse_simpson_index,2.2130229265143786,0.0638433119218094,0.1,0.006384331192180941
Cancermuts,sustainability,0.4673843311921809,has_releases,False,0.0,0.1,0.0
Cancermuts,security,0.5,default_branch_protected,True,1.0,0.5,0.5
Cancermuts,security,0.5,has_security_policy,False,0.0,0.4852941176470588,0.0
Cancermuts,security,0.5,gitignore_present,False,0.0,0.014705882352941176,0.0
Cancermuts,security,0.5,security_updates,,,0.0,0.0
Cancermuts,security,0.5,secret_scanning,,,0.0,0.0
Cancermuts,scientific_impact,0.034,fwci,,,0.0,0.0
Cancermuts,scientific_impact,0.034,citation_count,,,0.0,0.0
Cancermuts,scientific_impact,0.034,star_count,5,0.05,0.6,0.03
Cancermuts,scientific_impact,0.034,fork_count,1,0.01,0.4,0.004
Cancermuts,scientific_impact,0.034,altmetric_score,,,0.0,0.0
COBY,compatibility,0.5,input_formats,,,0.0,0.0
COBY,compatibility,0.5,output_formats,,,0.0,0.0
COBY,compatibility,0.5,has_workflow_support,False,0.0,0.5,0.0
COBY,compatibility,0.5,has_distribution_support,True,1.0,0.5,0.5
COBY,fairness,0.5555555555555556,license,True,1.0,0.22222222222222224,0.22222222222222224
COBY,fairness,0.5555555555555556,repository,True,1.0,0.3333333333333333,0.3333333333333333
COBY,fairness,0.5555555555555556,registry,False,0.0,0.22222222222222224,0.0
COBY,fairness,0.5555555555555556,citation,False,0.0,0.11111111111111112,0.0
COBY,fairness,0.5555555555555556,checklist,False,0.0,0.11111111111111112,0.0
COBY,fairness,0.5555555555555556,publication_open_access,,,0.0,0.0
COBY,maintainability,0.49846499999999994,nloc_per_file,82.45,0.91755,0.3,0.275265
COBY,maintainability,0.49846499999999994,avg_ccn,11.99,0.0,0.4,0.0
COBY,maintainability,0.49846499999999994,duplicate_rate,25.6,0.744,0.3,0.22319999999999998
COBY,sustainability,0.6083828680093237,avg_issue_close_time_days,14.148474326599326,0.8427947297044519,0.3,0.25283841891133557
COBY,sustainability,0.6083828680093237,num_open_issues,4,0.98,0.3,0.294
COBY,sustainability,0.6083828680093237,days_since_last_commit,125,0.3055555555555556,0.2,0.061111111111111116
COBY,sustainability,0.6083828680093237,inverse_simpson_index,1.0823342175066313,0.004333379868770067,0.1,0.00043333798687700677
COBY,sustainability,0.6083828680093237,has_releases,False,0.0,0.1,0.0
COBY,security,0.0,default_branch_protected,False,0.0,0.5,0.0
COBY,security,0.0,has_security_policy,False,0.0,0.4852941176470588,0.0
COBY,security,0.0,gitignore_present,False,0.0,0.014705882352941176,0.0
COBY,security,0.0,security_updates,,,0.0,0.0
COBY,security,0.0,secret_scanning,,,0.0,0.0
COBY,scientific_impact,0.344,fwci,,,0.0,0.0
COBY,scientific_impact,0.344,citation_count,,,0.0,0.0
COBY,scientific_impact,0.344,star_count,50,0.5,0.6,0.3
COBY,scientific_impact,0.344,fork_count,11,0.11,0.4,0.044000000000000004
COBY,scientific_impact,0.344,altmetric_score,,,0.0,0.0
ScreenDB,compatibility,0.0,input_formats,,,0.0,0.0
ScreenDB,compatibility,0.0,output_formats,,,0.0,0.0
ScreenDB,compatibility,0.0,has_workflow_support,False,0.0,0.5,0.0
ScreenDB,compatibility,0.0,has_distribution_support,False,0.0,0.5,0.0
ScreenDB,fairness,0.5555555555555556,license,True,1.0,0.22222222222222224,0.22222222222222224
ScreenDB,fairness,0.5555555555555556,repository,True,1.0,0.3333333333333333,0.3333333333333333
ScreenDB,fairness,0.5555555555555556,registry,False,0.0,0.22222222222222224,0.0
ScreenDB,fairness,0.5555555555555556,citation,False,0.0,0.11111111111111112,0.0
ScreenDB,fairness,0.5555555555555556,checklist,False,0.0,0.11111111111111112,0.0
ScreenDB,fairness,0.5555555555555556,publication_open_access,,,0.0,0.0
ScreenDB,maintainability,0.8134222222222222,nloc_per_file,336.0,0.6639999999999999,0.3,0.19919999999999996
ScreenDB,maintainability,0.8134222222222222,avg_ccn,2.93,0.7855555555555556,0.4,0.31422222222222224
ScreenDB,maintainability,0.8134222222222222,duplicate_rate,0.0,1.0,0.3,0.3
ScreenDB,sustainability,0.43551185656448815,avg_issue_close_time_days,,,0.0,0.0
ScreenDB,sustainability,0.43551185656448815,num_open_issues,0,1.0,0.4285714285714286,0.4285714285714286
ScreenDB,sustainability,0.43551185656448815,days_since_last_commit,903,0.0,0.28571428571428575,0.0
ScreenDB,sustainability,0.43551185656448815,inverse_simpson_index,1.923076923076923,0.048582995951417,0.14285714285714288,0.006940427993059572
ScreenDB,sustainability,0.43551185656448815,has_releases,False,0.0,0.14285714285714288,0.0
ScreenDB,security,0.014705882352941176,default_branch_protected,False,0.0,0.5,0.0
ScreenDB,security,0.014705882352941176,has_security_policy,False,0.0,0.4852941176470588,0.0
ScreenDB,security,0.014705882352941176,gitignore_present,True,1.0,0.014705882352941176,0.014705882352941176
ScreenDB,security,0.014705882352941176,security_updates,,,0.0,0.0
ScreenDB,security,0.014705882352941176,secret_scanning,,,0.0,0.0
ScreenDB,scientific_impact,0.006,fwci,,,0.0,0.0
ScreenDB,scientific_impact,0.006,citation_count,,,0.0,0.0
ScreenDB,scientific_impact,0.006,star_count,1,0.01,0.6,0.006
ScreenDB,scientific_impact,0.006,fork_count,0,0.0,0.4,0.0
ScreenDB,scientific_impact,0.006,altmetric_score,,,0.0,0.0
dsMTL,compatibility,0.0,input_formats,,,0.0,0.0
dsMTL,compatibility,0.0,output_formats,,,0.0,0.0
dsMTL,compatibility,0.0,has_workflow_support,False,0.0,0.5,0.0
dsMTL,compatibility,0.0,has_distribution_support,False,0.0,0.5,0.0
dsMTL,fairness,,license,,,0.0,0.0
dsMTL,fairness,,repository,,,0.0,0.0
dsMTL,fairness,,registry,,,0.0,0.0
dsMTL,fairness,,citation,,,0.0,0.0
dsMTL,fairness,,checklist,,,0.0,0.0
dsMTL,fairness,,publication_open_access,,,0.0,0.0
dsMTL,maintainability,0.8882078888888889,nloc_per_file,24.27,0.97573,0.3,0.292719
dsMTL,maintainability,0.8882078888888889,avg_ccn,1.88,0.9022222222222223,0.4,0.3608888888888889
dsMTL,maintainability,0.8882078888888889,duplicate_rate,21.8,0.782,0.3,0.2346
dsMTL,sustainability,0.599667341286559,avg_issue_close_time_days,0.45391203703703703,0.9949565329218107,0.3,0.2984869598765432
dsMTL,sustainability,0.599667341286559,num_open_issues,1,0.995,0.3,0.2985
dsMTL,sustainability,0.599667341286559,days_since_last_commit,329,0.0,0.2,0.0
dsMTL,sustainability,0.599667341286559,inverse_simpson_index,1.5092724679029956,0.026803814100157666,0.1,0.002680381410015767
dsMTL,sustainability,0.599667341286559,has_releases,False,0.0,0.1,0.0
dsMTL,security,0.5147058823529411,default_branch_protected,True,1.0,0.5,0.5
dsMTL,security,0.5147058823529411,has_security_policy,False,0.0,0.4852941176470588,0.0
dsMTL,security,0.5147058823529411,gitignore_present,True,1.0,0.014705882352941176,0.014705882352941176
dsMTL,security,0.5147058823529411,security_updates,,,0.0,0.0
dsMTL,security,0.5147058823529411,secret_scanning,,,0.0,0.0
dsMTL,scientific_impact,0.03,fwci,,,0.0,0.0
dsMTL,scientific_impact,0.03,citation_count,,,0.0,0.0
dsMTL,scientific_impact,0.03,star_count,1,0.01,0.6,0.006
dsMTL,scientific_impact,0.03,fork_count,6,0.06,0.4,0.024
dsMTL,scientific_impact,0.03,altmetric_score,,,0.0,0.0
fastDFE,compatibility,1.0,input_formats,,,0.0,0.0
fastDFE,compatibility,1.0,output_formats,,,0.0,0.0
fastDFE,compatibility,1.0,has_workflow_support,True,1.0,0.5,0.5
fastDFE,compatibility,1.0,has_distribution_support,True,1.0,0.5,0.5
fastDFE,fairness,0.888888888888889,license,True,1.0,0.22222222222222224,0.22222222222222224
fastDFE,fairness,0.888888888888889,repository,True,1.0,0.3333333333333333,0.3333333333333333
fastDFE,fairness,0.888888888888889,registry,True,1.0,0.22222222222222224,0.22222222222222224
fastDFE,fairness,0.888888888888889,citation,True,1.0,0.11111111111111112,0.11111111111111112
fastDFE,fairness,0.888888888888889,checklist,False,0.0,0.11111111111111112,0.0
fastDFE,fairness,0.888888888888889,publication_open_access,,,0.0,0.0
fastDFE,maintainability,0.897897,nloc_per_file,56.81,0.94319,0.3,0.28295699999999996
fastDFE,maintainability,0.897897,avg_ccn,2.17,0.87,0.4,0.34800000000000003
fastDFE,maintainability,0.897897,duplicate_rate,11.02,0.8898,0.3,0.26694
fastDFE,sustainability,0.729000067515432,avg_issue_close_time_days,6.39997974537037,0.9288891139403292,0.3,0.27866673418209875
fastDFE,sustainability,0.729000067515432,num_open_issues,2,0.99,0.3,0.297
fastDFE,sustainability,0.729000067515432,days_since_last_commit,42,0.7666666666666666,0.2,0.15333333333333332
fastDFE,sustainability,0.729000067515432,inverse_simpson_index,1.0,0.0,0.1,0.0
fastDFE,sustainability,0.729000067515432,has_releases,False,0.0,0.1,0.0
fastDFE,security,0.014705882352941176,default_branch_protected,False,0.0,0.5,0.0
fastDFE,security,0.014705882352941176,has_security_policy,False,0.0,0.4852941176470588,0.0
fastDFE,security,0.014705882352941176,gitignore_present,True,1.0,0.014705882352941176,0.014705882352941176
fastDFE,security,0.014705882352941176,security_updates,,,0.0,0.0
fastDFE,security,0.014705882352941176,secret_scanning,,,0.0,0.0
fastDFE,scientific_impact,0.1,fwci,,,0.0,0.0
fastDFE,scientific_impact,0.1,citation_count,,,0.0,0.0
fastDFE,scientific_impact,0.1,star_count,16,0.16,0.6,0.096
fastDFE,scientific_impact,0.1,fork_count,1,0.01,0.4,0.004
fastDFE,scientific_impact,0.1,altmetric_score,,,0.0,0.0
TensorView MATLAB,compatibility,0.0,input_formats,,,0.0,0.0
TensorView MATLAB,compatibility,0.0,output_formats,,,0.0,0.0
TensorView MATLAB,compatibility,0.0,has_workflow_support,False,0.0,0.5,0.0
TensorView MATLAB,compatibility,0.0,has_distribution_support,False,0.0,0.5,0.0
TensorView MATLAB,fairness,,license,,,0.0,0.0
TensorView MATLAB,fairness,,repository,,,0.0,0.0
TensorView MATLAB,fairness,,registry,,,0.0,0.0
TensorView MATLAB,fairness,,citation,,,0.0,0.0
TensorView MATLAB,fairness,,checklist,,,0.0,0.0
TensorView MATLAB,fairness,,publication_open_access,,,0.0,0.0
TensorView MATLAB,maintainability,0.8354005555555556,nloc_per_file,4.75,0.99525,0.3,0.298575
TensorView MATLAB,maintainability,0.8354005555555556,avg_ccn,1.1,0.9888888888888889,0.4,0.3955555555555556
TensorView MATLAB,maintainability,0.8354005555555556,duplicate_rate,52.91,0.4709,0.3,0.14126999999999998
TensorView MATLAB,sustainability,0.4244031883186759,avg_issue_close_time_days,,,0.0,0.0
TensorView MATLAB,sustainability,0.4244031883186759,num_open_issues,2,0.99,0.4285714285714286,0.4242857142857143
TensorView MATLAB,sustainability,0.4244031883186759,days_since_last_commit,839,0.0,0.28571428571428575,0.0
TensorView MATLAB,sustainability,0.4244031883186759,inverse_simpson_index,1.0156240463838877,0.0008223182307309317,0.14285714285714288,0.00011747403296156168
TensorView MATLAB,sustainability,0.4244031883186759,has_releases,False,0.0,0.14285714285714288,0.0
TensorView MATLAB,security,0.0,default_branch_protected,False,0.0,0.5,0.0
TensorView MATLAB,security,0.0,has_security_policy,False,0.0,0.4852941176470588,0.0
TensorView MATLAB,security,0.0,gitignore_present,False,0.0,0.014705882352941176,0.0
TensorView MATLAB,security,0.0,security_updates,,,0.0,0.0
TensorView MATLAB,security,0.0,secret_scanning,,,0.0,0.0
TensorView MATLAB,scientific_impact,0.038,fwci,,,0.0,0.0
TensorView MATLAB,scientific_impact,0.038,citation_count,,,0.0,0.0
TensorView MATLAB,scientific_impact,0.038,star_count,5,0.05,0.6,0.03
TensorView MATLAB,scientific_impact,0.038,fork_count,2,0.02,0.4,0.008
TensorView MATLAB,scientific_impact,0.038,altmetric_score,,,0.0,0.0
MDSuite,compatibility,0.5,input_formats,,,0.0,0.0
MDSuite,compatibility,0.5,output_formats,,,0.0,0.0
MDSuite,compatibility,0.5,has_workflow_support,False,0.0,0.5,0.0
MDSuite,compatibility,0.5,has_distribution_support,True,1.0,0.5,0.5
MDSuite,fairness,0.6666666666666666,license,True,1.0,0.22222222222222224,0.22222222222222224
MDSuite,fairness,0.6666666666666666,repository,True,1.0,0.3333333333333333,0.3333333333333333
MDSuite,fairness,0.6666666666666666,registry,False,0.0,0.22222222222222224,0.0
MDSuite,fairness,0.6666666666666666,citation,True,1.0,0.11111111111111112,0.11111111111111112
MDSuite,fairness,0.6666666666666666,checklist,False,0.0,0.11111111111111112,0.0
MDSuite,fairness,0.6666666666666666,publication_open_access,,,0.0,0.0
MDSuite,maintainability,0.905532,nloc_per_file,62.96,0.93704,0.3,0.281112
MDSuite,maintainability,0.905532,avg_ccn,1.9,0.9,0.4,0.36000000000000004
MDSuite,maintainability,0.905532,duplicate_rate,11.86,0.8814,0.3,0.26442
MDSuite,sustainability,0.381035972281951,avg_issue_close_time_days,53.9271189309057,0.4008097896566033,0.3,0.12024293689698098
MDSuite,sustainability,0.381035972281951,num_open_issues,71,0.645,0.3,0.1935
MDSuite,sustainability,0.381035972281951,days_since_last_commit,125,0.3055555555555556,0.2,0.061111111111111116
MDSuite,sustainability,0.381035972281951,inverse_simpson_index,2.1745656120331947,0.06181924273858919,0.1,0.00618192427385892
MDSuite,sustainability,0.381035972281951,has_releases,False,0.0,0.1,0.0
MDSuite,security,0.5147058823529411,default_branch_protected,True,1.0,0.5,0.5
MDSuite,security,0.5147058823529411,has_security_policy,False,0.0,0.4852941176470588,0.0
MDSuite,security,0.5147058823529411,gitignore_present,True,1.0,0.014705882352941176,0.014705882352941176
MDSuite,security,0.5147058823529411,security_updates,,,0.0,0.0
MDSuite,security,0.5147058823529411,secret_scanning,,,0.0,0.0
MDSuite,scientific_impact,0.31600000000000006,fwci,,,0.0,0.0
MDSuite,scientific_impact,0.31600000000000006,citation_count,,,0.0,0.0
MDSuite,scientific_impact,0.31600000000000006,star_count,46,0.46,0.6,0.276
MDSuite,scientific_impact,0.31600000000000006,fork_count,10,0.1,0.4,0.04000000000000001
MDSuite,scientific_impact,0.31600000000000006,altmetric_score,,,0.0,0.0
DiazoTIME,compatibility,0.0,input_formats,,,0.0,0.0
DiazoTIME,compatibility,0.0,output_formats,,,0.0,0.0
DiazoTIME,compatibility,0.0,has_workflow_support,False,0.0,0.5,0.0
DiazoTIME,compatibility,0.0,has_distribution_support,False,0.0,0.5,0.0
DiazoTIME,fairness,0.3333333333333333,license,False,0.0,0.22222222222222224,0.0
DiazoTIME,fairness,0.3333333333333333,repository,True,1.0,0.3333333333333333,0.3333333333333333
DiazoTIME,fairness,0.3333333333333333,registry,False,0.0,0.22222222222222224,0.0
DiazoTIME,fairness,0.3333333333333333,citation,False,0.0,0.11111111111111112,0.0
DiazoTIME,fairness,0.3333333333333333,checklist,False,0.0,0.11111111111111112,0.0
DiazoTIME,fairness,0.3333333333333333,publication_open_access,,,0.0,0.0
DiazoTIME,maintainability,0.88963,nloc_per_file,0.0,1.0,0.3,0.3
DiazoTIME,maintainability,0.88963,avg_ccn,0.0,1.0,0.4,0.4
DiazoTIME,maintainability,0.88963,duplicate_rate,36.79,0.6321,0.3,0.18963
DiazoTIME,sustainability,0.4285714285714286,avg_issue_close_time_days,,,0.0,0.0
DiazoTIME,sustainability,0.4285714285714286,num_open_issues,0,1.0,0.4285714285714286,0.4285714285714286
DiazoTIME,sustainability,0.4285714285714286,days_since_last_commit,408,0.0,0.28571428571428575,0.0
DiazoTIME,sustainability,0.4285714285714286,inverse_simpson_index,1.0,0.0,0.14285714285714288,0.0
DiazoTIME,sustainability,0.4285714285714286,has_releases,False,0.0,0.14285714285714288,0.0
DiazoTIME,security,0.014705882352941176,default_branch_protected,False,0.0,0.5,0.0
DiazoTIME,security,0.014705882352941176,has_security_policy,False,0.0,0.4852941176470588,0.0
DiazoTIME,security,0.014705882352941176,gitignore_present,True,1.0,0.014705882352941176,0.014705882352941176
DiazoTIME,security,0.014705882352941176,security_updates,,,0.0,0.0
DiazoTIME,security,0.014705882352941176,secret_scanning,,,0.0,0.0
DiazoTIME,scientific_impact,0.006,fwci,,,0.0,0.0
DiazoTIME,scientific_impact,0.006,citation_count,,,0.0,0.0
DiazoTIME,scientific_impact,0.006,star_count,1,0.01,0.6,0.006
DiazoTIME,scientific_impact,0.006,fork_count,0,0.0,0.4,0.0
DiazoTIME,scientific_impact,0.006,altmetric_score,,,0.0,0.0
AncestryGeni,compatibility,0.0,input_formats,,,0.0,0.0
AncestryGeni,compatibility,0.0,output_formats,,,0.0,0.0
AncestryGeni,compatibility,0.0,has_workflow_support,False,0.0,0.5,0.0
AncestryGeni,compatibility,0.0,has_distribution_support,False,0.0,0.5,0.0
AncestryGeni,fairness,,license,,,0.0,0.0
AncestryGeni,fairness,,repository,,,0.0,0.0
AncestryGeni,fairness,,registry,,,0.0,0.0
AncestryGeni,fairness,,citation,,,0.0,0.0
AncestryGeni,fairness,,checklist,,,0.0,0.0
AncestryGeni,fairness,,publication_open_access,,,0.0,0.0
AncestryGeni,maintainability,,nloc_per_file,,,0.0,0.0
AncestryGeni,maintainability,,avg_ccn,,,0.0,0.0
AncestryGeni,maintainability,,duplicate_rate,,,0.0,0.0
AncestryGeni,sustainability,0.42588665647521295,avg_issue_close_time_days,,,0.0,0.0
AncestryGeni,sustainability,0.42588665647521295,num_open_issues,3,0.985,0.4285714285714286,0.42214285714285715
AncestryGeni,sustainability,0.42588665647521295,days_since_last_commit,394,0.0,0.28571428571428575,0.0
AncestryGeni,sustainability,0.42588665647521295,inverse_simpson_index,1.4979253112033193,0.02620659532649049,0.14285714285714288,0.0037437993323557847
AncestryGeni,sustainability,0.42588665647521295,has_releases,False,0.0,0.14285714285714288,0.0
AncestryGeni,security,0.014705882352941176,default_branch_protected,False,0.0,0.5,0.0
AncestryGeni,security,0.014705882352941176,has_security_policy,False,0.0,0.4852941176470588,0.0
AncestryGeni,security,0.014705882352941176,gitignore_present,True,1.0,0.014705882352941176,0.014705882352941176
AncestryGeni,security,0.014705882352941176,security_updates,,,0.0,0.0
AncestryGeni,security,0.014705882352941176,secret_scanning,,,0.0,0.0
AncestryGeni,scientific_impact,0.01,fwci,,,0.0,0.0
AncestryGeni,scientific_impact,0.01,citation_count,,,0.0,0.0
AncestryGeni,scientific_impact,0.01,star_count,1,0.01,0.6,0.006
AncestryGeni,scientific_impact,0.01,fork_count,1,0.01,0.4,0.004
AncestryGeni,scientific_impact,0.01,altmetric_score,,,0.0,0.0
LocalNgsRelate,compatibility,0.0,input_formats,,,0.0,0.0
LocalNgsRelate,compatibility,0.0,output_formats,,,0.0,0.0
LocalNgsRelate,compatibility,0.0,has_workflow_support,False,0.0,0.5,0.0
LocalNgsRelate,compatibility,0.0,has_distribution_support,False,0.0,0.5,0.0
LocalNgsRelate,fairness,0.5555555555555556,license,True,1.0,0.22222222222222224,0.22222222222222224
LocalNgsRelate,fairness,0.5555555555555556,repository,True,1.0,0.3333333333333333,0.3333333333333333
LocalNgsRelate,fairness,0.5555555555555556,registry,False,0.0,0.22222222222222224,0.0
LocalNgsRelate,fairness,0.5555555555555556,citation,False,0.0,0.11111111111111112,0.0
LocalNgsRelate,fairness,0.5555555555555556,checklist,False,0.0,0.11111111111111112,0.0
LocalNgsRelate,fairness,0.5555555555555556,publication_open_access,,,0.0,0.0
LocalNgsRelate,maintainability,0.42198599999999997,nloc_per_file,503.38,0.49661999999999995,0.3,0.14898599999999998
LocalNgsRelate,maintainability,0.42198599999999997,avg_ccn,10.13,0.0,0.4,0.0
LocalNgsRelate,maintainability,0.42198599999999997,duplicate_rate,9.0,0.91,0.3,0.273
LocalNgsRelate,sustainability,0.297,avg_issue_close_time_days,181.8732523148148,0.0,0.3,0.0
LocalNgsRelate,sustainability,0.297,num_open_issues,2,0.99,0.3,0.297
LocalNgsRelate,sustainability,0.297,days_since_last_commit,708,0.0,0.2,0.0
LocalNgsRelate,sustainability,0.297,inverse_simpson_index,1.0,0.0,0.1,0.0
LocalNgsRelate,sustainability,0.297,has_releases,False,0.0,0.1,0.0
LocalNgsRelate,security,0.0,default_branch_protected,False,0.0,0.5,0.0
LocalNgsRelate,security,0.0,has_security_policy,False,0.0,0.4852941176470588,0.0
LocalNgsRelate,security,0.0,gitignore_present,False,0.0,0.014705882352941176,0.0
LocalNgsRelate,security,0.0,security_updates,,,0.0,0.0
LocalNgsRelate,security,0.0,secret_scanning,,,0.0,0.0
LocalNgsRelate,scientific_impact,0.038,fwci,,,0.0,0.0
LocalNgsRelate,scientific_impact,0.038,citation_count,,,0.0,0.0
LocalNgsRelate,scientific_impact,0.038,star_count,5,0.05,0.6,0.03
LocalNgsRelate,scientific_impact,0.038,fork_count,2,0.02,0.4,0.008
LocalNgsRelate,scientific_impact,0.038,altmetric_score,,,0.0,0.0
Chemprop,compatibility,0.5,input_formats,,,0.0,0.0
Chemprop,compatibility,0.5,output_formats,,,0.0,0.0
Chemprop,compatibility,0.5,has_workflow_support,False,0.0,0.5,0.0
Chemprop,compatibility,0.5,has_distribution_support,True,1.0,0.5,0.5
Chemprop,fairness,0.7777777777777778,license,True,1.0,0.22222222222222224,0.22222222222222224
Chemprop,fairness,0.7777777777777778,repository,True,1.0,0.3333333333333333,0.3333333333333333
Chemprop,fairness,0.7777777777777778,registry,True,1.0,0.22222222222222224,0.22222222222222224
Chemprop,fairness,0.7777777777777778,citation,False,0.0,0.11111111111111112,0.0
Chemprop,fairness,0.7777777777777778,checklist,False,0.0,0.11111111111111112,0.0
Chemprop,fairness,0.7777777777777778,publication_open_access,,,0.0,0.0
Chemprop,maintainability,0.8486796666666667,nloc_per_file,124.19,0.87581,0.3,0.262743
Chemprop,maintainability,0.8486796666666667,avg_ccn,2.56,0.8266666666666667,0.4,0.33066666666666666
Chemprop,maintainability,0.8486796666666667,duplicate_rate,14.91,0.8509,0.3,0.25527
Chemprop,sustainability,0.46891338791568865,avg_issue_close_time_days,93.3137460154827,0.0,0.3,0.0
Chemprop,sustainability,0.46891338791568865,num_open_issues,15,0.925,0.3,0.2775
Chemprop,sustainability,0.46891338791568865,days_since_last_commit,34,0.8111111111111111,0.2,0.16222222222222224
Chemprop,sustainability,0.46891338791568865,inverse_simpson_index,6.546321481758612,0.2919116569346638,0.1,0.029191165693466383
Chemprop,sustainability,0.46891338791568865,has_releases,False,0.0,0.1,0.0
Chemprop,security,0.5147058823529411,default_branch_protected,True,1.0,0.5,0.5
Chemprop,security,0.5147058823529411,has_security_policy,False,0.0,0.4852941176470588,0.0
Chemprop,security,0.5147058823529411,gitignore_present,True,1.0,0.014705882352941176,0.014705882352941176
Chemprop,security,0.5147058823529411,security_updates,,,0.0,0.0
Chemprop,security,0.5147058823529411,secret_scanning,,,0.0,0.0
Chemprop,scientific_impact,1.0,fwci,,,0.0,0.0
Chemprop,scientific_impact,1.0,citation_count,,,0.0,0.0
Chemprop,scientific_impact,1.0,star_count,2443,1.0,0.6,0.6
Chemprop,scientific_impact,1.0,fork_count,757,1.0,0.4,0.4
Chemprop,scientific_impact,1.0,altmetric_score,,,0.0,0.0
PTRA,compatibility,0.5,input_formats,,,0.0,0.0
PTRA,compatibility,0.5,output_formats,,,0.0,0.0
PTRA,compatibility,0.5,has_workflow_support,False,0.0,0.5,0.0
PTRA,compatibility,0.5,has_distribution_support,True,1.0,0.5,0.5
PTRA,fairness,0.5555555555555556,license,True,1.0,0.22222222222222224,0.22222222222222224
PTRA,fairness,0.5555555555555556,repository,True,1.0,0.3333333333333333,0.3333333333333333
PTRA,fairness,0.5555555555555556,registry,False,0.0,0.22222222222222224,0.0
PTRA,fairness,0.5555555555555556,citation,False,0.0,0.11111111111111112,0.0
PTRA,fairness,0.5555555555555556,checklist,False,0.0,0.11111111111111112,0.0
PTRA,fairness,0.5555555555555556,publication_open_access,,,0.0,0.0
PTRA,maintainability,0.7052335555555556,nloc_per_file,257.44,0.74256,0.3,0.222768
PTRA,maintainability,0.7052335555555556,avg_ccn,4.07,0.6588888888888889,0.4,0.26355555555555554
PTRA,maintainability,0.7052335555555556,duplicate_rate,27.03,0.7297,0.3,0.21891
PTRA,sustainability,0.628767196499429,avg_issue_close_time_days,0.015046296296296295,0.9998328189300412,0.3,0.29994984567901234
PTRA,sustainability,0.628767196499429,num_open_issues,0,1.0,0.3,0.3
PTRA,sustainability,0.628767196499429,days_since_last_commit,160,0.11111111111111116,0.2,0.022222222222222233
PTRA,sustainability,0.628767196499429,inverse_simpson_index,2.2530744336569577,0.06595128598194515,0.1,0.006595128598194515
PTRA,sustainability,0.628767196499429,has_releases,False,0.0,0.1,0.0
PTRA,security,0.5147058823529411,default_branch_protected,True,1.0,0.5,0.5
PTRA,security,0.5147058823529411,has_security_policy,False,0.0,0.4852941176470588,0.0
PTRA,security,0.5147058823529411,gitignore_present,True,1.0,0.014705882352941176,0.014705882352941176
PTRA,security,0.5147058823529411,security_updates,,,0.0,0.0
PTRA,security,0.5147058823529411,secret_scanning,,,0.0,0.0
PTRA,scientific_impact,0.064,fwci,,,0.0,0.0
PTRA,scientific_impact,0.064,citation_count,,,0.0,0.0
PTRA,scientific_impact,0.064,star_count,8,0.08,0.6,0.048
PTRA,scientific_impact,0.064,fork_count,4,0.04,0.4,0.016
PTRA,scientific_impact,0.064,altmetric_score,,,0.0,0.0
Neo4COVID19,compatibility,0.5,input_formats,,,0.0,0.0
Neo4COVID19,compatibility,0.5,output_formats,,,0.0,0.0
Neo4COVID19,compatibility,0.5,has_workflow_support,False,0.0,0.5,0.0
Neo4COVID19,compatibility,0.5,has_distribution_support,True,1.0,0.5,0.5
Neo4COVID19,fairness,,license,,,0.0,0.0
Neo4COVID19,fairness,,repository,,,0.0,0.0
Neo4COVID19,fairness,,registry,,,0.0,0.0
Neo4COVID19,fairness,,citation,,,0.0,0.0
Neo4COVID19,fairness,,checklist,,,0.0,0.0
Neo4COVID19,fairness,,publication_open_access,,,0.0,0.0
Neo4COVID19,maintainability,0.9026944444444445,nloc_per_file,114.5,0.8855,0.3,0.26565
Neo4COVID19,maintainability,0.9026944444444445,avg_ccn,1.89,0.9011111111111111,0.4,0.36044444444444446
Neo4COVID19,maintainability,0.9026944444444445,duplicate_rate,7.8,0.922,0.3,0.2766
Neo4COVID19,sustainability,0.5706060021849496,avg_issue_close_time_days,,,0.0,0.0
Neo4COVID19,sustainability,0.5706060021849496,num_open_issues,0,1.0,0.4285714285714286,0.4285714285714286
Neo4COVID19,sustainability,0.5706060021849496,days_since_last_commit,104,0.4222222222222223,0.28571428571428575,0.12063492063492066
Neo4COVID19,sustainability,0.5706060021849496,inverse_simpson_index,3.846153846153846,0.1497975708502024,0.14285714285714288,0.021399652978600345
Neo4COVID19,sustainability,0.5706060021849496,has_releases,False,0.0,0.14285714285714288,0.0
Neo4COVID19,security,1.0,default_branch_protected,True,1.0,0.5,0.5
Neo4COVID19,security,1.0,has_security_policy,True,1.0,0.4852941176470588,0.4852941176470588
Neo4COVID19,security,1.0,gitignore_present,True,1.0,0.014705882352941176,0.014705882352941176
Neo4COVID19,security,1.0,security_updates,,,0.0,0.0
Neo4COVID19,security,1.0,secret_scanning,,,0.0,0.0
Neo4COVID19,scientific_impact,0.026000000000000002,fwci,,,0.0,0.0
Neo4COVID19,scientific_impact,0.026000000000000002,citation_count,,,0.0,0.0
Neo4COVID19,scientific_impact,0.026000000000000002,star_count,1,0.01,0.6,0.006
Neo4COVID19,scientific_impact,0.026000000000000002,fork_count,5,0.05,0.4,0.020000000000000004
Neo4COVID19,scientific_impact,0.026000000000000002,altmetric_score,,,0.0,0.0
WISH-R,compatibility,0.0,input_formats,,,0.0,0.0
WISH-R,compatibility,0.0,output_formats,,,0.0,0.0
WISH-R,compatibility,0.0,has_workflow_support,False,0.0,0.5,0.0
WISH-R,compatibility,0.0,has_distribution_support,False,0.0,0.5,0.0
WISH-R,fairness,0.3333333333333333,license,False,0.0,0.22222222222222224,0.0
WISH-R,fairness,0.3333333333333333,repository,True,1.0,0.3333333333333333,0.3333333333333333
WISH-R,fairness,0.3333333333333333,registry,False,0.0,0.22222222222222224,0.0
WISH-R,fairness,0.3333333333333333,citation,False,0.0,0.11111111111111112,0.0
WISH-R,fairness,0.3333333333333333,checklist,False,0.0,0.11111111111111112,0.0
WISH-R,fairness,0.3333333333333333,publication_open_access,,,0.0,0.0
WISH-R,maintainability,0.26696,nloc_per_file,1082.0,0.0,0.3,0.0
WISH-R,maintainability,0.26696,avg_ccn,7.93,0.22999999999999998,0.4,0.092
WISH-R,maintainability,0.26696,duplicate_rate,41.68,0.5831999999999999,0.3,0.17495999999999998
WISH-R,sustainability,0.38396800973001033,avg_issue_close_time_days,64.13662037037037,0.28737088477366257,0.3,0.08621126543209877
WISH-R,sustainability,0.38396800973001033,num_open_issues,5,0.975,0.3,0.2925
WISH-R,sustainability,0.38396800973001033,days_since_last_commit,2262,0.0,0.2,0.0
WISH-R,sustainability,0.38396800973001033,inverse_simpson_index,1.9987814166031985,0.05256744297911571,0.1,0.005256744297911571
WISH-R,sustainability,0.38396800973001033,has_releases,False,0.0,0.1,0.0
WISH-R,security,0.014705882352941176,default_branch_protected,False,0.0,0.5,0.0
WISH-R,security,0.014705882352941176,has_security_policy,False,0.0,0.4852941176470588,0.0
WISH-R,security,0.014705882352941176,gitignore_present,True,1.0,0.014705882352941176,0.014705882352941176
WISH-R,security,0.014705882352941176,security_updates,,,0.0,0.0
WISH-R,security,0.014705882352941176,secret_scanning,,,0.0,0.0
WISH-R,scientific_impact,0.041999999999999996,fwci,,,0.0,0.0
WISH-R,scientific_impact,0.041999999999999996,citation_count,,,0.0,0.0
WISH-R,scientific_impact,0.041999999999999996,star_count,5,0.05,0.6,0.03
WISH-R,scientific_impact,0.041999999999999996,fork_count,3,0.03,0.4,0.012
WISH-R,scientific_impact,0.041999999999999996,altmetric_score,,,0.0,0.0
qdiv,compatibility,0.5,input_formats,,,0.0,0.0
qdiv,compatibility,0.5,output_formats,,,0.0,0.0
qdiv,compatibility,0.5,has_workflow_support,False,0.0,0.5,0.0
qdiv,compatibility,0.5,has_distribution_support,True,1.0,0.5,0.5
qdiv,fairness,0.6666666666666666,license,True,1.0,0.22222222222222224,0.22222222222222224
qdiv,fairness,0.6666666666666666,repository,True,1.0,0.3333333333333333,0.3333333333333333
qdiv,fairness,0.6666666666666666,registry,False,0.0,0.22222222222222224,0.0
qdiv,fairness,0.6666666666666666,citation,True,1.0,0.11111111111111112,0.11111111111111112
qdiv,fairness,0.6666666666666666,checklist,False,0.0,0.11111111111111112,0.0
qdiv,fairness,0.6666666666666666,publication_open_access,,,0.0,0.0
qdiv,maintainability,0.5083254444444444,nloc_per_file,266.03,0.73397,0.3,0.220191
qdiv,maintainability,0.5083254444444444,avg_ccn,9.81,0.02111111111111108,0.4,0.008444444444444433
qdiv,maintainability,0.5083254444444444,duplicate_rate,6.77,0.9323,0.3,0.27969
qdiv,sustainability,0.7176876157407407,avg_issue_close_time_days,11.693715277777779,0.8700698302469135,0.3,0.261020949074074
qdiv,sustainability,0.7176876157407407,num_open_issues,0,1.0,0.3,0.3
qdiv,sustainability,0.7176876157407407,days_since_last_commit,39,0.7833333333333333,0.2,0.15666666666666668
qdiv,sustainability,0.7176876157407407,inverse_simpson_index,1.0,0.0,0.1,0.0
qdiv,sustainability,0.7176876157407407,has_releases,False,0.0,0.1,0.0
qdiv,security,0.014705882352941176,default_branch_protected,False,0.0,0.5,0.0
qdiv,security,0.014705882352941176,has_security_policy,False,0.0,0.4852941176470588,0.0
qdiv,security,0.014705882352941176,gitignore_present,True,1.0,0.014705882352941176,0.014705882352941176
qdiv,security,0.014705882352941176,security_updates,,,0.0,0.0
qdiv,security,0.014705882352941176,secret_scanning,,,0.0,0.0
qdiv,scientific_impact,0.022,fwci,,,0.0,0.0
qdiv,scientific_impact,0.022,citation_count,,,0.0,0.0
qdiv,scientific_impact,0.022,star_count,3,0.03,0.6,0.018
qdiv,scientific_impact,0.022,fork_count,1,0.01,0.4,0.004
qdiv,scientific_impact,0.022,altmetric_score,,,0.0,0.0
Adera2.0,compatibility,0.5,input_formats,,,0.0,0.0
Adera2.0,compatibility,0.5,output_formats,,,0.0,0.0
Adera2.0,compatibility,0.5,has_workflow_support,False,0.0,0.5,0.0
Adera2.0,compatibility,0.5,has_distribution_support,True,1.0,0.5,0.5
Adera2.0,fairness,0.5555555555555556,license,True,1.0,0.22222222222222224,0.22222222222222224
Adera2.0,fairness,0.5555555555555556,repository,True,1.0,0.3333333333333333,0.3333333333333333
Adera2.0,fairness,0.5555555555555556,registry,False,0.0,0.22222222222222224,0.0
Adera2.0,fairness,0.5555555555555556,citation,False,0.0,0.11111111111111112,0.0
Adera2.0,fairness,0.5555555555555556,checklist,False,0.0,0.11111111111111112,0.0
Adera2.0,fairness,0.5555555555555556,publication_open_access,,,0.0,0.0
Adera2.0,maintainability,0.8994,nloc_per_file,82.0,0.918,0.3,0.2754
Adera2.0,maintainability,0.8994,avg_ccn,2.71,0.81,0.4,0.32400000000000007
Adera2.0,maintainability,0.8994,duplicate_rate,0.0,1.0,0.3,0.3
Adera2.0,sustainability,0.43504916136495086,avg_issue_close_time_days,,,0.0,0.0
Adera2.0,sustainability,0.43504916136495086,num_open_issues,0,1.0,0.4285714285714286,0.4285714285714286
Adera2.0,sustainability,0.43504916136495086,days_since_last_commit,692,0.0,0.28571428571428575,0.0
Adera2.0,sustainability,0.43504916136495086,inverse_simpson_index,1.8615384615384616,0.045344129554655874,0.14285714285714288,0.006477732793522269
Adera2.0,sustainability,0.43504916136495086,has_releases,False,0.0,0.14285714285714288,0.0
Adera2.0,security,0.0,default_branch_protected,False,0.0,0.5,0.0
Adera2.0,security,0.0,has_security_policy,False,0.0,0.4852941176470588,0.0
Adera2.0,security,0.0,gitignore_present,False,0.0,0.014705882352941176,0.0
Adera2.0,security,0.0,security_updates,,,0.0,0.0
Adera2.0,security,0.0,secret_scanning,,,0.0,0.0
Adera2.0,scientific_impact,0.012,fwci,,,0.0,0.0
Adera2.0,scientific_impact,0.012,citation_count,,,0.0,0.0
Adera2.0,scientific_impact,0.012,star_count,2,0.02,0.6,0.012
Adera2.0,scientific_impact,0.012,fork_count,0,0.0,0.4,0.0
Adera2.0,scientific_impact,0.012,altmetric_score,,,0.0,0.0
PatientMatcher,compatibility,0.5,input_formats,,,0.0,0.0
PatientMatcher,compatibility,0.5,output_formats,,,0.0,0.0
PatientMatcher,compatibility,0.5,has_workflow_support,False,0.0,0.5,0.0
PatientMatcher,compatibility,0.5,has_distribution_support,True,1.0,0.5,0.5
PatientMatcher,fairness,0.6666666666666666,license,True,1.0,0.22222222222222224,0.22222222222222224
PatientMatcher,fairness,0.6666666666666666,repository,True,1.0,0.3333333333333333,0.3333333333333333
PatientMatcher,fairness,0.6666666666666666,registry,False,0.0,0.22222222222222224,0.0
PatientMatcher,fairness,0.6666666666666666,citation,True,1.0,0.11111111111111112,0.11111111111111112
PatientMatcher,fairness,0.6666666666666666,checklist,False,0.0,0.11111111111111112,0.0
PatientMatcher,fairness,0.6666666666666666,publication_open_access,,,0.0,0.0
PatientMatcher,maintainability,0.9045038888888889,nloc_per_file,59.55,0.94045,0.3,0.28213499999999997
PatientMatcher,maintainability,0.9045038888888889,avg_ccn,2.42,0.8422222222222222,0.4,0.3368888888888889
PatientMatcher,maintainability,0.9045038888888889,duplicate_rate,4.84,0.9516,0.3,0.28548
PatientMatcher,sustainability,0.5691966928106128,avg_issue_close_time_days,28.289073824273913,0.6856769575080677,0.3,0.20570308725242029
PatientMatcher,sustainability,0.5691966928106128,num_open_issues,6,0.97,0.3,0.291
PatientMatcher,sustainability,0.5691966928106128,days_since_last_commit,115,0.36111111111111116,0.2,0.07222222222222223
PatientMatcher,sustainability,0.5691966928106128,inverse_simpson_index,1.0515628338343672,0.002713833359703538,0.1,0.0002713833359703538
PatientMatcher,sustainability,0.5691966928106128,has_releases,False,0.0,0.1,0.0
PatientMatcher,security,0.5147058823529411,default_branch_protected,True,1.0,0.5,0.5
PatientMatcher,security,0.5147058823529411,has_security_policy,False,0.0,0.4852941176470588,0.0
PatientMatcher,security,0.5147058823529411,gitignore_present,True,1.0,0.014705882352941176,0.014705882352941176
PatientMatcher,security,0.5147058823529411,security_updates,,,0.0,0.0
PatientMatcher,security,0.5147058823529411,secret_scanning,,,0.0,0.0
PatientMatcher,scientific_impact,0.1,fwci,,,0.0,0.0
PatientMatcher,scientific_impact,0.1,citation_count,,,0.0,0.0
PatientMatcher,scientific_impact,0.1,star_count,12,0.12,0.6,0.072
PatientMatcher,scientific_impact,0.1,fork_count,7,0.07,0.4,0.028000000000000004
PatientMatcher,scientific_impact,0.1,altmetric_score,,,0.0,0.0
pytximport,compatibility,0.5,input_formats,,,0.0,0.0
pytximport,compatibility,0.5,output_formats,,,0.0,0.0
pytximport,compatibility,0.5,has_workflow_support,False,0.0,0.5,0.0
pytximport,compatibility,0.5,has_distribution_support,True,1.0,0.5,0.5
pytximport,fairness,0.888888888888889,license,True,1.0,0.22222222222222224,0.22222222222222224
pytximport,fairness,0.888888888888889,repository,True,1.0,0.3333333333333333,0.3333333333333333
pytximport,fairness,0.888888888888889,registry,True,1.0,0.22222222222222224,0.22222222222222224
pytximport,fairness,0.888888888888889,citation,True,1.0,0.11111111111111112,0.11111111111111112
pytximport,fairness,0.888888888888889,checklist,False,0.0,0.11111111111111112,0.0
pytximport,fairness,0.888888888888889,publication_open_access,,,0.0,0.0
pytximport,maintainability,0.731724111111111,nloc_per_file,51.29,0.9487099999999999,0.3,0.28461299999999995
pytximport,maintainability,0.731724111111111,avg_ccn,6.69,0.36777777777777776,0.4,0.1471111111111111
pytximport,maintainability,0.731724111111111,duplicate_rate,0.0,1.0,0.3,0.3
pytximport,sustainability,0.5235588065221182,avg_issue_close_time_days,53.10223090277778,0.409975212191358,0.3,0.1229925636574074
pytximport,sustainability,0.5235588065221182,num_open_issues,11,0.945,0.3,0.2835
pytximport,sustainability,0.5235588065221182,days_since_last_commit,76,0.5777777777777777,0.2,0.11555555555555555
pytximport,sustainability,0.5235588065221182,inverse_simpson_index,1.2870305887394868,0.01510687309155194,0.1,0.001510687309155194
pytximport,sustainability,0.5235588065221182,has_releases,False,0.0,0.1,0.0
pytximport,security,0.5147058823529411,default_branch_protected,True,1.0,0.5,0.5
pytximport,security,0.5147058823529411,has_security_policy,False,0.0,0.4852941176470588,0.0
pytximport,security,0.5147058823529411,gitignore_present,True,1.0,0.014705882352941176,0.014705882352941176
pytximport,security,0.5147058823529411,security_updates,,,0.0,0.0
pytximport,security,0.5147058823529411,secret_scanning,,,0.0,0.0
pytximport,scientific_impact,0.278,fwci,,,0.0,0.0
pytximport,scientific_impact,0.278,citation_count,,,0.0,0.0
pytximport,scientific_impact,0.278,star_count,45,0.45,0.6,0.27
pytximport,scientific_impact,0.278,fork_count,2,0.02,0.4,0.008
pytximport,scientific_impact,0.278,altmetric_score,,,0.0,0.0
CLIPPER 2.0,compatibility,0.5,input_formats,,,0.0,0.0
CLIPPER 2.0,compatibility,0.5,output_formats,,,0.0,0.0
CLIPPER 2.0,compatibility,0.5,has_workflow_support,False,0.0,0.5,0.0
CLIPPER 2.0,compatibility,0.5,has_distribution_support,True,1.0,0.5,0.5
CLIPPER 2.0,fairness,0.5555555555555556,license,True,1.0,0.22222222222222224,0.22222222222222224
CLIPPER 2.0,fairness,0.5555555555555556,repository,True,1.0,0.3333333333333333,0.3333333333333333
CLIPPER 2.0,fairness,0.5555555555555556,registry,False,0.0,0.22222222222222224,0.0
CLIPPER 2.0,fairness,0.5555555555555556,citation,False,0.0,0.11111111111111112,0.0
CLIPPER 2.0,fairness,0.5555555555555556,checklist,False,0.0,0.11111111111111112,0.0
CLIPPER 2.0,fairness,0.5555555555555556,publication_open_access,,,0.0,0.0
CLIPPER 2.0,maintainability,0.7389576666666666,nloc_per_file,220.93,0.7790699999999999,0.3,0.23372099999999996
CLIPPER 2.0,maintainability,0.7389576666666666,avg_ccn,4.99,0.5566666666666666,0.4,0.22266666666666668
CLIPPER 2.0,maintainability,0.7389576666666666,duplicate_rate,5.81,0.9419,0.3,0.28257
CLIPPER 2.0,sustainability,0.48649978060879207,avg_issue_close_time_days,,,0.0,0.0
CLIPPER 2.0,sustainability,0.48649978060879207,num_open_issues,0,1.0,0.4285714285714286,0.4285714285714286
CLIPPER 2.0,sustainability,0.48649978060879207,days_since_last_commit,147,0.18333333333333335,0.28571428571428575,0.05238095238095239
CLIPPER 2.0,sustainability,0.48649978060879207,inverse_simpson_index,1.7378041543026705,0.0388317975948774,0.14285714285714288,0.005547399656411058
CLIPPER 2.0,sustainability,0.48649978060879207,has_releases,False,0.0,0.14285714285714288,0.0
CLIPPER 2.0,security,0.014705882352941176,default_branch_protected,False,0.0,0.5,0.0
CLIPPER 2.0,security,0.014705882352941176,has_security_policy,False,0.0,0.4852941176470588,0.0
CLIPPER 2.0,security,0.014705882352941176,gitignore_present,True,1.0,0.014705882352941176,0.014705882352941176
CLIPPER 2.0,security,0.014705882352941176,security_updates,,,0.0,0.0
CLIPPER 2.0,security,0.014705882352941176,secret_scanning,,,0.0,0.0
CLIPPER 2.0,scientific_impact,0.05,fwci,,,0.0,0.0
CLIPPER 2.0,scientific_impact,0.05,citation_count,,,0.0,0.0
CLIPPER 2.0,scientific_impact,0.05,star_count,7,0.07,0.6,0.042
CLIPPER 2.0,scientific_impact,0.05,fork_count,2,0.02,0.4,0.008
CLIPPER 2.0,scientific_impact,0.05,altmetric_score,,,0.0,0.0
MSLibrarian,compatibility,0.0,input_formats,,,0.0,0.0
MSLibrarian,compatibility,0.0,output_formats,,,0.0,0.0
MSLibrarian,compatibility,0.0,has_workflow_support,False,0.0,0.5,0.0
MSLibrarian,compatibility,0.0,has_distribution_support,False,0.0,0.5,0.0
MSLibrarian,fairness,,license,,,0.0,0.0
MSLibrarian,fairness,,repository,,,0.0,0.0
MSLibrarian,fairness,,registry,,,0.0,0.0
MSLibrarian,fairness,,citation,,,0.0,0.0
MSLibrarian,fairness,,checklist,,,0.0,0.0
MSLibrarian,fairness,,publication_open_access,,,0.0,0.0
MSLibrarian,maintainability,0.8907785555555556,nloc_per_file,29.79,0.97021,0.3,0.291063
MSLibrarian,maintainability,0.8907785555555556,avg_ccn,3.17,0.758888888888889,0.4,0.3035555555555556
MSLibrarian,maintainability,0.8907785555555556,duplicate_rate,1.28,0.9872,0.3,0.29616
MSLibrarian,sustainability,0.5683279909848284,avg_issue_close_time_days,9.077916666666667,0.8991342592592593,0.3,0.26974027777777776
MSLibrarian,sustainability,0.5683279909848284,num_open_issues,1,0.995,0.3,0.2985
MSLibrarian,sustainability,0.5683279909848284,days_since_last_commit,1491,0.0,0.2,0.0
MSLibrarian,sustainability,0.5683279909848284,inverse_simpson_index,1.0166655093396293,0.0008771320705068048,0.1,8.771320705068048e-05
MSLibrarian,sustainability,0.5683279909848284,has_releases,False,0.0,0.1,0.0
MSLibrarian,security,0.014705882352941176,default_branch_protected,False,0.0,0.5,0.0
MSLibrarian,security,0.014705882352941176,has_security_policy,False,0.0,0.4852941176470588,0.0
MSLibrarian,security,0.014705882352941176,gitignore_present,True,1.0,0.014705882352941176,0.014705882352941176
MSLibrarian,security,0.014705882352941176,security_updates,,,0.0,0.0
MSLibrarian,security,0.014705882352941176,secret_scanning,,,0.0,0.0
MSLibrarian,scientific_impact,0.084,fwci,,,0.0,0.0
MSLibrarian,scientific_impact,0.084,citation_count,,,0.0,0.0
MSLibrarian,scientific_impact,0.084,star_count,14,0.14,0.6,0.084
MSLibrarian,scientific_impact,0.084,fork_count,0,0.0,0.4,0.0
MSLibrarian,scientific_impact,0.084,altmetric_score,,,0.0,0.0
Quandenser+Triqler,compatibility,0.0,input_formats,,,0.0,0.0
Quandenser+Triqler,compatibility,0.0,output_formats,,,0.0,0.0
Quandenser+Triqler,compatibility,0.0,has_workflow_support,False,0.0,0.5,0.0
Quandenser+Triqler,compatibility,0.0,has_distribution_support,False,0.0,0.5,0.0
Quandenser+Triqler,fairness,,license,,,0.0,0.0
Quandenser+Triqler,fairness,,repository,,,0.0,0.0
Quandenser+Triqler,fairness,,registry,,,0.0,0.0
Quandenser+Triqler,fairness,,citation,,,0.0,0.0
Quandenser+Triqler,fairness,,checklist,,,0.0,0.0
Quandenser+Triqler,fairness,,publication_open_access,,,0.0,0.0
Quandenser+Triqler,maintainability,0.8904670000000001,nloc_per_file,75.61,0.92439,0.3,0.277317
Quandenser+Triqler,maintainability,0.8904670000000001,avg_ccn,2.89,0.79,0.4,0.31600000000000006
Quandenser+Triqler,maintainability,0.8904670000000001,duplicate_rate,0.95,0.9905,0.3,0.29715
Quandenser+Triqler,sustainability,0.40277894898566474,avg_issue_close_time_days,56.675910087719295,0.37026766569200786,0.3,0.11108029970760236
Quandenser+Triqler,sustainability,0.40277894898566474,num_open_issues,6,0.97,0.3,0.291
Quandenser+Triqler,sustainability,0.40277894898566474,days_since_last_commit,1496,0.0,0.2,0.0
Quandenser+Triqler,sustainability,0.40277894898566474,inverse_simpson_index,1.1327433628318584,0.006986492780624126,0.1,0.0006986492780624126
Quandenser+Triqler,sustainability,0.40277894898566474,has_releases,False,0.0,0.1,0.0
Quandenser+Triqler,security,0.014705882352941176,default_branch_protected,False,0.0,0.5,0.0
Quandenser+Triqler,security,0.014705882352941176,has_security_policy,False,0.0,0.4852941176470588,0.0
Quandenser+Triqler,security,0.014705882352941176,gitignore_present,True,1.0,0.014705882352941176,0.014705882352941176
Quandenser+Triqler,security,0.014705882352941176,security_updates,,,0.0,0.0
Quandenser+Triqler,security,0.014705882352941176,secret_scanning,,,0.0,0.0
Quandenser+Triqler,scientific_impact,0.068,fwci,,,0.0,0.0
Quandenser+Triqler,scientific_impact,0.068,citation_count,,,0.0,0.0
Quandenser+Triqler,scientific_impact,0.068,star_count,10,0.1,0.6,0.06
Quandenser+Triqler,scientific_impact,0.068,fork_count,2,0.02,0.4,0.008
Quandenser+Triqler,scientific_impact,0.068,altmetric_score,,,0.0,0.0
pycabnn,compatibility,0.5,input_formats,,,0.0,0.0
pycabnn,compatibility,0.5,output_formats,,,0.0,0.0
pycabnn,compatibility,0.5,has_workflow_support,False,0.0,0.5,0.0
pycabnn,compatibility,0.5,has_distribution_support,True,1.0,0.5,0.5
pycabnn,fairness,0.5555555555555556,license,True,1.0,0.22222222222222224,0.22222222222222224
pycabnn,fairness,0.5555555555555556,repository,True,1.0,0.3333333333333333,0.3333333333333333
pycabnn,fairness,0.5555555555555556,registry,False,0.0,0.22222222222222224,0.0
pycabnn,fairness,0.5555555555555556,citation,False,0.0,0.11111111111111112,0.0
pycabnn,fairness,0.5555555555555556,checklist,False,0.0,0.11111111111111112,0.0
pycabnn,fairness,0.5555555555555556,publication_open_access,,,0.0,0.0
pycabnn,maintainability,0.8611622222222222,nloc_per_file,82.0,0.918,0.3,0.2754
pycabnn,maintainability,0.8611622222222222,avg_ccn,3.11,0.7655555555555555,0.4,0.30622222222222223
pycabnn,maintainability,0.8611622222222222,duplicate_rate,6.82,0.9318,0.3,0.27953999999999996
pycabnn,sustainability,0.46792449344680276,avg_issue_close_time_days,40.192453703703706,0.5534171810699589,0.3,0.16602515432098766
pycabnn,sustainability,0.46792449344680276,num_open_issues,2,0.99,0.3,0.297
pycabnn,sustainability,0.46792449344680276,days_since_last_commit,1446,0.0,0.2,0.0
pycabnn,sustainability,0.46792449344680276,inverse_simpson_index,1.9308744339048733,0.04899339125815123,0.1,0.004899339125815123
pycabnn,sustainability,0.46792449344680276,has_releases,False,0.0,0.1,0.0
pycabnn,security,0.5147058823529411,default_branch_protected,True,1.0,0.5,0.5
pycabnn,security,0.5147058823529411,has_security_policy,False,0.0,0.4852941176470588,0.0
pycabnn,security,0.5147058823529411,gitignore_present,True,1.0,0.014705882352941176,0.014705882352941176
pycabnn,security,0.5147058823529411,security_updates,,,0.0,0.0
pycabnn,security,0.5147058823529411,secret_scanning,,,0.0,0.0
pycabnn,scientific_impact,0.024,fwci,,,0.0,0.0
pycabnn,scientific_impact,0.024,citation_count,,,0.0,0.0
pycabnn,scientific_impact,0.024,star_count,2,0.02,0.6,0.012
pycabnn,scientific_impact,0.024,fork_count,3,0.03,0.4,0.012
pycabnn,scientific_impact,0.024,altmetric_score,,,0.0,0.0
BacSPaD,compatibility,0.0,input_formats,,,0.0,0.0
BacSPaD,compatibility,0.0,output_formats,,,0.0,0.0
BacSPaD,compatibility,0.0,has_workflow_support,False,0.0,0.5,0.0
BacSPaD,compatibility,0.0,has_distribution_support,False,0.0,0.5,0.0
BacSPaD,fairness,,license,,,0.0,0.0
BacSPaD,fairness,,repository,,,0.0,0.0
BacSPaD,fairness,,registry,,,0.0,0.0
BacSPaD,fairness,,citation,,,0.0,0.0
BacSPaD,fairness,,checklist,,,0.0,0.0
BacSPaD,fairness,,publication_open_access,,,0.0,0.0
BacSPaD,maintainability,1.0,nloc_per_file,0.0,1.0,0.3,0.3
BacSPaD,maintainability,1.0,avg_ccn,0.0,1.0,0.4,0.4
BacSPaD,maintainability,1.0,duplicate_rate,0.0,1.0,0.3,0.3
BacSPaD,sustainability,0.4285714285714286,avg_issue_close_time_days,,,0.0,0.0
BacSPaD,sustainability,0.4285714285714286,num_open_issues,0,1.0,0.4285714285714286,0.4285714285714286
BacSPaD,sustainability,0.4285714285714286,days_since_last_commit,779,0.0,0.28571428571428575,0.0
BacSPaD,sustainability,0.4285714285714286,inverse_simpson_index,1.0,0.0,0.14285714285714288,0.0
BacSPaD,sustainability,0.4285714285714286,has_releases,False,0.0,0.14285714285714288,0.0
BacSPaD,security,0.0,default_branch_protected,False,0.0,0.5,0.0
BacSPaD,security,0.0,has_security_policy,False,0.0,0.4852941176470588,0.0
BacSPaD,security,0.0,gitignore_present,False,0.0,0.014705882352941176,0.0
BacSPaD,security,0.0,security_updates,,,0.0,0.0
BacSPaD,security,0.0,secret_scanning,,,0.0,0.0
BacSPaD,scientific_impact,0.004,fwci,,,0.0,0.0
BacSPaD,scientific_impact,0.004,citation_count,,,0.0,0.0
BacSPaD,scientific_impact,0.004,star_count,0,0.0,0.6,0.0
BacSPaD,scientific_impact,0.004,fork_count,1,0.01,0.4,0.004
BacSPaD,scientific_impact,0.004,altmetric_score,,,0.0,0.0
DEER-PREdict,compatibility,0.5,input_formats,,,0.0,0.0
DEER-PREdict,compatibility,0.5,output_formats,,,0.0,0.0
DEER-PREdict,compatibility,0.5,has_workflow_support,False,0.0,0.5,0.0
DEER-PREdict,compatibility,0.5,has_distribution_support,True,1.0,0.5,0.5
DEER-PREdict,fairness,0.6666666666666666,license,True,1.0,0.22222222222222224,0.22222222222222224
DEER-PREdict,fairness,0.6666666666666666,repository,True,1.0,0.3333333333333333,0.3333333333333333
DEER-PREdict,fairness,0.6666666666666666,registry,False,0.0,0.22222222222222224,0.0
DEER-PREdict,fairness,0.6666666666666666,citation,True,1.0,0.11111111111111112,0.11111111111111112
DEER-PREdict,fairness,0.6666666666666666,checklist,False,0.0,0.11111111111111112,0.0
DEER-PREdict,fairness,0.6666666666666666,publication_open_access,,,0.0,0.0
DEER-PREdict,maintainability,0.8953944444444444,nloc_per_file,43.5,0.9565,0.3,0.28695
DEER-PREdict,maintainability,0.8953944444444444,avg_ccn,3.06,0.7711111111111111,0.4,0.30844444444444447
DEER-PREdict,maintainability,0.8953944444444444,duplicate_rate,0.0,1.0,0.3,0.3
DEER-PREdict,sustainability,0.595101051845938,avg_issue_close_time_days,1.88423225308642,0.9790640860768176,0.3,0.29371922582304527
DEER-PREdict,sustainability,0.595101051845938,num_open_issues,0,1.0,0.3,0.3
DEER-PREdict,sustainability,0.595101051845938,days_since_last_commit,506,0.0,0.2,0.0
DEER-PREdict,sustainability,0.595101051845938,inverse_simpson_index,1.2625469443496073,0.013818260228926703,0.1,0.0013818260228926705
DEER-PREdict,sustainability,0.595101051845938,has_releases,False,0.0,0.1,0.0
DEER-PREdict,security,0.014705882352941176,default_branch_protected,False,0.0,0.5,0.0
DEER-PREdict,security,0.014705882352941176,has_security_policy,False,0.0,0.4852941176470588,0.0
DEER-PREdict,security,0.014705882352941176,gitignore_present,True,1.0,0.014705882352941176,0.014705882352941176
DEER-PREdict,security,0.014705882352941176,security_updates,,,0.0,0.0
DEER-PREdict,security,0.014705882352941176,secret_scanning,,,0.0,0.0
DEER-PREdict,scientific_impact,0.1,fwci,,,0.0,0.0
DEER-PREdict,scientific_impact,0.1,citation_count,,,0.0,0.0
DEER-PREdict,scientific_impact,0.1,star_count,14,0.14,0.6,0.084
DEER-PREdict,scientific_impact,0.1,fork_count,4,0.04,0.4,0.016
DEER-PREdict,scientific_impact,0.1,altmetric_score,,,0.0,0.0
blik,compatibility,0.5,input_formats,,,0.0,0.0
blik,compatibility,0.5,output_formats,,,0.0,0.0
blik,compatibility,0.5,has_workflow_support,False,0.0,0.5,0.0
blik,compatibility,0.5,has_distribution_support,True,1.0,0.5,0.5
blik,fairness,0.888888888888889,license,True,1.0,0.22222222222222224,0.22222222222222224
blik,fairness,0.888888888888889,repository,True,1.0,0.3333333333333333,0.3333333333333333
blik,fairness,0.888888888888889,registry,True,1.0,0.22222222222222224,0.22222222222222224
blik,fairness,0.888888888888889,citation,True,1.0,0.11111111111111112,0.11111111111111112
blik,fairness,0.888888888888889,checklist,False,0.0,0.11111111111111112,0.0
blik,fairness,0.888888888888889,publication_open_access,,,0.0,0.0
blik,maintainability,0.9027454444444445,nloc_per_file,72.33,0.92767,0.3,0.27830099999999997
blik,maintainability,0.9027454444444445,avg_ccn,2.7,0.8111111111111111,0.4,0.3244444444444445
blik,maintainability,0.9027454444444445,duplicate_rate,0.0,1.0,0.3,0.3
blik,sustainability,0.43358890536223016,avg_issue_close_time_days,125.3614932966821,0.0,0.3,0.0
blik,sustainability,0.43358890536223016,num_open_issues,8,0.96,0.3,0.288
blik,sustainability,0.43358890536223016,days_since_last_commit,52,0.7111111111111111,0.2,0.14222222222222222
blik,sustainability,0.43358890536223016,inverse_simpson_index,1.639669796601515,0.033666831400079734,0.1,0.0033666831400079736
blik,sustainability,0.43358890536223016,has_releases,False,0.0,0.1,0.0
blik,security,0.5147058823529411,default_branch_protected,True,1.0,0.5,0.5
blik,security,0.5147058823529411,has_security_policy,False,0.0,0.4852941176470588,0.0
blik,security,0.5147058823529411,gitignore_present,True,1.0,0.014705882352941176,0.014705882352941176
blik,security,0.5147058823529411,security_updates,,,0.0,0.0
blik,security,0.5147058823529411,secret_scanning,,,0.0,0.0
blik,scientific_impact,0.22,fwci,,,0.0,0.0
blik,scientific_impact,0.22,citation_count,,,0.0,0.0
blik,scientific_impact,0.22,star_count,30,0.3,0.6,0.18
blik,scientific_impact,0.22,fork_count,10,0.1,0.4,0.04000000000000001
blik,scientific_impact,0.22,altmetric_score,,,0.0,0.0
NXTfusion,compatibility,0.0,input_formats,,,0.0,0.0
NXTfusion,compatibility,0.0,output_formats,,,0.0,0.0
NXTfusion,compatibility,0.0,has_workflow_support,False,0.0,0.5,0.0
NXTfusion,compatibility,0.0,has_distribution_support,False,0.0,0.5,0.0
NXTfusion,fairness,0.3333333333333333,license,False,0.0,0.22222222222222224,0.0
NXTfusion,fairness,0.3333333333333333,repository,True,1.0,0.3333333333333333,0.3333333333333333
NXTfusion,fairness,0.3333333333333333,registry,False,0.0,0.22222222222222224,0.0
NXTfusion,fairness,0.3333333333333333,citation,False,0.0,0.11111111111111112,0.0
NXTfusion,fairness,0.3333333333333333,checklist,False,0.0,0.11111111111111112,0.0
NXTfusion,fairness,0.3333333333333333,publication_open_access,,,0.0,0.0
NXTfusion,maintainability,0.3671905555555556,nloc_per_file,153.35,0.84665,0.3,0.25399499999999997
NXTfusion,maintainability,0.3671905555555556,avg_ccn,9.2,0.08888888888888902,0.4,0.03555555555555561
NXTfusion,maintainability,0.3671905555555556,duplicate_rate,74.12,0.2587999999999999,0.3,0.07763999999999997
NXTfusion,sustainability,0.4285714285714286,avg_issue_close_time_days,,,0.0,0.0
NXTfusion,sustainability,0.4285714285714286,num_open_issues,0,1.0,0.4285714285714286,0.4285714285714286
NXTfusion,sustainability,0.4285714285714286,days_since_last_commit,1283,0.0,0.28571428571428575,0.0
NXTfusion,sustainability,0.4285714285714286,inverse_simpson_index,1.0,0.0,0.14285714285714288,0.0
NXTfusion,sustainability,0.4285714285714286,has_releases,False,0.0,0.14285714285714288,0.0
NXTfusion,security,0.014705882352941176,default_branch_protected,False,0.0,0.5,0.0
NXTfusion,security,0.014705882352941176,has_security_policy,False,0.0,0.4852941176470588,0.0
NXTfusion,security,0.014705882352941176,gitignore_present,True,1.0,0.014705882352941176,0.014705882352941176
NXTfusion,security,0.014705882352941176,security_updates,,,0.0,0.0
NXTfusion,security,0.014705882352941176,secret_scanning,,,0.0,0.0
NXTfusion,scientific_impact,0.0,fwci,,,0.0,0.0
NXTfusion,scientific_impact,0.0,citation_count,,,0.0,0.0
NXTfusion,scientific_impact,0.0,star_count,0,0.0,0.6,0.0
NXTfusion,scientific_impact,0.0,fork_count,0,0.0,0.4,0.0
NXTfusion,scientific_impact,0.0,altmetric_score,,,0.0,0.0
BiomiX,compatibility,0.0,input_formats,,,0.0,0.0
BiomiX,compatibility,0.0,output_formats,,,0.0,0.0
BiomiX,compatibility,0.0,has_workflow_support,False,0.0,0.5,0.0
BiomiX,compatibility,0.0,has_distribution_support,False,0.0,0.5,0.0
BiomiX,fairness,0.3333333333333333,license,False,0.0,0.22222222222222224,0.0
BiomiX,fairness,0.3333333333333333,repository,True,1.0,0.3333333333333333,0.3333333333333333
BiomiX,fairness,0.3333333333333333,registry,False,0.0,0.22222222222222224,0.0
BiomiX,fairness,0.3333333333333333,citation,False,0.0,0.11111111111111112,0.0
BiomiX,fairness,0.3333333333333333,checklist,False,0.0,0.11111111111111112,0.0
BiomiX,fairness,0.3333333333333333,publication_open_access,,,0.0,0.0
BiomiX,maintainability,0.674779888888889,nloc_per_file,258.83,0.74117,0.3,0.222351
BiomiX,maintainability,0.674779888888889,avg_ccn,3.68,0.7022222222222222,0.4,0.2808888888888889
BiomiX,maintainability,0.674779888888889,duplicate_rate,42.82,0.5718,0.3,0.17154
BiomiX,sustainability,0.5539471450617284,avg_issue_close_time_days,13.81585648148148,0.8464904835390947,0.3,0.2539471450617284
BiomiX,sustainability,0.5539471450617284,num_open_issues,0,1.0,0.3,0.3
BiomiX,sustainability,0.5539471450617284,days_since_last_commit,263,0.0,0.2,0.0
BiomiX,sustainability,0.5539471450617284,inverse_simpson_index,1.0,0.0,0.1,0.0
BiomiX,sustainability,0.5539471450617284,has_releases,False,0.0,0.1,0.0
BiomiX,security,0.0,default_branch_protected,False,0.0,0.5,0.0
BiomiX,security,0.0,has_security_policy,False,0.0,0.4852941176470588,0.0
BiomiX,security,0.0,gitignore_present,False,0.0,0.014705882352941176,0.0
BiomiX,security,0.0,security_updates,,,0.0,0.0
BiomiX,security,0.0,secret_scanning,,,0.0,0.0
BiomiX,scientific_impact,0.10400000000000001,fwci,,,0.0,0.0
BiomiX,scientific_impact,0.10400000000000001,citation_count,,,0.0,0.0
BiomiX,scientific_impact,0.10400000000000001,star_count,16,0.16,0.6,0.096
BiomiX,scientific_impact,0.10400000000000001,fork_count,2,0.02,0.4,0.008
BiomiX,scientific_impact,0.10400000000000001,altmetric_score,,,0.0,0.0
GeneDMRs,compatibility,0.0,input_formats,,,0.0,0.0
GeneDMRs,compatibility,0.0,output_formats,,,0.0,0.0
GeneDMRs,compatibility,0.0,has_workflow_support,False,0.0,0.5,0.0
GeneDMRs,compatibility,0.0,has_distribution_support,False,0.0,0.5,0.0
GeneDMRs,fairness,0.5555555555555556,license,True,1.0,0.22222222222222224,0.22222222222222224
GeneDMRs,fairness,0.5555555555555556,repository,True,1.0,0.3333333333333333,0.3333333333333333
GeneDMRs,fairness,0.5555555555555556,registry,False,0.0,0.22222222222222224,0.0
GeneDMRs,fairness,0.5555555555555556,citation,False,0.0,0.11111111111111112,0.0
GeneDMRs,fairness,0.5555555555555556,checklist,False,0.0,0.11111111111111112,0.0
GeneDMRs,fairness,0.5555555555555556,publication_open_access,,,0.0,0.0
GeneDMRs,maintainability,0.6787286666666666,nloc_per_file,137.36,0.86264,0.3,0.25879199999999997
GeneDMRs,maintainability,0.6787286666666666,avg_ccn,6.7,0.3666666666666667,0.4,0.1466666666666667
GeneDMRs,maintainability,0.6787286666666666,duplicate_rate,8.91,0.9109,0.3,0.27327
GeneDMRs,sustainability,0.48179641203703705,avg_issue_close_time_days,33.661076388888894,0.6259880401234568,0.3,0.18779641203703704
GeneDMRs,sustainability,0.48179641203703705,num_open_issues,4,0.98,0.3,0.294
GeneDMRs,sustainability,0.48179641203703705,days_since_last_commit,1041,0.0,0.2,0.0
GeneDMRs,sustainability,0.48179641203703705,inverse_simpson_index,1.0,0.0,0.1,0.0
GeneDMRs,sustainability,0.48179641203703705,has_releases,False,0.0,0.1,0.0
GeneDMRs,security,0.014705882352941176,default_branch_protected,False,0.0,0.5,0.0
GeneDMRs,security,0.014705882352941176,has_security_policy,False,0.0,0.4852941176470588,0.0
GeneDMRs,security,0.014705882352941176,gitignore_present,True,1.0,0.014705882352941176,0.014705882352941176
GeneDMRs,security,0.014705882352941176,security_updates,,,0.0,0.0
GeneDMRs,security,0.014705882352941176,secret_scanning,,,0.0,0.0
GeneDMRs,scientific_impact,0.072,fwci,,,0.0,0.0
GeneDMRs,scientific_impact,0.072,citation_count,,,0.0,0.0
GeneDMRs,scientific_impact,0.072,star_count,10,0.1,0.6,0.06
GeneDMRs,scientific_impact,0.072,fork_count,3,0.03,0.4,0.012
GeneDMRs,scientific_impact,0.072,altmetric_score,,,0.0,0.0
OneFlowTraX,compatibility,0.0,input_formats,,,0.0,0.0
OneFlowTraX,compatibility,0.0,output_formats,,,0.0,0.0
OneFlowTraX,compatibility,0.0,has_workflow_support,False,0.0,0.5,0.0
OneFlowTraX,compatibility,0.0,has_distribution_support,False,0.0,0.5,0.0
OneFlowTraX,fairness,,license,,,0.0,0.0
OneFlowTraX,fairness,,repository,,,0.0,0.0
OneFlowTraX,fairness,,registry,,,0.0,0.0
OneFlowTraX,fairness,,citation,,,0.0,0.0
OneFlowTraX,fairness,,checklist,,,0.0,0.0
OneFlowTraX,fairness,,publication_open_access,,,0.0,0.0
OneFlowTraX,maintainability,0.9701788888888889,nloc_per_file,15.5,0.9845,0.3,0.29535
OneFlowTraX,maintainability,0.9701788888888889,avg_ccn,1.43,0.9522222222222222,0.4,0.3808888888888889
OneFlowTraX,maintainability,0.9701788888888889,duplicate_rate,2.02,0.9798,0.3,0.29394
OneFlowTraX,sustainability,0.5137301587301588,avg_issue_close_time_days,,,0.0,0.0
OneFlowTraX,sustainability,0.5137301587301588,num_open_issues,1,0.995,0.4285714285714286,0.42642857142857143
OneFlowTraX,sustainability,0.5137301587301588,days_since_last_commit,125,0.3055555555555556,0.28571428571428575,0.08730158730158732
OneFlowTraX,sustainability,0.5137301587301588,inverse_simpson_index,1.0,0.0,0.14285714285714288,0.0
OneFlowTraX,sustainability,0.5137301587301588,has_releases,False,0.0,0.14285714285714288,0.0
OneFlowTraX,security,0.0,default_branch_protected,False,0.0,0.5,0.0
OneFlowTraX,security,0.0,has_security_policy,False,0.0,0.4852941176470588,0.0
OneFlowTraX,security,0.0,gitignore_present,False,0.0,0.014705882352941176,0.0
OneFlowTraX,security,0.0,security_updates,,,0.0,0.0
OneFlowTraX,security,0.0,secret_scanning,,,0.0,0.0
OneFlowTraX,scientific_impact,0.012,fwci,,,0.0,0.0
OneFlowTraX,scientific_impact,0.012,citation_count,,,0.0,0.0
OneFlowTraX,scientific_impact,0.012,star_count,2,0.02,0.6,0.012
OneFlowTraX,scientific_impact,0.012,fork_count,0,0.0,0.4,0.0
OneFlowTraX,scientific_impact,0.012,altmetric_score,,,0.0,0.0
qgg,compatibility,0.0,input_formats,,,0.0,0.0
qgg,compatibility,0.0,output_formats,,,0.0,0.0
qgg,compatibility,0.0,has_workflow_support,False,0.0,0.5,0.0
qgg,compatibility,0.0,has_distribution_support,False,0.0,0.5,0.0
qgg,fairness,0.3333333333333333,license,False,0.0,0.22222222222222224,0.0
qgg,fairness,0.3333333333333333,repository,True,1.0,0.3333333333333333,0.3333333333333333
qgg,fairness,0.3333333333333333,registry,False,0.0,0.22222222222222224,0.0
qgg,fairness,0.3333333333333333,citation,False,0.0,0.11111111111111112,0.0
qgg,fairness,0.3333333333333333,checklist,False,0.0,0.11111111111111112,0.0
qgg,fairness,0.3333333333333333,publication_open_access,,,0.0,0.0
qgg,maintainability,0.5772668888888889,nloc_per_file,674.54,0.3254600000000001,0.3,0.09763800000000002
qgg,maintainability,0.5772668888888889,avg_ccn,4.85,0.5722222222222222,0.4,0.2288888888888889
qgg,maintainability,0.5772668888888889,duplicate_rate,16.42,0.8358,0.3,0.25073999999999996
qgg,sustainability,0.32145231548255615,avg_issue_close_time_days,245.9403302469136,0.0,0.3,0.0
qgg,sustainability,0.32145231548255615,num_open_issues,1,0.995,0.3,0.2985
qgg,sustainability,0.32145231548255615,days_since_last_commit,161,0.10555555555555551,0.2,0.021111111111111105
qgg,sustainability,0.32145231548255615,inverse_simpson_index,1.349828830574565,0.018412043714450786,0.1,0.0018412043714450786
qgg,sustainability,0.32145231548255615,has_releases,False,0.0,0.1,0.0
qgg,security,0.014705882352941176,default_branch_protected,False,0.0,0.5,0.0
qgg,security,0.014705882352941176,has_security_policy,False,0.0,0.4852941176470588,0.0
qgg,security,0.014705882352941176,gitignore_present,True,1.0,0.014705882352941176,0.014705882352941176
qgg,security,0.014705882352941176,security_updates,,,0.0,0.0
qgg,security,0.014705882352941176,secret_scanning,,,0.0,0.0
qgg,scientific_impact,0.272,fwci,,,0.0,0.0
qgg,scientific_impact,0.272,citation_count,,,0.0,0.0
qgg,scientific_impact,0.272,star_count,40,0.4,0.6,0.24
qgg,scientific_impact,0.272,fork_count,8,0.08,0.4,0.032
qgg,scientific_impact,0.272,altmetric_score,,,0.0,0.0
ISA API,compatibility,1.0,input_formats,,,0.0,0.0
ISA API,compatibility,1.0,output_formats,,,0.0,0.0
ISA API,compatibility,1.0,has_workflow_support,True,1.0,0.5,0.5
ISA API,compatibility,1.0,has_distribution_support,True,1.0,0.5,0.5
ISA API,fairness,0.7777777777777778,license,True,1.0,0.22222222222222224,0.22222222222222224
ISA API,fairness,0.7777777777777778,repository,True,1.0,0.3333333333333333,0.3333333333333333
ISA API,fairness,0.7777777777777778,registry,True,1.0,0.22222222222222224,0.22222222222222224
ISA API,fairness,0.7777777777777778,citation,False,0.0,0.11111111111111112,0.0
ISA API,fairness,0.7777777777777778,checklist,False,0.0,0.11111111111111112,0.0
ISA API,fairness,0.7777777777777778,publication_open_access,,,0.0,0.0
ISA API,maintainability,0.8044679365079366,nloc_per_file,174.76,0.82524,0.4285714285714286,0.3536742857142857
ISA API,maintainability,0.8044679365079366,avg_ccn,2.9,0.7888888888888889,0.5714285714285715,0.45079365079365086
ISA API,maintainability,0.8044679365079366,duplicate_rate,,,0.0,0.0
ISA API,sustainability,0.37412983278169964,avg_issue_close_time_days,299.21048670226,0.0,0.3,0.0
ISA API,sustainability,0.37412983278169964,num_open_issues,48,0.76,0.3,0.22799999999999998
ISA API,sustainability,0.37412983278169964,days_since_last_commit,63,0.65,0.2,0.13
ISA API,sustainability,0.37412983278169964,inverse_simpson_index,4.0646682285229385,0.16129832781699677,0.1,0.016129832781699677
ISA API,sustainability,0.37412983278169964,has_releases,False,0.0,0.1,0.0
ISA API,security,0.5147058823529411,default_branch_protected,True,1.0,0.5,0.5
ISA API,security,0.5147058823529411,has_security_policy,False,0.0,0.4852941176470588,0.0
ISA API,security,0.5147058823529411,gitignore_present,True,1.0,0.014705882352941176,0.014705882352941176
ISA API,security,0.5147058823529411,security_updates,,,0.0,0.0
ISA API,security,0.5147058823529411,secret_scanning,,,0.0,0.0
ISA API,scientific_impact,0.45599999999999996,fwci,,,0.0,0.0
ISA API,scientific_impact,0.45599999999999996,citation_count,,,0.0,0.0
ISA API,scientific_impact,0.45599999999999996,star_count,48,0.48,0.6,0.288
ISA API,scientific_impact,0.45599999999999996,fork_count,42,0.42,0.4,0.168
ISA API,scientific_impact,0.45599999999999996,altmetric_score,,,0.0,0.0
CellexalVR,compatibility,0.0,input_formats,,,0.0,0.0
CellexalVR,compatibility,0.0,output_formats,,,0.0,0.0
CellexalVR,compatibility,0.0,has_workflow_support,False,0.0,0.5,0.0
CellexalVR,compatibility,0.0,has_distribution_support,False,0.0,0.5,0.0
CellexalVR,fairness,,license,,,0.0,0.0
CellexalVR,fairness,,repository,,,0.0,0.0
CellexalVR,fairness,,registry,,,0.0,0.0
CellexalVR,fairness,,citation,,,0.0,0.0
CellexalVR,fairness,,checklist,,,0.0,0.0
CellexalVR,fairness,,publication_open_access,,,0.0,0.0
CellexalVR,maintainability,0.8783624444444444,nloc_per_file,100.04,0.89996,0.3,0.269988
CellexalVR,maintainability,0.8783624444444444,avg_ccn,2.61,0.8211111111111111,0.4,0.3284444444444445
CellexalVR,maintainability,0.8783624444444444,duplicate_rate,6.69,0.9331,0.3,0.27993
CellexalVR,sustainability,0.4312299341080293,avg_issue_close_time_days,,,0.0,0.0
CellexalVR,sustainability,0.4312299341080293,num_open_issues,1,0.995,0.4285714285714286,0.42642857142857143
CellexalVR,sustainability,0.4312299341080293,days_since_last_commit,878,0.0,0.28571428571428575,0.0
CellexalVR,sustainability,0.4312299341080293,inverse_simpson_index,1.6385812363678949,0.033609538756204996,0.14285714285714288,0.004801362679457857
CellexalVR,sustainability,0.4312299341080293,has_releases,False,0.0,0.14285714285714288,0.0
CellexalVR,security,0.014705882352941176,default_branch_protected,False,0.0,0.5,0.0
CellexalVR,security,0.014705882352941176,has_security_policy,False,0.0,0.4852941176470588,0.0
CellexalVR,security,0.014705882352941176,gitignore_present,True,1.0,0.014705882352941176,0.014705882352941176
CellexalVR,security,0.014705882352941176,security_updates,,,0.0,0.0
CellexalVR,security,0.014705882352941176,secret_scanning,,,0.0,0.0
CellexalVR,scientific_impact,0.078,fwci,,,0.0,0.0
CellexalVR,scientific_impact,0.078,citation_count,,,0.0,0.0
CellexalVR,scientific_impact,0.078,star_count,9,0.09,0.6,0.054
CellexalVR,scientific_impact,0.078,fork_count,6,0.06,0.4,0.024
CellexalVR,scientific_impact,0.078,altmetric_score,,,0.0,0.0
RegiSTORM,compatibility,0.0,input_formats,,,0.0,0.0
RegiSTORM,compatibility,0.0,output_formats,,,0.0,0.0
RegiSTORM,compatibility,0.0,has_workflow_support,False,0.0,0.5,0.0
RegiSTORM,compatibility,0.0,has_distribution_support,False,0.0,0.5,0.0
RegiSTORM,fairness,0.5555555555555556,license,True,1.0,0.22222222222222224,0.22222222222222224
RegiSTORM,fairness,0.5555555555555556,repository,True,1.0,0.3333333333333333,0.3333333333333333
RegiSTORM,fairness,0.5555555555555556,registry,False,0.0,0.22222222222222224,0.0
RegiSTORM,fairness,0.5555555555555556,citation,False,0.0,0.11111111111111112,0.0
RegiSTORM,fairness,0.5555555555555556,checklist,False,0.0,0.11111111111111112,0.0
RegiSTORM,fairness,0.5555555555555556,publication_open_access,,,0.0,0.0
RegiSTORM,maintainability,0.7591898888888888,nloc_per_file,152.33,0.8476699999999999,0.3,0.25430099999999994
RegiSTORM,maintainability,0.7591898888888888,avg_ccn,5.39,0.5122222222222222,0.4,0.2048888888888889
RegiSTORM,maintainability,0.7591898888888888,duplicate_rate,0.0,1.0,0.3,0.3
RegiSTORM,sustainability,0.4285714285714286,avg_issue_close_time_days,,,0.0,0.0
RegiSTORM,sustainability,0.4285714285714286,num_open_issues,0,1.0,0.4285714285714286,0.4285714285714286
RegiSTORM,sustainability,0.4285714285714286,days_since_last_commit,1108,0.0,0.28571428571428575,0.0
RegiSTORM,sustainability,0.4285714285714286,inverse_simpson_index,1.0,0.0,0.14285714285714288,0.0
RegiSTORM,sustainability,0.4285714285714286,has_releases,False,0.0,0.14285714285714288,0.0
RegiSTORM,security,0.0,default_branch_protected,False,0.0,0.5,0.0
RegiSTORM,security,0.0,has_security_policy,False,0.0,0.4852941176470588,0.0
RegiSTORM,security,0.0,gitignore_present,False,0.0,0.014705882352941176,0.0
RegiSTORM,security,0.0,security_updates,,,0.0,0.0
RegiSTORM,security,0.0,secret_scanning,,,0.0,0.0
RegiSTORM,scientific_impact,0.018,fwci,,,0.0,0.0
RegiSTORM,scientific_impact,0.018,citation_count,,,0.0,0.0
RegiSTORM,scientific_impact,0.018,star_count,3,0.03,0.6,0.018
RegiSTORM,scientific_impact,0.018,fork_count,0,0.0,0.4,0.0
RegiSTORM,scientific_impact,0.018,altmetric_score,,,0.0,0.0
geckopy,compatibility,0.5,input_formats,,,0.0,0.0
geckopy,compatibility,0.5,output_formats,,,0.0,0.0
geckopy,compatibility,0.5,has_workflow_support,False,0.0,0.5,0.0
geckopy,compatibility,0.5,has_distribution_support,True,1.0,0.5,0.5
geckopy,fairness,,license,,,0.0,0.0
geckopy,fairness,,repository,,,0.0,0.0
geckopy,fairness,,registry,,,0.0,0.0
geckopy,fairness,,citation,,,0.0,0.0
geckopy,fairness,,checklist,,,0.0,0.0
geckopy,fairness,,publication_open_access,,,0.0,0.0
geckopy,maintainability,0.7981305555555556,nloc_per_file,110.15,0.88985,0.3,0.266955
geckopy,maintainability,0.7981305555555556,avg_ccn,4.7,0.5888888888888888,0.4,0.23555555555555552
geckopy,maintainability,0.7981305555555556,duplicate_rate,1.46,0.9854,0.3,0.29562
geckopy,sustainability,0.47028452932098763,avg_issue_close_time_days,35.764641203703704,0.6026150977366256,0.3,0.18078452932098768
geckopy,sustainability,0.47028452932098763,num_open_issues,7,0.965,0.3,0.2895
geckopy,sustainability,0.47028452932098763,days_since_last_commit,1065,0.0,0.2,0.0
geckopy,sustainability,0.47028452932098763,inverse_simpson_index,1.0,0.0,0.1,0.0
geckopy,sustainability,0.47028452932098763,has_releases,False,0.0,0.1,0.0
geckopy,security,0.014705882352941176,default_branch_protected,False,0.0,0.5,0.0
geckopy,security,0.014705882352941176,has_security_policy,False,0.0,0.4852941176470588,0.0
geckopy,security,0.014705882352941176,gitignore_present,True,1.0,0.014705882352941176,0.014705882352941176
geckopy,security,0.014705882352941176,security_updates,,,0.0,0.0
geckopy,security,0.014705882352941176,secret_scanning,,,0.0,0.0
geckopy,scientific_impact,0.26399999999999996,fwci,,,0.0,0.0
geckopy,scientific_impact,0.26399999999999996,citation_count,,,0.0,0.0
geckopy,scientific_impact,0.26399999999999996,star_count,38,0.38,0.6,0.22799999999999998
geckopy,scientific_impact,0.26399999999999996,fork_count,9,0.09,0.4,0.036
geckopy,scientific_impact,0.26399999999999996,altmetric_score,,,0.0,0.0
SMARTER-database,compatibility,0.5,input_formats,,,0.0,0.0
SMARTER-database,compatibility,0.5,output_formats,,,0.0,0.0
SMARTER-database,compatibility,0.5,has_workflow_support,False,0.0,0.5,0.0
SMARTER-database,compatibility,0.5,has_distribution_support,True,1.0,0.5,0.5
SMARTER-database,fairness,0.5555555555555556,license,True,1.0,0.22222222222222224,0.22222222222222224
SMARTER-database,fairness,0.5555555555555556,repository,True,1.0,0.3333333333333333,0.3333333333333333
SMARTER-database,fairness,0.5555555555555556,registry,False,0.0,0.22222222222222224,0.0
SMARTER-database,fairness,0.5555555555555556,citation,False,0.0,0.11111111111111112,0.0
SMARTER-database,fairness,0.5555555555555556,checklist,False,0.0,0.11111111111111112,0.0
SMARTER-database,fairness,0.5555555555555556,publication_open_access,,,0.0,0.0
SMARTER-database,maintainability,0.8617653333333333,nloc_per_file,138.56,0.86144,0.3,0.258432
SMARTER-database,maintainability,0.8617653333333333,avg_ccn,1.96,0.8933333333333333,0.4,0.35733333333333334
SMARTER-database,maintainability,0.8617653333333333,duplicate_rate,18.0,0.8200000000000001,0.3,0.246
SMARTER-database,sustainability,0.2794228779367982,avg_issue_close_time_days,152.45229202835648,0.0,0.3,0.0
SMARTER-database,sustainability,0.2794228779367982,num_open_issues,14,0.9299999999999999,0.3,0.27899999999999997
SMARTER-database,sustainability,0.2794228779367982,days_since_last_commit,708,0.0,0.2,0.0
SMARTER-database,sustainability,0.2794228779367982,inverse_simpson_index,1.0803468079916625,0.004228779367982237,0.1,0.00042287793679822373
SMARTER-database,sustainability,0.2794228779367982,has_releases,False,0.0,0.1,0.0
SMARTER-database,security,0.014705882352941176,default_branch_protected,False,0.0,0.5,0.0
SMARTER-database,security,0.014705882352941176,has_security_policy,False,0.0,0.4852941176470588,0.0
SMARTER-database,security,0.014705882352941176,gitignore_present,True,1.0,0.014705882352941176,0.014705882352941176
SMARTER-database,security,0.014705882352941176,security_updates,,,0.0,0.0
SMARTER-database,security,0.014705882352941176,secret_scanning,,,0.0,0.0
SMARTER-database,scientific_impact,0.012,fwci,,,0.0,0.0
SMARTER-database,scientific_impact,0.012,citation_count,,,0.0,0.0
SMARTER-database,scientific_impact,0.012,star_count,2,0.02,0.6,0.012
SMARTER-database,scientific_impact,0.012,fork_count,0,0.0,0.4,0.0
SMARTER-database,scientific_impact,0.012,altmetric_score,,,0.0,0.0
MITST,compatibility,0.5,input_formats,,,0.0,0.0
MITST,compatibility,0.5,output_formats,,,0.0,0.0
MITST,compatibility,0.5,has_workflow_support,False,0.0,0.5,0.0
MITST,compatibility,0.5,has_distribution_support,True,1.0,0.5,0.5
MITST,fairness,0.3333333333333333,license,False,0.0,0.22222222222222224,0.0
MITST,fairness,0.3333333333333333,repository,True,1.0,0.3333333333333333,0.3333333333333333
MITST,fairness,0.3333333333333333,registry,False,0.0,0.22222222222222224,0.0
MITST,fairness,0.3333333333333333,citation,False,0.0,0.11111111111111112,0.0
MITST,fairness,0.3333333333333333,checklist,False,0.0,0.11111111111111112,0.0
MITST,fairness,0.3333333333333333,publication_open_access,,,0.0,0.0
MITST,maintainability,0.7990424444444444,nloc_per_file,90.94,0.90906,0.3,0.27271799999999996
MITST,maintainability,0.7990424444444444,avg_ccn,4.5,0.6111111111111112,0.4,0.24444444444444446
MITST,maintainability,0.7990424444444444,duplicate_rate,6.04,0.9396,0.3,0.28187999999999996
MITST,sustainability,0.4285714285714286,avg_issue_close_time_days,,,0.0,0.0
MITST,sustainability,0.4285714285714286,num_open_issues,0,1.0,0.4285714285714286,0.4285714285714286
MITST,sustainability,0.4285714285714286,days_since_last_commit,460,0.0,0.28571428571428575,0.0
MITST,sustainability,0.4285714285714286,inverse_simpson_index,1.0,0.0,0.14285714285714288,0.0
MITST,sustainability,0.4285714285714286,has_releases,False,0.0,0.14285714285714288,0.0
MITST,security,0.0,default_branch_protected,False,0.0,0.5,0.0
MITST,security,0.0,has_security_policy,False,0.0,0.4852941176470588,0.0
MITST,security,0.0,gitignore_present,False,0.0,0.014705882352941176,0.0
MITST,security,0.0,security_updates,,,0.0,0.0
MITST,security,0.0,secret_scanning,,,0.0,0.0
MITST,scientific_impact,0.024,fwci,,,0.0,0.0
MITST,scientific_impact,0.024,citation_count,,,0.0,0.0
MITST,scientific_impact,0.024,star_count,4,0.04,0.6,0.024
MITST,scientific_impact,0.024,fork_count,0,0.0,0.4,0.0
MITST,scientific_impact,0.024,altmetric_score,,,0.0,0.0
iAUSAXS,compatibility,0.0,input_formats,,,0.0,0.0
iAUSAXS,compatibility,0.0,output_formats,,,0.0,0.0
iAUSAXS,compatibility,0.0,has_workflow_support,False,0.0,0.5,0.0
iAUSAXS,compatibility,0.0,has_distribution_support,False,0.0,0.5,0.0
iAUSAXS,fairness,0.5555555555555556,license,True,1.0,0.22222222222222224,0.22222222222222224
iAUSAXS,fairness,0.5555555555555556,repository,True,1.0,0.3333333333333333,0.3333333333333333
iAUSAXS,fairness,0.5555555555555556,registry,False,0.0,0.22222222222222224,0.0
iAUSAXS,fairness,0.5555555555555556,citation,False,0.0,0.11111111111111112,0.0
iAUSAXS,fairness,0.5555555555555556,checklist,False,0.0,0.11111111111111112,0.0
iAUSAXS,fairness,0.5555555555555556,publication_open_access,,,0.0,0.0
iAUSAXS,maintainability,0.8824784444444445,nloc_per_file,50.82,0.94918,0.3,0.284754
iAUSAXS,maintainability,0.8824784444444445,avg_ccn,2.34,0.8511111111111112,0.4,0.3404444444444445
iAUSAXS,maintainability,0.8824784444444445,duplicate_rate,14.24,0.8576,0.3,0.25728
iAUSAXS,sustainability,0.44684937951876874,avg_issue_close_time_days,130.8545250568551,0.0,0.3,0.0
iAUSAXS,sustainability,0.44684937951876874,num_open_issues,17,0.915,0.3,0.2745
iAUSAXS,sustainability,0.44684937951876874,days_since_last_commit,25,0.8611111111111112,0.2,0.17222222222222225
iAUSAXS,sustainability,0.44684937951876874,inverse_simpson_index,1.024159886343827,0.0012715729654645812,0.1,0.00012715729654645813
iAUSAXS,sustainability,0.44684937951876874,has_releases,False,0.0,0.1,0.0
iAUSAXS,security,0.5147058823529411,default_branch_protected,True,1.0,0.5,0.5
iAUSAXS,security,0.5147058823529411,has_security_policy,False,0.0,0.4852941176470588,0.0
iAUSAXS,security,0.5147058823529411,gitignore_present,True,1.0,0.014705882352941176,0.014705882352941176
iAUSAXS,security,0.5147058823529411,security_updates,,,0.0,0.0
iAUSAXS,security,0.5147058823529411,secret_scanning,,,0.0,0.0
iAUSAXS,scientific_impact,0.064,fwci,,,0.0,0.0
iAUSAXS,scientific_impact,0.064,citation_count,,,0.0,0.0
iAUSAXS,scientific_impact,0.064,star_count,8,0.08,0.6,0.048
iAUSAXS,scientific_impact,0.064,fork_count,4,0.04,0.4,0.016
iAUSAXS,scientific_impact,0.064,altmetric_score,,,0.0,0.0
RootPainter,compatibility,0.5,input_formats,,,0.0,0.0
RootPainter,compatibility,0.5,output_formats,,,0.0,0.0
RootPainter,compatibility,0.5,has_workflow_support,False,0.0,0.5,0.0
RootPainter,compatibility,0.5,has_distribution_support,True,1.0,0.5,0.5
RootPainter,fairness,0.5555555555555556,license,True,1.0,0.22222222222222224,0.22222222222222224
RootPainter,fairness,0.5555555555555556,repository,True,1.0,0.3333333333333333,0.3333333333333333
RootPainter,fairness,0.5555555555555556,registry,False,0.0,0.22222222222222224,0.0
RootPainter,fairness,0.5555555555555556,citation,False,0.0,0.11111111111111112,0.0
RootPainter,fairness,0.5555555555555556,checklist,False,0.0,0.11111111111111112,0.0
RootPainter,fairness,0.5555555555555556,publication_open_access,,,0.0,0.0
RootPainter,maintainability,0.8780578888888889,nloc_per_file,114.97,0.88503,0.3,0.265509
RootPainter,maintainability,0.8780578888888889,avg_ccn,2.78,0.8022222222222223,0.4,0.32088888888888895
RootPainter,maintainability,0.8780578888888889,duplicate_rate,2.78,0.9722,0.3,0.29166
RootPainter,sustainability,0.3481942794970737,avg_issue_close_time_days,134.81444886086746,0.0,0.3,0.0
RootPainter,sustainability,0.3481942794970737,num_open_issues,40,0.8,0.3,0.24
RootPainter,sustainability,0.3481942794970737,days_since_last_commit,83,0.5388888888888889,0.2,0.10777777777777778
RootPainter,sustainability,0.3481942794970737,inverse_simpson_index,1.0791353266662311,0.004165017192959533,0.1,0.0004165017192959533
RootPainter,sustainability,0.3481942794970737,has_releases,False,0.0,0.1,0.0
RootPainter,security,0.5147058823529411,default_branch_protected,True,1.0,0.5,0.5
RootPainter,security,0.5147058823529411,has_security_policy,False,0.0,0.4852941176470588,0.0
RootPainter,security,0.5147058823529411,gitignore_present,True,1.0,0.014705882352941176,0.014705882352941176
RootPainter,security,0.5147058823529411,security_updates,,,0.0,0.0
RootPainter,security,0.5147058823529411,secret_scanning,,,0.0,0.0
RootPainter,scientific_impact,0.596,fwci,,,0.0,0.0
RootPainter,scientific_impact,0.596,citation_count,,,0.0,0.0
RootPainter,scientific_impact,0.596,star_count,82,0.82,0.6,0.49199999999999994
RootPainter,scientific_impact,0.596,fork_count,26,0.26,0.4,0.10400000000000001
RootPainter,scientific_impact,0.596,altmetric_score,,,0.0,0.0
OpenCustomDB,compatibility,0.0,input_formats,,,0.0,0.0
OpenCustomDB,compatibility,0.0,output_formats,,,0.0,0.0
OpenCustomDB,compatibility,0.0,has_workflow_support,False,0.0,0.5,0.0
OpenCustomDB,compatibility,0.0,has_distribution_support,False,0.0,0.5,0.0
OpenCustomDB,fairness,,license,,,0.0,0.0
OpenCustomDB,fairness,,repository,,,0.0,0.0
OpenCustomDB,fairness,,registry,,,0.0,0.0
OpenCustomDB,fairness,,citation,,,0.0,0.0
OpenCustomDB,fairness,,checklist,,,0.0,0.0
OpenCustomDB,fairness,,publication_open_access,,,0.0,0.0
OpenCustomDB,maintainability,0.7679027777777778,nloc_per_file,126.25,0.87375,0.3,0.262125
OpenCustomDB,maintainability,0.7679027777777778,avg_ccn,5.37,0.5144444444444445,0.4,0.2057777777777778
OpenCustomDB,maintainability,0.7679027777777778,duplicate_rate,0.0,1.0,0.3,0.3
OpenCustomDB,sustainability,0.3456882292798442,avg_issue_close_time_days,76.01514467592594,0.1553872813786007,0.3,0.04661618441358021
OpenCustomDB,sustainability,0.3456882292798442,num_open_issues,3,0.985,0.3,0.2955
OpenCustomDB,sustainability,0.3456882292798442,days_since_last_commit,1114,0.0,0.2,0.0
OpenCustomDB,sustainability,0.3456882292798442,inverse_simpson_index,1.678688524590164,0.03572044866264021,0.1,0.003572044866264021
OpenCustomDB,sustainability,0.3456882292798442,has_releases,False,0.0,0.1,0.0
OpenCustomDB,security,0.0,default_branch_protected,False,0.0,0.5,0.0
OpenCustomDB,security,0.0,has_security_policy,False,0.0,0.4852941176470588,0.0
OpenCustomDB,security,0.0,gitignore_present,False,0.0,0.014705882352941176,0.0
OpenCustomDB,security,0.0,security_updates,,,0.0,0.0
OpenCustomDB,security,0.0,secret_scanning,,,0.0,0.0
OpenCustomDB,scientific_impact,0.012,fwci,,,0.0,0.0
OpenCustomDB,scientific_impact,0.012,citation_count,,,0.0,0.0
OpenCustomDB,scientific_impact,0.012,star_count,2,0.02,0.6,0.012
OpenCustomDB,scientific_impact,0.012,fork_count,0,0.0,0.4,0.0
OpenCustomDB,scientific_impact,0.012,altmetric_score,,,0.0,0.0
CompareM2,compatibility,1.0,input_formats,,,0.0,0.0
CompareM2,compatibility,1.0,output_formats,,,0.0,0.0
CompareM2,compatibility,1.0,has_workflow_support,True,1.0,0.5,0.5
CompareM2,compatibility,1.0,has_distribution_support,True,1.0,0.5,0.5
CompareM2,fairness,0.5555555555555556,license,True,1.0,0.22222222222222224,0.22222222222222224
CompareM2,fairness,0.5555555555555556,repository,True,1.0,0.3333333333333333,0.3333333333333333
CompareM2,fairness,0.5555555555555556,registry,False,0.0,0.22222222222222224,0.0
CompareM2,fairness,0.5555555555555556,citation,False,0.0,0.11111111111111112,0.0
CompareM2,fairness,0.5555555555555556,checklist,False,0.0,0.11111111111111112,0.0
CompareM2,fairness,0.5555555555555556,publication_open_access,,,0.0,0.0
CompareM2,maintainability,0.7902079999999999,nloc_per_file,296.64,0.70336,0.3,0.211008
CompareM2,maintainability,0.7902079999999999,avg_ccn,3.61,0.71,0.4,0.284
CompareM2,maintainability,0.7902079999999999,duplicate_rate,1.6,0.984,0.3,0.29519999999999996
CompareM2,sustainability,0.2587706766917293,avg_issue_close_time_days,200.44216345289465,0.0,0.3,0.0
CompareM2,sustainability,0.2587706766917293,num_open_issues,33,0.835,0.3,0.2505
CompareM2,sustainability,0.2587706766917293,days_since_last_commit,194,0.0,0.2,0.0
CompareM2,sustainability,0.2587706766917293,inverse_simpson_index,2.571428571428571,0.08270676691729321,0.1,0.008270676691729323
CompareM2,sustainability,0.2587706766917293,has_releases,False,0.0,0.1,0.0
CompareM2,security,0.014705882352941176,default_branch_protected,False,0.0,0.5,0.0
CompareM2,security,0.014705882352941176,has_security_policy,False,0.0,0.4852941176470588,0.0
CompareM2,security,0.014705882352941176,gitignore_present,True,1.0,0.014705882352941176,0.014705882352941176
CompareM2,security,0.014705882352941176,security_updates,,,0.0,0.0
CompareM2,security,0.014705882352941176,secret_scanning,,,0.0,0.0
CompareM2,scientific_impact,0.46199999999999997,fwci,,,0.0,0.0
CompareM2,scientific_impact,0.46199999999999997,citation_count,,,0.0,0.0
CompareM2,scientific_impact,0.46199999999999997,star_count,75,0.75,0.6,0.44999999999999996
CompareM2,scientific_impact,0.46199999999999997,fork_count,3,0.03,0.4,0.012
CompareM2,scientific_impact,0.46199999999999997,altmetric_score,,,0.0,0.0
BLAMM,compatibility,0.0,input_formats,,,0.0,0.0
BLAMM,compatibility,0.0,output_formats,,,0.0,0.0
BLAMM,compatibility,0.0,has_workflow_support,False,0.0,0.5,0.0
BLAMM,compatibility,0.0,has_distribution_support,False,0.0,0.5,0.0
BLAMM,fairness,0.5555555555555556,license,True,1.0,0.22222222222222224,0.22222222222222224
BLAMM,fairness,0.5555555555555556,repository,True,1.0,0.3333333333333333,0.3333333333333333
BLAMM,fairness,0.5555555555555556,registry,False,0.0,0.22222222222222224,0.0
BLAMM,fairness,0.5555555555555556,citation,False,0.0,0.11111111111111112,0.0
BLAMM,fairness,0.5555555555555556,checklist,False,0.0,0.11111111111111112,0.0
BLAMM,fairness,0.5555555555555556,publication_open_access,,,0.0,0.0
BLAMM,maintainability,0.8572023333333334,nloc_per_file,104.17,0.89583,0.3,0.268749
BLAMM,maintainability,0.8572023333333334,avg_ccn,3.04,0.7733333333333333,0.4,0.30933333333333335
BLAMM,maintainability,0.8572023333333334,duplicate_rate,6.96,0.9304,0.3,0.27912
BLAMM,sustainability,0.5941544367283951,avg_issue_close_time_days,0.8536689814814815,0.9905147890946502,0.3,0.29715443672839503
BLAMM,sustainability,0.5941544367283951,num_open_issues,2,0.99,0.3,0.297
BLAMM,sustainability,0.5941544367283951,days_since_last_commit,1840,0.0,0.2,0.0
BLAMM,sustainability,0.5941544367283951,inverse_simpson_index,1.0,0.0,0.1,0.0
BLAMM,sustainability,0.5941544367283951,has_releases,False,0.0,0.1,0.0
BLAMM,security,0.0,default_branch_protected,False,0.0,0.5,0.0
BLAMM,security,0.0,has_security_policy,False,0.0,0.4852941176470588,0.0
BLAMM,security,0.0,gitignore_present,False,0.0,0.014705882352941176,0.0
BLAMM,security,0.0,security_updates,,,0.0,0.0
BLAMM,security,0.0,secret_scanning,,,0.0,0.0
BLAMM,scientific_impact,0.052,fwci,,,0.0,0.0
BLAMM,scientific_impact,0.052,citation_count,,,0.0,0.0
BLAMM,scientific_impact,0.052,star_count,6,0.06,0.6,0.036
BLAMM,scientific_impact,0.052,fork_count,4,0.04,0.4,0.016
BLAMM,scientific_impact,0.052,altmetric_score,,,0.0,0.0
GOUHFI,compatibility,0.5,input_formats,,,0.0,0.0
GOUHFI,compatibility,0.5,output_formats,,,0.0,0.0
GOUHFI,compatibility,0.5,has_workflow_support,False,0.0,0.5,0.0
GOUHFI,compatibility,0.5,has_distribution_support,True,1.0,0.5,0.5
GOUHFI,fairness,0.5555555555555556,license,True,1.0,0.22222222222222224,0.22222222222222224
GOUHFI,fairness,0.5555555555555556,repository,True,1.0,0.3333333333333333,0.3333333333333333
GOUHFI,fairness,0.5555555555555556,registry,False,0.0,0.22222222222222224,0.0
GOUHFI,fairness,0.5555555555555556,citation,False,0.0,0.11111111111111112,0.0
GOUHFI,fairness,0.5555555555555556,checklist,False,0.0,0.11111111111111112,0.0
GOUHFI,fairness,0.5555555555555556,publication_open_access,,,0.0,0.0
GOUHFI,maintainability,0.8012996666666667,nloc_per_file,67.49,0.93251,0.3,0.279753
GOUHFI,maintainability,0.8012996666666667,avg_ccn,4.0,0.6666666666666667,0.4,0.2666666666666667
GOUHFI,maintainability,0.8012996666666667,duplicate_rate,15.04,0.8496,0.3,0.25488
GOUHFI,sustainability,0.3466666666666667,avg_issue_close_time_days,98.27038194444445,0.0,0.3,0.0
GOUHFI,sustainability,0.3466666666666667,num_open_issues,0,1.0,0.3,0.3
GOUHFI,sustainability,0.3466666666666667,days_since_last_commit,138,0.23333333333333328,0.2,0.04666666666666666
GOUHFI,sustainability,0.3466666666666667,inverse_simpson_index,1.0,0.0,0.1,0.0
GOUHFI,sustainability,0.3466666666666667,has_releases,False,0.0,0.1,0.0
GOUHFI,security,0.5147058823529411,default_branch_protected,True,1.0,0.5,0.5
GOUHFI,security,0.5147058823529411,has_security_policy,False,0.0,0.4852941176470588,0.0
GOUHFI,security,0.5147058823529411,gitignore_present,True,1.0,0.014705882352941176,0.014705882352941176
GOUHFI,security,0.5147058823529411,security_updates,,,0.0,0.0
GOUHFI,security,0.5147058823529411,secret_scanning,,,0.0,0.0
GOUHFI,scientific_impact,0.078,fwci,,,0.0,0.0
GOUHFI,scientific_impact,0.078,citation_count,,,0.0,0.0
GOUHFI,scientific_impact,0.078,star_count,11,0.11,0.6,0.066
GOUHFI,scientific_impact,0.078,fork_count,3,0.03,0.4,0.012
GOUHFI,scientific_impact,0.078,altmetric_score,,,0.0,0.0
Met-ID,compatibility,0.0,input_formats,,,0.0,0.0
Met-ID,compatibility,0.0,output_formats,,,0.0,0.0
Met-ID,compatibility,0.0,has_workflow_support,False,0.0,0.5,0.0
Met-ID,compatibility,0.0,has_distribution_support,False,0.0,0.5,0.0
Met-ID,fairness,,license,,,0.0,0.0
Met-ID,fairness,,repository,,,0.0,0.0
Met-ID,fairness,,registry,,,0.0,0.0
Met-ID,fairness,,citation,,,0.0,0.0
Met-ID,fairness,,checklist,,,0.0,0.0
Met-ID,fairness,,publication_open_access,,,0.0,0.0
Met-ID,maintainability,0.8764974444444444,nloc_per_file,102.39,0.89761,0.3,0.269283
Met-ID,maintainability,0.8764974444444444,avg_ccn,2.25,0.8611111111111112,0.4,0.3444444444444445
Met-ID,maintainability,0.8764974444444444,duplicate_rate,12.41,0.8759,0.3,0.26277
Met-ID,sustainability,0.4285714285714286,avg_issue_close_time_days,,,0.0,0.0
Met-ID,sustainability,0.4285714285714286,num_open_issues,0,1.0,0.4285714285714286,0.4285714285714286
Met-ID,sustainability,0.4285714285714286,days_since_last_commit,465,0.0,0.28571428571428575,0.0
Met-ID,sustainability,0.4285714285714286,inverse_simpson_index,1.0,0.0,0.14285714285714288,0.0
Met-ID,sustainability,0.4285714285714286,has_releases,False,0.0,0.14285714285714288,0.0
Met-ID,security,0.014705882352941176,default_branch_protected,False,0.0,0.5,0.0
Met-ID,security,0.014705882352941176,has_security_policy,False,0.0,0.4852941176470588,0.0
Met-ID,security,0.014705882352941176,gitignore_present,True,1.0,0.014705882352941176,0.014705882352941176
Met-ID,security,0.014705882352941176,security_updates,,,0.0,0.0
Met-ID,security,0.014705882352941176,secret_scanning,,,0.0,0.0
Met-ID,scientific_impact,0.018,fwci,,,0.0,0.0
Met-ID,scientific_impact,0.018,citation_count,,,0.0,0.0
Met-ID,scientific_impact,0.018,star_count,3,0.03,0.6,0.018
Met-ID,scientific_impact,0.018,fork_count,0,0.0,0.4,0.0
Met-ID,scientific_impact,0.018,altmetric_score,,,0.0,0.0
distAngsd,compatibility,0.0,input_formats,,,0.0,0.0
distAngsd,compatibility,0.0,output_formats,,,0.0,0.0
distAngsd,compatibility,0.0,has_workflow_support,False,0.0,0.5,0.0
distAngsd,compatibility,0.0,has_distribution_support,False,0.0,0.5,0.0
distAngsd,fairness,0.3333333333333333,license,False,0.0,0.22222222222222224,0.0
distAngsd,fairness,0.3333333333333333,repository,True,1.0,0.3333333333333333,0.3333333333333333
distAngsd,fairness,0.3333333333333333,registry,False,0.0,0.22222222222222224,0.0
distAngsd,fairness,0.3333333333333333,citation,False,0.0,0.11111111111111112,0.0
distAngsd,fairness,0.3333333333333333,checklist,False,0.0,0.11111111111111112,0.0
distAngsd,fairness,0.3333333333333333,publication_open_access,,,0.0,0.0
distAngsd,maintainability,0.4703649999999999,nloc_per_file,424.95,0.5750500000000001,0.3,0.172515
distAngsd,maintainability,0.4703649999999999,avg_ccn,8.56,0.15999999999999992,0.4,0.06399999999999997
distAngsd,maintainability,0.4703649999999999,duplicate_rate,22.05,0.7795,0.3,0.23384999999999997
distAngsd,sustainability,0.5270373444297509,avg_issue_close_time_days,17.788634259259258,0.8023485082304527,0.3,0.2407045524691358
distAngsd,sustainability,0.5270373444297509,num_open_issues,10,0.95,0.3,0.285
distAngsd,sustainability,0.5270373444297509,days_since_last_commit,1223,0.0,0.2,0.0
distAngsd,sustainability,0.5270373444297509,inverse_simpson_index,1.2532304725168755,0.01332791960615134,0.1,0.0013327919606151341
distAngsd,sustainability,0.5270373444297509,has_releases,False,0.0,0.1,0.0
distAngsd,security,0.0,default_branch_protected,False,0.0,0.5,0.0
distAngsd,security,0.0,has_security_policy,False,0.0,0.4852941176470588,0.0
distAngsd,security,0.0,gitignore_present,False,0.0,0.014705882352941176,0.0
distAngsd,security,0.0,security_updates,,,0.0,0.0
distAngsd,security,0.0,secret_scanning,,,0.0,0.0
distAngsd,scientific_impact,0.054,fwci,,,0.0,0.0
distAngsd,scientific_impact,0.054,citation_count,,,0.0,0.0
distAngsd,scientific_impact,0.054,star_count,9,0.09,0.6,0.054
distAngsd,scientific_impact,0.054,fork_count,0,0.0,0.4,0.0
distAngsd,scientific_impact,0.054,altmetric_score,,,0.0,0.0
DNAModAnnot,compatibility,0.0,input_formats,,,0.0,0.0
DNAModAnnot,compatibility,0.0,output_formats,,,0.0,0.0
DNAModAnnot,compatibility,0.0,has_workflow_support,False,0.0,0.5,0.0
DNAModAnnot,compatibility,0.0,has_distribution_support,False,0.0,0.5,0.0
DNAModAnnot,fairness,0.5555555555555556,license,True,1.0,0.22222222222222224,0.22222222222222224
DNAModAnnot,fairness,0.5555555555555556,repository,True,1.0,0.3333333333333333,0.3333333333333333
DNAModAnnot,fairness,0.5555555555555556,registry,False,0.0,0.22222222222222224,0.0
DNAModAnnot,fairness,0.5555555555555556,citation,False,0.0,0.11111111111111112,0.0
DNAModAnnot,fairness,0.5555555555555556,checklist,False,0.0,0.11111111111111112,0.0
DNAModAnnot,fairness,0.5555555555555556,publication_open_access,,,0.0,0.0
DNAModAnnot,maintainability,0.7101999999999999,nloc_per_file,393.5,0.6065,0.3,0.18195
DNAModAnnot,maintainability,0.7101999999999999,avg_ccn,3.97,0.6699999999999999,0.4,0.26799999999999996
DNAModAnnot,maintainability,0.7101999999999999,duplicate_rate,13.25,0.8674999999999999,0.3,0.26025
DNAModAnnot,sustainability,0.42642857142857143,avg_issue_close_time_days,,,0.0,0.0
DNAModAnnot,sustainability,0.42642857142857143,num_open_issues,1,0.995,0.4285714285714286,0.42642857142857143
DNAModAnnot,sustainability,0.42642857142857143,days_since_last_commit,1311,0.0,0.28571428571428575,0.0
DNAModAnnot,sustainability,0.42642857142857143,inverse_simpson_index,1.0,0.0,0.14285714285714288,0.0
DNAModAnnot,sustainability,0.42642857142857143,has_releases,False,0.0,0.14285714285714288,0.0
DNAModAnnot,security,0.014705882352941176,default_branch_protected,False,0.0,0.5,0.0
DNAModAnnot,security,0.014705882352941176,has_security_policy,False,0.0,0.4852941176470588,0.0
DNAModAnnot,security,0.014705882352941176,gitignore_present,True,1.0,0.014705882352941176,0.014705882352941176
DNAModAnnot,security,0.014705882352941176,security_updates,,,0.0,0.0
DNAModAnnot,security,0.014705882352941176,secret_scanning,,,0.0,0.0
DNAModAnnot,scientific_impact,0.052000000000000005,fwci,,,0.0,0.0
DNAModAnnot,scientific_impact,0.052000000000000005,citation_count,,,0.0,0.0
DNAModAnnot,scientific_impact,0.052000000000000005,star_count,8,0.08,0.6,0.048
DNAModAnnot,scientific_impact,0.052000000000000005,fork_count,1,0.01,0.4,0.004
DNAModAnnot,scientific_impact,0.052000000000000005,altmetric_score,,,0.0,0.0
Varia,compatibility,0.0,input_formats,,,0.0,0.0
Varia,compatibility,0.0,output_formats,,,0.0,0.0
Varia,compatibility,0.0,has_workflow_support,False,0.0,0.5,0.0
Varia,compatibility,0.0,has_distribution_support,False,0.0,0.5,0.0
Varia,fairness,,license,,,0.0,0.0
Varia,fairness,,repository,,,0.0,0.0
Varia,fairness,,registry,,,0.0,0.0
Varia,fairness,,citation,,,0.0,0.0
Varia,fairness,,checklist,,,0.0,0.0
Varia,fairness,,publication_open_access,,,0.0,0.0
Varia,maintainability,0.8876544444444444,nloc_per_file,18.0,0.982,0.3,0.2946
Varia,maintainability,0.8876544444444444,avg_ccn,3.06,0.7711111111111111,0.4,0.30844444444444447
Varia,maintainability,0.8876544444444444,duplicate_rate,5.13,0.9487,0.3,0.28461
Varia,sustainability,0.46190476190476193,avg_issue_close_time_days,,,0.0,0.0
Varia,sustainability,0.46190476190476193,num_open_issues,0,1.0,0.4285714285714286,0.4285714285714286
Varia,sustainability,0.46190476190476193,days_since_last_commit,159,0.1166666666666667,0.28571428571428575,0.03333333333333335
Varia,sustainability,0.46190476190476193,inverse_simpson_index,1.0,0.0,0.14285714285714288,0.0
Varia,sustainability,0.46190476190476193,has_releases,False,0.0,0.14285714285714288,0.0
Varia,security,0.0,default_branch_protected,False,0.0,0.5,0.0
Varia,security,0.0,has_security_policy,False,0.0,0.4852941176470588,0.0
Varia,security,0.0,gitignore_present,False,0.0,0.014705882352941176,0.0
Varia,security,0.0,security_updates,,,0.0,0.0
Varia,security,0.0,secret_scanning,,,0.0,0.0
Varia,scientific_impact,0.05,fwci,,,0.0,0.0
Varia,scientific_impact,0.05,citation_count,,,0.0,0.0
Varia,scientific_impact,0.05,star_count,5,0.05,0.6,0.03
Varia,scientific_impact,0.05,fork_count,5,0.05,0.4,0.020000000000000004
Varia,scientific_impact,0.05,altmetric_score,,,0.0,0.0
EagleImp,compatibility,0.0,input_formats,,,0.0,0.0
EagleImp,compatibility,0.0,output_formats,,,0.0,0.0
EagleImp,compatibility,0.0,has_workflow_support,False,0.0,0.5,0.0
EagleImp,compatibility,0.0,has_distribution_support,False,0.0,0.5,0.0
EagleImp,fairness,,license,,,0.0,0.0
EagleImp,fairness,,repository,,,0.0,0.0
EagleImp,fairness,,registry,,,0.0,0.0
EagleImp,fairness,,citation,,,0.0,0.0
EagleImp,fairness,,checklist,,,0.0,0.0
EagleImp,fairness,,publication_open_access,,,0.0,0.0
EagleImp,maintainability,0.5864434444444444,nloc_per_file,153.27,0.84673,0.3,0.254019
EagleImp,maintainability,0.5864434444444444,avg_ccn,5.13,0.5411111111111111,0.4,0.21644444444444444
EagleImp,maintainability,0.5864434444444444,duplicate_rate,61.34,0.38659999999999994,0.3,0.11597999999999997
EagleImp,sustainability,0.45909936985596705,avg_issue_close_time_days,41.82018904320988,0.5353312328532236,0.3,0.16059936985596707
EagleImp,sustainability,0.45909936985596705,num_open_issues,1,0.995,0.3,0.2985
EagleImp,sustainability,0.45909936985596705,days_since_last_commit,195,0.0,0.2,0.0
EagleImp,sustainability,0.45909936985596705,inverse_simpson_index,1.0,0.0,0.1,0.0
EagleImp,sustainability,0.45909936985596705,has_releases,False,0.0,0.1,0.0
EagleImp,security,0.0,default_branch_protected,False,0.0,0.5,0.0
EagleImp,security,0.0,has_security_policy,False,0.0,0.4852941176470588,0.0
EagleImp,security,0.0,gitignore_present,False,0.0,0.014705882352941176,0.0
EagleImp,security,0.0,security_updates,,,0.0,0.0
EagleImp,security,0.0,secret_scanning,,,0.0,0.0
EagleImp,scientific_impact,0.184,fwci,,,0.0,0.0
EagleImp,scientific_impact,0.184,citation_count,,,0.0,0.0
EagleImp,scientific_impact,0.184,star_count,28,0.28,0.6,0.168
EagleImp,scientific_impact,0.184,fork_count,4,0.04,0.4,0.016
EagleImp,scientific_impact,0.184,altmetric_score,,,0.0,0.0
MultiStageSearch,compatibility,0.5,input_formats,,,0.0,0.0
MultiStageSearch,compatibility,0.5,output_formats,,,0.0,0.0
MultiStageSearch,compatibility,0.5,has_workflow_support,True,1.0,0.5,0.5
MultiStageSearch,compatibility,0.5,has_distribution_support,False,0.0,0.5,0.0
MultiStageSearch,fairness,,license,,,0.0,0.0
MultiStageSearch,fairness,,repository,,,0.0,0.0
MultiStageSearch,fairness,,registry,,,0.0,0.0
MultiStageSearch,fairness,,citation,,,0.0,0.0
MultiStageSearch,fairness,,checklist,,,0.0,0.0
MultiStageSearch,fairness,,publication_open_access,,,0.0,0.0
MultiStageSearch,maintainability,0.8931462222222222,nloc_per_file,69.52,0.93048,0.3,0.279144
MultiStageSearch,maintainability,0.8931462222222222,avg_ccn,2.75,0.8055555555555556,0.4,0.32222222222222224
MultiStageSearch,maintainability,0.8931462222222222,duplicate_rate,2.74,0.9726,0.3,0.29178
MultiStageSearch,sustainability,0.4285714285714286,avg_issue_close_time_days,,,0.0,0.0
MultiStageSearch,sustainability,0.4285714285714286,num_open_issues,0,1.0,0.4285714285714286,0.4285714285714286
MultiStageSearch,sustainability,0.4285714285714286,days_since_last_commit,480,0.0,0.28571428571428575,0.0
MultiStageSearch,sustainability,0.4285714285714286,inverse_simpson_index,1.0,0.0,0.14285714285714288,0.0
MultiStageSearch,sustainability,0.4285714285714286,has_releases,False,0.0,0.14285714285714288,0.0
MultiStageSearch,security,0.014705882352941176,default_branch_protected,False,0.0,0.5,0.0
MultiStageSearch,security,0.014705882352941176,has_security_policy,False,0.0,0.4852941176470588,0.0
MultiStageSearch,security,0.014705882352941176,gitignore_present,True,1.0,0.014705882352941176,0.014705882352941176
MultiStageSearch,security,0.014705882352941176,security_updates,,,0.0,0.0
MultiStageSearch,security,0.014705882352941176,secret_scanning,,,0.0,0.0
MultiStageSearch,scientific_impact,0.0,fwci,,,0.0,0.0
MultiStageSearch,scientific_impact,0.0,citation_count,,,0.0,0.0
MultiStageSearch,scientific_impact,0.0,star_count,0,0.0,0.6,0.0
MultiStageSearch,scientific_impact,0.0,fork_count,0,0.0,0.4,0.0
MultiStageSearch,scientific_impact,0.0,altmetric_score,,,0.0,0.0
DTU-DADS-Aqua,compatibility,0.0,input_formats,,,0.0,0.0
DTU-DADS-Aqua,compatibility,0.0,output_formats,,,0.0,0.0
DTU-DADS-Aqua,compatibility,0.0,has_workflow_support,False,0.0,0.5,0.0
DTU-DADS-Aqua,compatibility,0.0,has_distribution_support,False,0.0,0.5,0.0
DTU-DADS-Aqua,fairness,0.3333333333333333,license,False,0.0,0.22222222222222224,0.0
DTU-DADS-Aqua,fairness,0.3333333333333333,repository,True,1.0,0.3333333333333333,0.3333333333333333
DTU-DADS-Aqua,fairness,0.3333333333333333,registry,False,0.0,0.22222222222222224,0.0
DTU-DADS-Aqua,fairness,0.3333333333333333,citation,False,0.0,0.11111111111111112,0.0
DTU-DADS-Aqua,fairness,0.3333333333333333,checklist,False,0.0,0.11111111111111112,0.0
DTU-DADS-Aqua,fairness,0.3333333333333333,publication_open_access,,,0.0,0.0
DTU-DADS-Aqua,maintainability,0.7931027777777777,nloc_per_file,149.35,0.85065,0.3,0.255195
DTU-DADS-Aqua,maintainability,0.7931027777777777,avg_ccn,4.29,0.6344444444444444,0.4,0.25377777777777777
DTU-DADS-Aqua,maintainability,0.7931027777777777,duplicate_rate,5.29,0.9471,0.3,0.28413
DTU-DADS-Aqua,sustainability,0.30526315789473685,avg_issue_close_time_days,265.25388888888887,0.0,0.3,0.0
DTU-DADS-Aqua,sustainability,0.30526315789473685,num_open_issues,0,1.0,0.3,0.3
DTU-DADS-Aqua,sustainability,0.30526315789473685,days_since_last_commit,1032,0.0,0.2,0.0
DTU-DADS-Aqua,sustainability,0.30526315789473685,inverse_simpson_index,2.0,0.05263157894736842,0.1,0.005263157894736842
DTU-DADS-Aqua,sustainability,0.30526315789473685,has_releases,False,0.0,0.1,0.0
DTU-DADS-Aqua,security,0.5147058823529411,default_branch_protected,True,1.0,0.5,0.5
DTU-DADS-Aqua,security,0.5147058823529411,has_security_policy,False,0.0,0.4852941176470588,0.0
DTU-DADS-Aqua,security,0.5147058823529411,gitignore_present,True,1.0,0.014705882352941176,0.014705882352941176
DTU-DADS-Aqua,security,0.5147058823529411,security_updates,,,0.0,0.0
DTU-DADS-Aqua,security,0.5147058823529411,secret_scanning,,,0.0,0.0
DTU-DADS-Aqua,scientific_impact,0.04000000000000001,fwci,,,0.0,0.0
DTU-DADS-Aqua,scientific_impact,0.04000000000000001,citation_count,,,0.0,0.0
DTU-DADS-Aqua,scientific_impact,0.04000000000000001,star_count,2,0.02,0.6,0.012
DTU-DADS-Aqua,scientific_impact,0.04000000000000001,fork_count,7,0.07,0.4,0.028000000000000004
DTU-DADS-Aqua,scientific_impact,0.04000000000000001,altmetric_score,,,0.0,0.0
meRgeION,compatibility,0.5,input_formats,,,0.0,0.0
meRgeION,compatibility,0.5,output_formats,,,0.0,0.0
meRgeION,compatibility,0.5,has_workflow_support,False,0.0,0.5,0.0
meRgeION,compatibility,0.5,has_distribution_support,True,1.0,0.5,0.5
meRgeION,fairness,0.3333333333333333,license,False,0.0,0.22222222222222224,0.0
meRgeION,fairness,0.3333333333333333,repository,True,1.0,0.3333333333333333,0.3333333333333333
meRgeION,fairness,0.3333333333333333,registry,False,0.0,0.22222222222222224,0.0
meRgeION,fairness,0.3333333333333333,citation,False,0.0,0.11111111111111112,0.0
meRgeION,fairness,0.3333333333333333,checklist,False,0.0,0.11111111111111112,0.0
meRgeION,fairness,0.3333333333333333,publication_open_access,,,0.0,0.0
meRgeION,maintainability,0.526389,nloc_per_file,191.67,0.80833,0.3,0.242499
meRgeION,maintainability,0.526389,avg_ccn,10.81,0.0,0.4,0.0
meRgeION,maintainability,0.526389,duplicate_rate,5.37,0.9463,0.3,0.28389
meRgeION,sustainability,0.432878349720455,avg_issue_close_time_days,,,0.0,0.0
meRgeION,sustainability,0.432878349720455,num_open_issues,4,0.98,0.4285714285714286,0.42000000000000004
meRgeION,sustainability,0.432878349720455,days_since_last_commit,591,0.0,0.28571428571428575,0.0
meRgeION,sustainability,0.432878349720455,inverse_simpson_index,2.7128205128205125,0.09014844804318486,0.14285714285714288,0.012878349720454983
meRgeION,sustainability,0.432878349720455,has_releases,False,0.0,0.14285714285714288,0.0
meRgeION,security,0.014705882352941176,default_branch_protected,False,0.0,0.5,0.0
meRgeION,security,0.014705882352941176,has_security_policy,False,0.0,0.4852941176470588,0.0
meRgeION,security,0.014705882352941176,gitignore_present,True,1.0,0.014705882352941176,0.014705882352941176
meRgeION,security,0.014705882352941176,security_updates,,,0.0,0.0
meRgeION,security,0.014705882352941176,secret_scanning,,,0.0,0.0
meRgeION,scientific_impact,0.041999999999999996,fwci,,,0.0,0.0
meRgeION,scientific_impact,0.041999999999999996,citation_count,,,0.0,0.0
meRgeION,scientific_impact,0.041999999999999996,star_count,5,0.05,0.6,0.03
meRgeION,scientific_impact,0.041999999999999996,fork_count,3,0.03,0.4,0.012
meRgeION,scientific_impact,0.041999999999999996,altmetric_score,,,0.0,0.0
MkVsites,compatibility,0.0,input_formats,,,0.0,0.0
MkVsites,compatibility,0.0,output_formats,,,0.0,0.0
MkVsites,compatibility,0.0,has_workflow_support,False,0.0,0.5,0.0
MkVsites,compatibility,0.0,has_distribution_support,False,0.0,0.5,0.0
MkVsites,fairness,0.3333333333333333,license,False,0.0,0.22222222222222224,0.0
MkVsites,fairness,0.3333333333333333,repository,True,1.0,0.3333333333333333,0.3333333333333333
MkVsites,fairness,0.3333333333333333,registry,False,0.0,0.22222222222222224,0.0
MkVsites,fairness,0.3333333333333333,citation,False,0.0,0.11111111111111112,0.0
MkVsites,fairness,0.3333333333333333,checklist,False,0.0,0.11111111111111112,0.0
MkVsites,fairness,0.3333333333333333,publication_open_access,,,0.0,0.0
MkVsites,maintainability,0.8489436666666665,nloc_per_file,166.11,0.83389,0.3,0.250167
MkVsites,maintainability,0.8489436666666665,avg_ccn,2.83,0.7966666666666666,0.4,0.31866666666666665
MkVsites,maintainability,0.8489436666666665,duplicate_rate,6.63,0.9337,0.3,0.28010999999999997
MkVsites,sustainability,0.291,avg_issue_close_time_days,196.8844212962963,0.0,0.3,0.0
MkVsites,sustainability,0.291,num_open_issues,6,0.97,0.3,0.291
MkVsites,sustainability,0.291,days_since_last_commit,1901,0.0,0.2,0.0
MkVsites,sustainability,0.291,inverse_simpson_index,1.0,0.0,0.1,0.0
MkVsites,sustainability,0.291,has_releases,False,0.0,0.1,0.0
MkVsites,security,0.014705882352941176,default_branch_protected,False,0.0,0.5,0.0
MkVsites,security,0.014705882352941176,has_security_policy,False,0.0,0.4852941176470588,0.0
MkVsites,security,0.014705882352941176,gitignore_present,True,1.0,0.014705882352941176,0.014705882352941176
MkVsites,security,0.014705882352941176,security_updates,,,0.0,0.0
MkVsites,security,0.014705882352941176,secret_scanning,,,0.0,0.0
MkVsites,scientific_impact,0.06,fwci,,,0.0,0.0
MkVsites,scientific_impact,0.06,citation_count,,,0.0,0.0
MkVsites,scientific_impact,0.06,star_count,10,0.1,0.6,0.06
MkVsites,scientific_impact,0.06,fork_count,0,0.0,0.4,0.0
MkVsites,scientific_impact,0.06,altmetric_score,,,0.0,0.0
ParaRef,compatibility,0.0,input_formats,,,0.0,0.0
ParaRef,compatibility,0.0,output_formats,,,0.0,0.0
ParaRef,compatibility,0.0,has_workflow_support,False,0.0,0.5,0.0
ParaRef,compatibility,0.0,has_distribution_support,False,0.0,0.5,0.0
ParaRef,fairness,,license,,,0.0,0.0
ParaRef,fairness,,repository,,,0.0,0.0
ParaRef,fairness,,registry,,,0.0,0.0
ParaRef,fairness,,citation,,,0.0,0.0
ParaRef,fairness,,checklist,,,0.0,0.0
ParaRef,fairness,,publication_open_access,,,0.0,0.0
ParaRef,maintainability,1.0,nloc_per_file,0.0,1.0,0.3,0.3
ParaRef,maintainability,1.0,avg_ccn,0.0,1.0,0.4,0.4
ParaRef,maintainability,1.0,duplicate_rate,0.0,1.0,0.3,0.3
ParaRef,sustainability,0.47742461419753085,avg_issue_close_time_days,73.77261574074075,0.18030426954732504,0.3,0.05409128086419751
ParaRef,sustainability,0.47742461419753085,num_open_issues,0,1.0,0.3,0.3
ParaRef,sustainability,0.47742461419753085,days_since_last_commit,69,0.6166666666666667,0.2,0.12333333333333335
ParaRef,sustainability,0.47742461419753085,inverse_simpson_index,1.0,0.0,0.1,0.0
ParaRef,sustainability,0.47742461419753085,has_releases,False,0.0,0.1,0.0
ParaRef,security,0.0,default_branch_protected,False,0.0,0.5,0.0
ParaRef,security,0.0,has_security_policy,False,0.0,0.4852941176470588,0.0
ParaRef,security,0.0,gitignore_present,False,0.0,0.014705882352941176,0.0
ParaRef,security,0.0,security_updates,,,0.0,0.0
ParaRef,security,0.0,secret_scanning,,,0.0,0.0
ParaRef,scientific_impact,0.028,fwci,,,0.0,0.0
ParaRef,scientific_impact,0.028,citation_count,,,0.0,0.0
ParaRef,scientific_impact,0.028,star_count,4,0.04,0.6,0.024
ParaRef,scientific_impact,0.028,fork_count,1,0.01,0.4,0.004
ParaRef,scientific_impact,0.028,altmetric_score,,,0.0,0.0
REINVENT 4,compatibility,0.5,input_formats,,,0.0,0.0
REINVENT 4,compatibility,0.5,output_formats,,,0.0,0.0
REINVENT 4,compatibility,0.5,has_workflow_support,False,0.0,0.5,0.0
REINVENT 4,compatibility,0.5,has_distribution_support,True,1.0,0.5,0.5
REINVENT 4,fairness,0.5555555555555556,license,True,1.0,0.22222222222222224,0.22222222222222224
REINVENT 4,fairness,0.5555555555555556,repository,True,1.0,0.3333333333333333,0.3333333333333333
REINVENT 4,fairness,0.5555555555555556,registry,False,0.0,0.22222222222222224,0.0
REINVENT 4,fairness,0.5555555555555556,citation,False,0.0,0.11111111111111112,0.0
REINVENT 4,fairness,0.5555555555555556,checklist,False,0.0,0.11111111111111112,0.0
REINVENT 4,fairness,0.5555555555555556,publication_open_access,,,0.0,0.0
REINVENT 4,maintainability,0.891392,nloc_per_file,37.16,0.96284,0.3,0.288852
REINVENT 4,maintainability,0.891392,avg_ccn,2.26,0.86,0.4,0.34400000000000003
REINVENT 4,maintainability,0.891392,duplicate_rate,13.82,0.8618,0.3,0.25854
REINVENT 4,sustainability,0.7127260509040719,avg_issue_close_time_days,8.838577750544662,0.9017935805495038,0.3,0.2705380741648511
REINVENT 4,sustainability,0.7127260509040719,num_open_issues,10,0.95,0.3,0.285
REINVENT 4,sustainability,0.7127260509040719,days_since_last_commit,46,0.7444444444444445,0.2,0.1488888888888889
REINVENT 4,sustainability,0.7127260509040719,inverse_simpson_index,2.576826691563068,0.08299087850331938,0.1,0.008299087850331939
REINVENT 4,sustainability,0.7127260509040719,has_releases,False,0.0,0.1,0.0
REINVENT 4,security,0.014705882352941176,default_branch_protected,False,0.0,0.5,0.0
REINVENT 4,security,0.014705882352941176,has_security_policy,False,0.0,0.4852941176470588,0.0
REINVENT 4,security,0.014705882352941176,gitignore_present,True,1.0,0.014705882352941176,0.014705882352941176
REINVENT 4,security,0.014705882352941176,security_updates,,,0.0,0.0
REINVENT 4,security,0.014705882352941176,secret_scanning,,,0.0,0.0
REINVENT 4,scientific_impact,1.0,fwci,,,0.0,0.0
REINVENT 4,scientific_impact,1.0,citation_count,,,0.0,0.0
REINVENT 4,scientific_impact,1.0,star_count,852,1.0,0.6,0.6
REINVENT 4,scientific_impact,1.0,fork_count,229,1.0,0.4,0.4
REINVENT 4,scientific_impact,1.0,altmetric_score,,,0.0,0.0
maelstRom,compatibility,0.0,input_formats,,,0.0,0.0
maelstRom,compatibility,0.0,output_formats,,,0.0,0.0
maelstRom,compatibility,0.0,has_workflow_support,False,0.0,0.5,0.0
maelstRom,compatibility,0.0,has_distribution_support,False,0.0,0.5,0.0
maelstRom,fairness,0.5555555555555556,license,True,1.0,0.22222222222222224,0.22222222222222224
maelstRom,fairness,0.5555555555555556,repository,True,1.0,0.3333333333333333,0.3333333333333333
maelstRom,fairness,0.5555555555555556,registry,False,0.0,0.22222222222222224,0.0
maelstRom,fairness,0.5555555555555556,citation,False,0.0,0.11111111111111112,0.0
maelstRom,fairness,0.5555555555555556,checklist,False,0.0,0.11111111111111112,0.0
maelstRom,fairness,0.5555555555555556,publication_open_access,,,0.0,0.0
maelstRom,maintainability,0.7590112222222222,nloc_per_file,197.37,0.80263,0.3,0.24078899999999998
maelstRom,maintainability,0.7590112222222222,avg_ccn,3.2,0.7555555555555555,0.4,0.3022222222222222
maelstRom,maintainability,0.7590112222222222,duplicate_rate,28.0,0.72,0.3,0.216
maelstRom,sustainability,0.4294529427015816,avg_issue_close_time_days,,,0.0,0.0
maelstRom,sustainability,0.4294529427015816,num_open_issues,0,1.0,0.4285714285714286,0.4285714285714286
maelstRom,sustainability,0.4294529427015816,days_since_last_commit,346,0.0,0.28571428571428575,0.0
maelstRom,sustainability,0.4294529427015816,inverse_simpson_index,1.1172413793103448,0.006170598911070781,0.14285714285714288,0.0008815141301529688
maelstRom,sustainability,0.4294529427015816,has_releases,False,0.0,0.14285714285714288,0.0
maelstRom,security,0.014705882352941176,default_branch_protected,False,0.0,0.5,0.0
maelstRom,security,0.014705882352941176,has_security_policy,False,0.0,0.4852941176470588,0.0
maelstRom,security,0.014705882352941176,gitignore_present,True,1.0,0.014705882352941176,0.014705882352941176
maelstRom,security,0.014705882352941176,security_updates,,,0.0,0.0
maelstRom,security,0.014705882352941176,secret_scanning,,,0.0,0.0
maelstRom,scientific_impact,0.004,fwci,,,0.0,0.0
maelstRom,scientific_impact,0.004,citation_count,,,0.0,0.0
maelstRom,scientific_impact,0.004,star_count,0,0.0,0.6,0.0
maelstRom,scientific_impact,0.004,fork_count,1,0.01,0.4,0.004
maelstRom,scientific_impact,0.004,altmetric_score,,,0.0,0.0
RGCode,compatibility,0.5,input_formats,,,0.0,0.0
RGCode,compatibility,0.5,output_formats,,,0.0,0.0
RGCode,compatibility,0.5,has_workflow_support,False,0.0,0.5,0.0
RGCode,compatibility,0.5,has_distribution_support,True,1.0,0.5,0.5
RGCode,fairness,0.3333333333333333,license,False,0.0,0.22222222222222224,0.0
RGCode,fairness,0.3333333333333333,repository,True,1.0,0.3333333333333333,0.3333333333333333
RGCode,fairness,0.3333333333333333,registry,False,0.0,0.22222222222222224,0.0
RGCode,fairness,0.3333333333333333,citation,False,0.0,0.11111111111111112,0.0
RGCode,fairness,0.3333333333333333,checklist,False,0.0,0.11111111111111112,0.0
RGCode,fairness,0.3333333333333333,publication_open_access,,,0.0,0.0
RGCode,maintainability,0.9166935555555555,nloc_per_file,49.54,0.95046,0.3,0.285138
RGCode,maintainability,0.9166935555555555,avg_ccn,2.54,0.8288888888888889,0.4,0.3315555555555556
RGCode,maintainability,0.9166935555555555,duplicate_rate,0.0,1.0,0.3,0.3
RGCode,sustainability,0.4281578947368421,avg_issue_close_time_days,,,0.0,0.0
RGCode,sustainability,0.4281578947368421,num_open_issues,3,0.985,0.4285714285714286,0.42214285714285715
RGCode,sustainability,0.4281578947368421,days_since_last_commit,800,0.0,0.28571428571428575,0.0
RGCode,sustainability,0.4281578947368421,inverse_simpson_index,1.7999999999999998,0.04210526315789473,0.14285714285714288,0.006015037593984962
RGCode,sustainability,0.4281578947368421,has_releases,False,0.0,0.14285714285714288,0.0
RGCode,security,0.5147058823529411,default_branch_protected,True,1.0,0.5,0.5
RGCode,security,0.5147058823529411,has_security_policy,False,0.0,0.4852941176470588,0.0
RGCode,security,0.5147058823529411,gitignore_present,True,1.0,0.014705882352941176,0.014705882352941176
RGCode,security,0.5147058823529411,security_updates,,,0.0,0.0
RGCode,security,0.5147058823529411,secret_scanning,,,0.0,0.0
RGCode,scientific_impact,0.024,fwci,,,0.0,0.0
RGCode,scientific_impact,0.024,citation_count,,,0.0,0.0
RGCode,scientific_impact,0.024,star_count,0,0.0,0.6,0.0
RGCode,scientific_impact,0.024,fork_count,6,0.06,0.4,0.024
RGCode,scientific_impact,0.024,altmetric_score,,,0.0,0.0
voomCLR,compatibility,0.0,input_formats,,,0.0,0.0
voomCLR,compatibility,0.0,output_formats,,,0.0,0.0
voomCLR,compatibility,0.0,has_workflow_support,False,0.0,0.5,0.0
voomCLR,compatibility,0.0,has_distribution_support,False,0.0,0.5,0.0
voomCLR,fairness,0.5555555555555556,license,True,1.0,0.22222222222222224,0.22222222222222224
voomCLR,fairness,0.5555555555555556,repository,True,1.0,0.3333333333333333,0.3333333333333333
voomCLR,fairness,0.5555555555555556,registry,False,0.0,0.22222222222222224,0.0
voomCLR,fairness,0.5555555555555556,citation,False,0.0,0.11111111111111112,0.0
voomCLR,fairness,0.5555555555555556,checklist,False,0.0,0.11111111111111112,0.0
voomCLR,fairness,0.5555555555555556,publication_open_access,,,0.0,0.0
voomCLR,maintainability,0.564024,nloc_per_file,98.12,0.90188,0.3,0.27056399999999997
voomCLR,maintainability,0.564024,avg_ccn,12.55,0.0,0.4,0.0
voomCLR,maintainability,0.564024,duplicate_rate,2.18,0.9782,0.3,0.29346
voomCLR,sustainability,0.428872060198477,avg_issue_close_time_days,,,0.0,0.0
voomCLR,sustainability,0.428872060198477,num_open_issues,0,1.0,0.4285714285714286,0.4285714285714286
voomCLR,sustainability,0.428872060198477,days_since_last_commit,294,0.0,0.28571428571428575,0.0
voomCLR,sustainability,0.428872060198477,inverse_simpson_index,1.039984006397441,0.002104421389339002,0.14285714285714288,0.0003006316270484289
voomCLR,sustainability,0.428872060198477,has_releases,False,0.0,0.14285714285714288,0.0
voomCLR,security,0.014705882352941176,default_branch_protected,False,0.0,0.5,0.0
voomCLR,security,0.014705882352941176,has_security_policy,False,0.0,0.4852941176470588,0.0
voomCLR,security,0.014705882352941176,gitignore_present,True,1.0,0.014705882352941176,0.014705882352941176
voomCLR,security,0.014705882352941176,security_updates,,,0.0,0.0
voomCLR,security,0.014705882352941176,secret_scanning,,,0.0,0.0
voomCLR,scientific_impact,0.018,fwci,,,0.0,0.0
voomCLR,scientific_impact,0.018,citation_count,,,0.0,0.0
voomCLR,scientific_impact,0.018,star_count,3,0.03,0.6,0.018
voomCLR,scientific_impact,0.018,fork_count,0,0.0,0.4,0.0
voomCLR,scientific_impact,0.018,altmetric_score,,,0.0,0.0
EDIR,compatibility,0.0,input_formats,,,0.0,0.0
EDIR,compatibility,0.0,output_formats,,,0.0,0.0
EDIR,compatibility,0.0,has_workflow_support,False,0.0,0.5,0.0
EDIR,compatibility,0.0,has_distribution_support,False,0.0,0.5,0.0
EDIR,fairness,,license,,,0.0,0.0
EDIR,fairness,,repository,,,0.0,0.0
EDIR,fairness,,registry,,,0.0,0.0
EDIR,fairness,,citation,,,0.0,0.0
EDIR,fairness,,checklist,,,0.0,0.0
EDIR,fairness,,publication_open_access,,,0.0,0.0
EDIR,maintainability,0.8058599999999999,nloc_per_file,52.7,0.9473,0.3,0.28419
EDIR,maintainability,0.8058599999999999,avg_ccn,3.79,0.69,0.4,0.27599999999999997
EDIR,maintainability,0.8058599999999999,duplicate_rate,18.11,0.8189,0.3,0.24566999999999997
EDIR,sustainability,0.4285714285714286,avg_issue_close_time_days,,,0.0,0.0
EDIR,sustainability,0.4285714285714286,num_open_issues,0,1.0,0.4285714285714286,0.4285714285714286
EDIR,sustainability,0.4285714285714286,days_since_last_commit,1485,0.0,0.28571428571428575,0.0
EDIR,sustainability,0.4285714285714286,inverse_simpson_index,1.0,0.0,0.14285714285714288,0.0
EDIR,sustainability,0.4285714285714286,has_releases,False,0.0,0.14285714285714288,0.0
EDIR,security,0.0,default_branch_protected,False,0.0,0.5,0.0
EDIR,security,0.0,has_security_policy,False,0.0,0.4852941176470588,0.0
EDIR,security,0.0,gitignore_present,False,0.0,0.014705882352941176,0.0
EDIR,security,0.0,security_updates,,,0.0,0.0
EDIR,security,0.0,secret_scanning,,,0.0,0.0
EDIR,scientific_impact,0.006,fwci,,,0.0,0.0
EDIR,scientific_impact,0.006,citation_count,,,0.0,0.0
EDIR,scientific_impact,0.006,star_count,1,0.01,0.6,0.006
EDIR,scientific_impact,0.006,fork_count,0,0.0,0.4,0.0
EDIR,scientific_impact,0.006,altmetric_score,,,0.0,0.0
PDBminer,compatibility,0.5,input_formats,,,0.0,0.0
PDBminer,compatibility,0.5,output_formats,,,0.0,0.0
PDBminer,compatibility,0.5,has_workflow_support,False,0.0,0.5,0.0
PDBminer,compatibility,0.5,has_distribution_support,True,1.0,0.5,0.5
PDBminer,fairness,0.5555555555555556,license,True,1.0,0.22222222222222224,0.22222222222222224
PDBminer,fairness,0.5555555555555556,repository,True,1.0,0.3333333333333333,0.3333333333333333
PDBminer,fairness,0.5555555555555556,registry,False,0.0,0.22222222222222224,0.0
PDBminer,fairness,0.5555555555555556,citation,False,0.0,0.11111111111111112,0.0
PDBminer,fairness,0.5555555555555556,checklist,False,0.0,0.11111111111111112,0.0
PDBminer,fairness,0.5555555555555556,publication_open_access,,,0.0,0.0
PDBminer,maintainability,0.596343,nloc_per_file,209.29,0.79071,0.3,0.237213
PDBminer,maintainability,0.596343,avg_ccn,7.57,0.27,0.4,0.10800000000000001
PDBminer,maintainability,0.596343,duplicate_rate,16.29,0.8371,0.3,0.25112999999999996
PDBminer,sustainability,0.4648918589006972,avg_issue_close_time_days,45.16614474143955,0.4981539473173383,0.3,0.14944618419520148
PDBminer,sustainability,0.4648918589006972,num_open_issues,0,1.0,0.3,0.3
PDBminer,sustainability,0.4648918589006972,days_since_last_commit,209,0.0,0.2,0.0
PDBminer,sustainability,0.4648918589006972,inverse_simpson_index,3.934678194044188,0.15445674705495727,0.1,0.015445674705495727
PDBminer,sustainability,0.4648918589006972,has_releases,False,0.0,0.1,0.0
PDBminer,security,0.0,default_branch_protected,False,0.0,0.5,0.0
PDBminer,security,0.0,has_security_policy,False,0.0,0.4852941176470588,0.0
PDBminer,security,0.0,gitignore_present,False,0.0,0.014705882352941176,0.0
PDBminer,security,0.0,security_updates,,,0.0,0.0
PDBminer,security,0.0,secret_scanning,,,0.0,0.0
PDBminer,scientific_impact,0.20600000000000002,fwci,,,0.0,0.0
PDBminer,scientific_impact,0.20600000000000002,citation_count,,,0.0,0.0
PDBminer,scientific_impact,0.20600000000000002,star_count,31,0.31,0.6,0.186
PDBminer,scientific_impact,0.20600000000000002,fork_count,5,0.05,0.4,0.020000000000000004
PDBminer,scientific_impact,0.20600000000000002,altmetric_score,,,0.0,0.0
HOMS-TC,compatibility,0.5,input_formats,,,0.0,0.0
HOMS-TC,compatibility,0.5,output_formats,,,0.0,0.0
HOMS-TC,compatibility,0.5,has_workflow_support,False,0.0,0.5,0.0
HOMS-TC,compatibility,0.5,has_distribution_support,True,1.0,0.5,0.5
HOMS-TC,fairness,0.5555555555555556,license,True,1.0,0.22222222222222224,0.22222222222222224
HOMS-TC,fairness,0.5555555555555556,repository,True,1.0,0.3333333333333333,0.3333333333333333
HOMS-TC,fairness,0.5555555555555556,registry,False,0.0,0.22222222222222224,0.0
HOMS-TC,fairness,0.5555555555555556,citation,False,0.0,0.11111111111111112,0.0
HOMS-TC,fairness,0.5555555555555556,checklist,False,0.0,0.11111111111111112,0.0
HOMS-TC,fairness,0.5555555555555556,publication_open_access,,,0.0,0.0
HOMS-TC,maintainability,0.868591,nloc_per_file,51.33,0.94867,0.3,0.284601
HOMS-TC,maintainability,0.868591,avg_ccn,3.43,0.73,0.4,0.292
HOMS-TC,maintainability,0.868591,duplicate_rate,2.67,0.9733,0.3,0.29199
HOMS-TC,sustainability,0.45342189136375793,avg_issue_close_time_days,44.95377314814815,0.5005136316872427,0.3,0.15015408950617282
HOMS-TC,sustainability,0.45342189136375793,num_open_issues,1,0.995,0.3,0.2985
HOMS-TC,sustainability,0.45342189136375793,days_since_last_commit,1114,0.0,0.2,0.0
HOMS-TC,sustainability,0.45342189136375793,inverse_simpson_index,1.9058823529411761,0.047678018575851376,0.1,0.004767801857585138
HOMS-TC,sustainability,0.45342189136375793,has_releases,False,0.0,0.1,0.0
HOMS-TC,security,0.014705882352941176,default_branch_protected,False,0.0,0.5,0.0
HOMS-TC,security,0.014705882352941176,has_security_policy,False,0.0,0.4852941176470588,0.0
HOMS-TC,security,0.014705882352941176,gitignore_present,True,1.0,0.014705882352941176,0.014705882352941176
HOMS-TC,security,0.014705882352941176,security_updates,,,0.0,0.0
HOMS-TC,security,0.014705882352941176,secret_scanning,,,0.0,0.0
HOMS-TC,scientific_impact,0.038,fwci,,,0.0,0.0
HOMS-TC,scientific_impact,0.038,citation_count,,,0.0,0.0
HOMS-TC,scientific_impact,0.038,star_count,5,0.05,0.6,0.03
HOMS-TC,scientific_impact,0.038,fork_count,2,0.02,0.4,0.008
HOMS-TC,scientific_impact,0.038,altmetric_score,,,0.0,0.0
STmut,compatibility,0.0,input_formats,,,0.0,0.0
STmut,compatibility,0.0,output_formats,,,0.0,0.0
STmut,compatibility,0.0,has_workflow_support,False,0.0,0.5,0.0
STmut,compatibility,0.0,has_distribution_support,False,0.0,0.5,0.0
STmut,fairness,,license,,,0.0,0.0
STmut,fairness,,repository,,,0.0,0.0
STmut,fairness,,registry,,,0.0,0.0
STmut,fairness,,citation,,,0.0,0.0
STmut,fairness,,checklist,,,0.0,0.0
STmut,fairness,,publication_open_access,,,0.0,0.0
STmut,maintainability,0.6853388888888889,nloc_per_file,192.2,0.8078000000000001,0.3,0.24234
STmut,maintainability,0.6853388888888889,avg_ccn,5.93,0.4522222222222223,0.4,0.18088888888888893
STmut,maintainability,0.6853388888888889,duplicate_rate,12.63,0.8737,0.3,0.26211
STmut,sustainability,0.5644248842592592,avg_issue_close_time_days,8.422534722222222,0.9064162808641976,0.3,0.27192488425925926
STmut,sustainability,0.5644248842592592,num_open_issues,5,0.975,0.3,0.2925
STmut,sustainability,0.5644248842592592,days_since_last_commit,686,0.0,0.2,0.0
STmut,sustainability,0.5644248842592592,inverse_simpson_index,1.0,0.0,0.1,0.0
STmut,sustainability,0.5644248842592592,has_releases,False,0.0,0.1,0.0
STmut,security,0.014705882352941176,default_branch_protected,False,0.0,0.5,0.0
STmut,security,0.014705882352941176,has_security_policy,False,0.0,0.4852941176470588,0.0
STmut,security,0.014705882352941176,gitignore_present,True,1.0,0.014705882352941176,0.014705882352941176
STmut,security,0.014705882352941176,security_updates,,,0.0,0.0
STmut,security,0.014705882352941176,secret_scanning,,,0.0,0.0
STmut,scientific_impact,0.102,fwci,,,0.0,0.0
STmut,scientific_impact,0.102,citation_count,,,0.0,0.0
STmut,scientific_impact,0.102,star_count,15,0.15,0.6,0.09
STmut,scientific_impact,0.102,fork_count,3,0.03,0.4,0.012
STmut,scientific_impact,0.102,altmetric_score,,,0.0,0.0
EARS,compatibility,0.0,input_formats,,,0.0,0.0
EARS,compatibility,0.0,output_formats,,,0.0,0.0
EARS,compatibility,0.0,has_workflow_support,False,0.0,0.5,0.0
EARS,compatibility,0.0,has_distribution_support,False,0.0,0.5,0.0
EARS,fairness,0.6666666666666666,license,True,1.0,0.22222222222222224,0.22222222222222224
EARS,fairness,0.6666666666666666,repository,True,1.0,0.3333333333333333,0.3333333333333333
EARS,fairness,0.6666666666666666,registry,False,0.0,0.22222222222222224,0.0
EARS,fairness,0.6666666666666666,citation,True,1.0,0.11111111111111112,0.11111111111111112
EARS,fairness,0.6666666666666666,checklist,False,0.0,0.11111111111111112,0.0
EARS,fairness,0.6666666666666666,publication_open_access,,,0.0,0.0
EARS,maintainability,0.8766833333333334,nloc_per_file,15.5,0.9845,0.3,0.29535
EARS,maintainability,0.8766833333333334,avg_ccn,3.67,0.7033333333333334,0.4,0.2813333333333334
EARS,maintainability,0.8766833333333334,duplicate_rate,0.0,1.0,0.3,0.3
EARS,sustainability,0.4285714285714286,avg_issue_close_time_days,,,0.0,0.0
EARS,sustainability,0.4285714285714286,num_open_issues,0,1.0,0.4285714285714286,0.4285714285714286
EARS,sustainability,0.4285714285714286,days_since_last_commit,332,0.0,0.28571428571428575,0.0
EARS,sustainability,0.4285714285714286,inverse_simpson_index,1.0,0.0,0.14285714285714288,0.0
EARS,sustainability,0.4285714285714286,has_releases,False,0.0,0.14285714285714288,0.0
EARS,security,0.014705882352941176,default_branch_protected,False,0.0,0.5,0.0
EARS,security,0.014705882352941176,has_security_policy,False,0.0,0.4852941176470588,0.0
EARS,security,0.014705882352941176,gitignore_present,True,1.0,0.014705882352941176,0.014705882352941176
EARS,security,0.014705882352941176,security_updates,,,0.0,0.0
EARS,security,0.014705882352941176,secret_scanning,,,0.0,0.0
EARS,scientific_impact,0.0,fwci,,,0.0,0.0
EARS,scientific_impact,0.0,citation_count,,,0.0,0.0
EARS,scientific_impact,0.0,star_count,0,0.0,0.6,0.0
EARS,scientific_impact,0.0,fork_count,0,0.0,0.4,0.0
EARS,scientific_impact,0.0,altmetric_score,,,0.0,0.0
RBDtector,compatibility,0.5,input_formats,,,0.0,0.0
RBDtector,compatibility,0.5,output_formats,,,0.0,0.0
RBDtector,compatibility,0.5,has_workflow_support,False,0.0,0.5,0.0
RBDtector,compatibility,0.5,has_distribution_support,True,1.0,0.5,0.5
RBDtector,fairness,0.5555555555555556,license,True,1.0,0.22222222222222224,0.22222222222222224
RBDtector,fairness,0.5555555555555556,repository,True,1.0,0.3333333333333333,0.3333333333333333
RBDtector,fairness,0.5555555555555556,registry,False,0.0,0.22222222222222224,0.0
RBDtector,fairness,0.5555555555555556,citation,False,0.0,0.11111111111111112,0.0
RBDtector,fairness,0.5555555555555556,checklist,False,0.0,0.11111111111111112,0.0
RBDtector,fairness,0.5555555555555556,publication_open_access,,,0.0,0.0
RBDtector,maintainability,0.8585852222222221,nloc_per_file,91.19,0.90881,0.3,0.27264299999999997
RBDtector,maintainability,0.8585852222222221,avg_ccn,3.11,0.7655555555555555,0.4,0.30622222222222223
RBDtector,maintainability,0.8585852222222221,duplicate_rate,6.76,0.9324,0.3,0.27971999999999997
RBDtector,sustainability,0.4242857142857143,avg_issue_close_time_days,,,0.0,0.0
RBDtector,sustainability,0.4242857142857143,num_open_issues,2,0.99,0.4285714285714286,0.4242857142857143
RBDtector,sustainability,0.4242857142857143,days_since_last_commit,1579,0.0,0.28571428571428575,0.0
RBDtector,sustainability,0.4242857142857143,inverse_simpson_index,1.0,0.0,0.14285714285714288,0.0
RBDtector,sustainability,0.4242857142857143,has_releases,False,0.0,0.14285714285714288,0.0
RBDtector,security,0.014705882352941176,default_branch_protected,False,0.0,0.5,0.0
RBDtector,security,0.014705882352941176,has_security_policy,False,0.0,0.4852941176470588,0.0
RBDtector,security,0.014705882352941176,gitignore_present,True,1.0,0.014705882352941176,0.014705882352941176
RBDtector,security,0.014705882352941176,security_updates,,,0.0,0.0
RBDtector,security,0.014705882352941176,secret_scanning,,,0.0,0.0
RBDtector,scientific_impact,0.041999999999999996,fwci,,,0.0,0.0
RBDtector,scientific_impact,0.041999999999999996,citation_count,,,0.0,0.0
RBDtector,scientific_impact,0.041999999999999996,star_count,5,0.05,0.6,0.03
RBDtector,scientific_impact,0.041999999999999996,fork_count,3,0.03,0.4,0.012
RBDtector,scientific_impact,0.041999999999999996,altmetric_score,,,0.0,0.0
Genesis-DB,compatibility,0.5,input_formats,,,0.0,0.0
Genesis-DB,compatibility,0.5,output_formats,,,0.0,0.0
Genesis-DB,compatibility,0.5,has_workflow_support,False,0.0,0.5,0.0
Genesis-DB,compatibility,0.5,has_distribution_support,True,1.0,0.5,0.5
Genesis-DB,fairness,0.3333333333333333,license,False,0.0,0.22222222222222224,0.0
Genesis-DB,fairness,0.3333333333333333,repository,True,1.0,0.3333333333333333,0.3333333333333333
Genesis-DB,fairness,0.3333333333333333,registry,False,0.0,0.22222222222222224,0.0
Genesis-DB,fairness,0.3333333333333333,citation,False,0.0,0.11111111111111112,0.0
Genesis-DB,fairness,0.3333333333333333,checklist,False,0.0,0.11111111111111112,0.0
Genesis-DB,fairness,0.3333333333333333,publication_open_access,,,0.0,0.0
Genesis-DB,maintainability,1.0,nloc_per_file,0.0,1.0,0.3,0.3
Genesis-DB,maintainability,1.0,avg_ccn,0.0,1.0,0.4,0.4
Genesis-DB,maintainability,1.0,duplicate_rate,0.0,1.0,0.3,0.3
Genesis-DB,sustainability,0.43525788641345065,avg_issue_close_time_days,,,0.0,0.0
Genesis-DB,sustainability,0.43525788641345065,num_open_issues,0,1.0,0.4285714285714286,0.4285714285714286
Genesis-DB,sustainability,0.43525788641345065,days_since_last_commit,374,0.0,0.28571428571428575,0.0
Genesis-DB,sustainability,0.43525788641345065,inverse_simpson_index,1.8892988929889298,0.046805204894154205,0.14285714285714288,0.00668645784202203
Genesis-DB,sustainability,0.43525788641345065,has_releases,False,0.0,0.14285714285714288,0.0
Genesis-DB,security,0.014705882352941176,default_branch_protected,False,0.0,0.5,0.0
Genesis-DB,security,0.014705882352941176,has_security_policy,False,0.0,0.4852941176470588,0.0
Genesis-DB,security,0.014705882352941176,gitignore_present,True,1.0,0.014705882352941176,0.014705882352941176
Genesis-DB,security,0.014705882352941176,security_updates,,,0.0,0.0
Genesis-DB,security,0.014705882352941176,secret_scanning,,,0.0,0.0
Genesis-DB,scientific_impact,0.012,fwci,,,0.0,0.0
Genesis-DB,scientific_impact,0.012,citation_count,,,0.0,0.0
Genesis-DB,scientific_impact,0.012,star_count,2,0.02,0.6,0.012
Genesis-DB,scientific_impact,0.012,fork_count,0,0.0,0.4,0.0
Genesis-DB,scientific_impact,0.012,altmetric_score,,,0.0,0.0
Tquery,compatibility,0.0,input_formats,,,0.0,0.0
Tquery,compatibility,0.0,output_formats,,,0.0,0.0
Tquery,compatibility,0.0,has_workflow_support,False,0.0,0.5,0.0
Tquery,compatibility,0.0,has_distribution_support,False,0.0,0.5,0.0
Tquery,fairness,,license,,,0.0,0.0
Tquery,fairness,,repository,,,0.0,0.0
Tquery,fairness,,registry,,,0.0,0.0
Tquery,fairness,,citation,,,0.0,0.0
Tquery,fairness,,checklist,,,0.0,0.0
Tquery,fairness,,publication_open_access,,,0.0,0.0
Tquery,maintainability,0.9117342222222222,nloc_per_file,29.16,0.97084,0.3,0.291252
Tquery,maintainability,0.9117342222222222,avg_ccn,1.94,0.8955555555555555,0.4,0.3582222222222222
Tquery,maintainability,0.9117342222222222,duplicate_rate,12.58,0.8742,0.3,0.26226
Tquery,sustainability,0.4318071175322217,avg_issue_close_time_days,,,0.0,0.0
Tquery,sustainability,0.4318071175322217,num_open_issues,0,1.0,0.4285714285714286,0.4285714285714286
Tquery,sustainability,0.4318071175322217,days_since_last_commit,1016,0.0,0.28571428571428575,0.0
Tquery,sustainability,0.4318071175322217,inverse_simpson_index,1.4303466317854807,0.022649822725551615,0.14285714285714288,0.0032356889607930883
Tquery,sustainability,0.4318071175322217,has_releases,False,0.0,0.14285714285714288,0.0
Tquery,security,0.014705882352941176,default_branch_protected,False,0.0,0.5,0.0
Tquery,security,0.014705882352941176,has_security_policy,False,0.0,0.4852941176470588,0.0
Tquery,security,0.014705882352941176,gitignore_present,True,1.0,0.014705882352941176,0.014705882352941176
Tquery,security,0.014705882352941176,security_updates,,,0.0,0.0
Tquery,security,0.014705882352941176,secret_scanning,,,0.0,0.0
Tquery,scientific_impact,0.022,fwci,,,0.0,0.0
Tquery,scientific_impact,0.022,citation_count,,,0.0,0.0
Tquery,scientific_impact,0.022,star_count,3,0.03,0.6,0.018
Tquery,scientific_impact,0.022,fork_count,1,0.01,0.4,0.004
Tquery,scientific_impact,0.022,altmetric_score,,,0.0,0.0
TransExION,compatibility,0.0,input_formats,,,0.0,0.0
TransExION,compatibility,0.0,output_formats,,,0.0,0.0
TransExION,compatibility,0.0,has_workflow_support,False,0.0,0.5,0.0
TransExION,compatibility,0.0,has_distribution_support,False,0.0,0.5,0.0
TransExION,fairness,0.3333333333333333,license,False,0.0,0.22222222222222224,0.0
TransExION,fairness,0.3333333333333333,repository,True,1.0,0.3333333333333333,0.3333333333333333
TransExION,fairness,0.3333333333333333,registry,False,0.0,0.22222222222222224,0.0
TransExION,fairness,0.3333333333333333,citation,False,0.0,0.11111111111111112,0.0
TransExION,fairness,0.3333333333333333,checklist,False,0.0,0.11111111111111112,0.0
TransExION,fairness,0.3333333333333333,publication_open_access,,,0.0,0.0
TransExION,maintainability,0.9190272222222222,nloc_per_file,64.35,0.93565,0.3,0.280695
TransExION,maintainability,0.9190272222222222,avg_ccn,1.94,0.8955555555555555,0.4,0.3582222222222222
TransExION,maintainability,0.9190272222222222,duplicate_rate,6.63,0.9337,0.3,0.28010999999999997
TransExION,sustainability,0.4285714285714286,avg_issue_close_time_days,,,0.0,0.0
TransExION,sustainability,0.4285714285714286,num_open_issues,0,1.0,0.4285714285714286,0.4285714285714286
TransExION,sustainability,0.4285714285714286,days_since_last_commit,883,0.0,0.28571428571428575,0.0
TransExION,sustainability,0.4285714285714286,inverse_simpson_index,1.0,0.0,0.14285714285714288,0.0
TransExION,sustainability,0.4285714285714286,has_releases,False,0.0,0.14285714285714288,0.0
TransExION,security,0.0,default_branch_protected,False,0.0,0.5,0.0
TransExION,security,0.0,has_security_policy,False,0.0,0.4852941176470588,0.0
TransExION,security,0.0,gitignore_present,False,0.0,0.014705882352941176,0.0
TransExION,security,0.0,security_updates,,,0.0,0.0
TransExION,security,0.0,secret_scanning,,,0.0,0.0
TransExION,scientific_impact,0.044,fwci,,,0.0,0.0
TransExION,scientific_impact,0.044,citation_count,,,0.0,0.0
TransExION,scientific_impact,0.044,star_count,6,0.06,0.6,0.036
TransExION,scientific_impact,0.044,fork_count,2,0.02,0.4,0.008
TransExION,scientific_impact,0.044,altmetric_score,,,0.0,0.0
webFlaGs,compatibility,0.0,input_formats,,,0.0,0.0
webFlaGs,compatibility,0.0,output_formats,,,0.0,0.0
webFlaGs,compatibility,0.0,has_workflow_support,False,0.0,0.5,0.0
webFlaGs,compatibility,0.0,has_distribution_support,False,0.0,0.5,0.0
webFlaGs,fairness,0.5555555555555556,license,True,1.0,0.22222222222222224,0.22222222222222224
webFlaGs,fairness,0.5555555555555556,repository,True,1.0,0.3333333333333333,0.3333333333333333
webFlaGs,fairness,0.5555555555555556,registry,False,0.0,0.22222222222222224,0.0
webFlaGs,fairness,0.5555555555555556,citation,False,0.0,0.11111111111111112,0.0
webFlaGs,fairness,0.5555555555555556,checklist,False,0.0,0.11111111111111112,0.0
webFlaGs,fairness,0.5555555555555556,publication_open_access,,,0.0,0.0
webFlaGs,maintainability,0.4107466666666666,nloc_per_file,326.0,0.6739999999999999,0.3,0.20219999999999996
webFlaGs,maintainability,0.4107466666666666,avg_ccn,5.44,0.5066666666666666,0.4,0.20266666666666666
webFlaGs,maintainability,0.4107466666666666,duplicate_rate,98.04,0.01959999999999995,0.3,0.005879999999999985
webFlaGs,sustainability,0.4858136593316212,avg_issue_close_time_days,32.606944444444444,0.6377006172839506,0.3,0.19131018518518517
webFlaGs,sustainability,0.4858136593316212,num_open_issues,5,0.975,0.3,0.2925
webFlaGs,sustainability,0.4858136593316212,days_since_last_commit,1416,0.0,0.2,0.0
webFlaGs,sustainability,0.4858136593316212,inverse_simpson_index,1.3806600878228432,0.02003474146436017,0.1,0.0020034741464360173
webFlaGs,sustainability,0.4858136593316212,has_releases,False,0.0,0.1,0.0
webFlaGs,security,0.5147058823529411,default_branch_protected,True,1.0,0.5,0.5
webFlaGs,security,0.5147058823529411,has_security_policy,False,0.0,0.4852941176470588,0.0
webFlaGs,security,0.5147058823529411,gitignore_present,True,1.0,0.014705882352941176,0.014705882352941176
webFlaGs,security,0.5147058823529411,security_updates,,,0.0,0.0
webFlaGs,security,0.5147058823529411,secret_scanning,,,0.0,0.0
webFlaGs,scientific_impact,0.13,fwci,,,0.0,0.0
webFlaGs,scientific_impact,0.13,citation_count,,,0.0,0.0
webFlaGs,scientific_impact,0.13,star_count,19,0.19,0.6,0.11399999999999999
webFlaGs,scientific_impact,0.13,fork_count,4,0.04,0.4,0.016
webFlaGs,scientific_impact,0.13,altmetric_score,,,0.0,0.0
gACSON,compatibility,,input_formats,,,0.0,0.0
gACSON,compatibility,,output_formats,,,0.0,0.0
gACSON,compatibility,,has_workflow_support,,,0.0,0.0
gACSON,compatibility,,has_distribution_support,,,0.0,0.0
gACSON,fairness,0.6666666666666666,license,True,1.0,0.22222222222222224,0.22222222222222224
gACSON,fairness,0.6666666666666666,repository,True,1.0,0.3333333333333333,0.3333333333333333
gACSON,fairness,0.6666666666666666,registry,False,0.0,0.22222222222222224,0.0
gACSON,fairness,0.6666666666666666,citation,True,1.0,0.11111111111111112,0.11111111111111112
gACSON,fairness,0.6666666666666666,checklist,False,0.0,0.11111111111111112,0.0
gACSON,fairness,0.6666666666666666,publication_open_access,,,0.0,0.0
gACSON,maintainability,0.8098367777777777,nloc_per_file,61.57,0.93843,0.3,0.281529
gACSON,maintainability,0.8098367777777777,avg_ccn,4.02,0.6644444444444445,0.4,0.26577777777777783
gACSON,maintainability,0.8098367777777777,duplicate_rate,12.49,0.8751,0.3,0.26253
gACSON,sustainability,,avg_issue_close_time_days,,,0.0,0.0
gACSON,sustainability,,num_open_issues,,,0.0,0.0
gACSON,sustainability,,days_since_last_commit,,,0.0,0.0
gACSON,sustainability,,inverse_simpson_index,,,0.0,0.0
gACSON,sustainability,,has_releases,,,0.0,0.0
gACSON,security,,default_branch_protected,,,0.0,0.0
gACSON,security,,has_security_policy,,,0.0,0.0
gACSON,security,,gitignore_present,,,0.0,0.0
gACSON,security,,security_updates,,,0.0,0.0
gACSON,security,,secret_scanning,,,0.0,0.0
gACSON,scientific_impact,,fwci,,,0.0,0.0
gACSON,scientific_impact,,citation_count,,,0.0,0.0
gACSON,scientific_impact,,star_count,,,0.0,0.0
gACSON,scientific_impact,,fork_count,,,0.0,0.0
gACSON,scientific_impact,,altmetric_score,,,0.0,0.0
prophaser,compatibility,0.0,input_formats,,,0.0,0.0
prophaser,compatibility,0.0,output_formats,,,0.0,0.0
prophaser,compatibility,0.0,has_workflow_support,False,0.0,0.5,0.0
prophaser,compatibility,0.0,has_distribution_support,False,0.0,0.5,0.0
prophaser,fairness,,license,,,0.0,0.0
prophaser,fairness,,repository,,,0.0,0.0
prophaser,fairness,,registry,,,0.0,0.0
prophaser,fairness,,citation,,,0.0,0.0
prophaser,fairness,,checklist,,,0.0,0.0
prophaser,fairness,,publication_open_access,,,0.0,0.0
prophaser,maintainability,0.7620838888888888,nloc_per_file,174.75,0.82525,0.3,0.247575
prophaser,maintainability,0.7620838888888888,avg_ccn,4.13,0.6522222222222223,0.4,0.2608888888888889
prophaser,maintainability,0.7620838888888888,duplicate_rate,15.46,0.8453999999999999,0.3,0.25361999999999996
prophaser,sustainability,0.4302218962039245,avg_issue_close_time_days,,,0.0,0.0
prophaser,sustainability,0.4302218962039245,num_open_issues,0,1.0,0.4285714285714286,0.4285714285714286
prophaser,sustainability,0.4302218962039245,days_since_last_commit,926,0.0,0.28571428571428575,0.0
prophaser,sustainability,0.4302218962039245,inverse_simpson_index,1.2195121951219512,0.011553273427471115,0.14285714285714288,0.001650467632495874
prophaser,sustainability,0.4302218962039245,has_releases,False,0.0,0.14285714285714288,0.0
prophaser,security,0.0,default_branch_protected,False,0.0,0.5,0.0
prophaser,security,0.0,has_security_policy,False,0.0,0.4852941176470588,0.0
prophaser,security,0.0,gitignore_present,False,0.0,0.014705882352941176,0.0
prophaser,security,0.0,security_updates,,,0.0,0.0
prophaser,security,0.0,secret_scanning,,,0.0,0.0
prophaser,scientific_impact,0.038,fwci,,,0.0,0.0
prophaser,scientific_impact,0.038,citation_count,,,0.0,0.0
prophaser,scientific_impact,0.038,star_count,5,0.05,0.6,0.03
prophaser,scientific_impact,0.038,fork_count,2,0.02,0.4,0.008
prophaser,scientific_impact,0.038,altmetric_score,,,0.0,0.0
Chord,compatibility,,input_formats,,,0.0,0.0
Chord,compatibility,,output_formats,,,0.0,0.0
Chord,compatibility,,has_workflow_support,,,0.0,0.0
Chord,compatibility,,has_distribution_support,,,0.0,0.0
Chord,fairness,,license,,,0.0,0.0
Chord,fairness,,repository,,,0.0,0.0
Chord,fairness,,registry,,,0.0,0.0
Chord,fairness,,citation,,,0.0,0.0
Chord,fairness,,checklist,,,0.0,0.0
Chord,fairness,,publication_open_access,,,0.0,0.0
Chord,maintainability,,nloc_per_file,,,0.0,0.0
Chord,maintainability,,avg_ccn,,,0.0,0.0
Chord,maintainability,,duplicate_rate,,,0.0,0.0
Chord,sustainability,,avg_issue_close_time_days,,,0.0,0.0
Chord,sustainability,,num_open_issues,,,0.0,0.0
Chord,sustainability,,days_since_last_commit,,,0.0,0.0
Chord,sustainability,,inverse_simpson_index,,,0.0,0.0
Chord,sustainability,,has_releases,,,0.0,0.0
Chord,security,,default_branch_protected,,,0.0,0.0
Chord,security,,has_security_policy,,,0.0,0.0
Chord,security,,gitignore_present,,,0.0,0.0
Chord,security,,security_updates,,,0.0,0.0
Chord,security,,secret_scanning,,,0.0,0.0
Chord,scientific_impact,,fwci,,,0.0,0.0
Chord,scientific_impact,,citation_count,,,0.0,0.0
Chord,scientific_impact,,star_count,,,0.0,0.0
Chord,scientific_impact,,fork_count,,,0.0,0.0
Chord,scientific_impact,,altmetric_score,,,0.0,0.0
NGSremix,compatibility,0.0,input_formats,,,0.0,0.0
NGSremix,compatibility,0.0,output_formats,,,0.0,0.0
NGSremix,compatibility,0.0,has_workflow_support,False,0.0,0.5,0.0
NGSremix,compatibility,0.0,has_distribution_support,False,0.0,0.5,0.0
NGSremix,fairness,,license,,,0.0,0.0
NGSremix,fairness,,repository,,,0.0,0.0
NGSremix,fairness,,registry,,,0.0,0.0
NGSremix,fairness,,citation,,,0.0,0.0
NGSremix,fairness,,checklist,,,0.0,0.0
NGSremix,fairness,,publication_open_access,,,0.0,0.0
NGSremix,maintainability,0.5864806666666667,nloc_per_file,175.32,0.82468,0.3,0.24740399999999999
NGSremix,maintainability,0.5864806666666667,avg_ccn,7.6,0.2666666666666667,0.4,0.10666666666666669
NGSremix,maintainability,0.5864806666666667,duplicate_rate,22.53,0.7746999999999999,0.3,0.23240999999999998
NGSremix,sustainability,0.2970197826059512,avg_issue_close_time_days,302.6677285879629,0.0,0.3,0.0
NGSremix,sustainability,0.2970197826059512,num_open_issues,4,0.98,0.3,0.294
NGSremix,sustainability,0.2970197826059512,days_since_last_commit,298,0.0,0.2,0.0
NGSremix,sustainability,0.2970197826059512,inverse_simpson_index,1.573758695130727,0.030197826059511945,0.1,0.0030197826059511945
NGSremix,sustainability,0.2970197826059512,has_releases,False,0.0,0.1,0.0
NGSremix,security,0.014705882352941176,default_branch_protected,False,0.0,0.5,0.0
NGSremix,security,0.014705882352941176,has_security_policy,False,0.0,0.4852941176470588,0.0
NGSremix,security,0.014705882352941176,gitignore_present,True,1.0,0.014705882352941176,0.014705882352941176
NGSremix,security,0.014705882352941176,security_updates,,,0.0,0.0
NGSremix,security,0.014705882352941176,secret_scanning,,,0.0,0.0
NGSremix,scientific_impact,0.052000000000000005,fwci,,,0.0,0.0
NGSremix,scientific_impact,0.052000000000000005,citation_count,,,0.0,0.0
NGSremix,scientific_impact,0.052000000000000005,star_count,8,0.08,0.6,0.048
NGSremix,scientific_impact,0.052000000000000005,fork_count,1,0.01,0.4,0.004
NGSremix,scientific_impact,0.052000000000000005,altmetric_score,,,0.0,0.0
proChIPdb,compatibility,0.0,input_formats,,,0.0,0.0
proChIPdb,compatibility,0.0,output_formats,,,0.0,0.0
proChIPdb,compatibility,0.0,has_workflow_support,False,0.0,0.5,0.0
proChIPdb,compatibility,0.0,has_distribution_support,False,0.0,0.5,0.0
proChIPdb,fairness,,license,,,0.0,0.0
proChIPdb,fairness,,repository,,,0.0,0.0
proChIPdb,fairness,,registry,,,0.0,0.0
proChIPdb,fairness,,citation,,,0.0,0.0
proChIPdb,fairness,,checklist,,,0.0,0.0
proChIPdb,fairness,,publication_open_access,,,0.0,0.0
proChIPdb,maintainability,,nloc_per_file,,,0.0,0.0
proChIPdb,maintainability,,avg_ccn,,,0.0,0.0
proChIPdb,maintainability,,duplicate_rate,,,0.0,0.0
proChIPdb,sustainability,0.4307539173136093,avg_issue_close_time_days,,,0.0,0.0
proChIPdb,sustainability,0.4307539173136093,num_open_issues,2,0.99,0.4285714285714286,0.4242857142857143
proChIPdb,sustainability,0.4307539173136093,days_since_last_commit,521,0.0,0.28571428571428575,0.0
proChIPdb,sustainability,0.4307539173136093,inverse_simpson_index,1.8602710027100273,0.045277421195264594,0.14285714285714288,0.006468203027894943
proChIPdb,sustainability,0.4307539173136093,has_releases,False,0.0,0.14285714285714288,0.0
proChIPdb,security,0.014705882352941176,default_branch_protected,False,0.0,0.5,0.0
proChIPdb,security,0.014705882352941176,has_security_policy,False,0.0,0.4852941176470588,0.0
proChIPdb,security,0.014705882352941176,gitignore_present,True,1.0,0.014705882352941176,0.014705882352941176
proChIPdb,security,0.014705882352941176,security_updates,,,0.0,0.0
proChIPdb,security,0.014705882352941176,secret_scanning,,,0.0,0.0
proChIPdb,scientific_impact,0.032,fwci,,,0.0,0.0
proChIPdb,scientific_impact,0.032,citation_count,,,0.0,0.0
proChIPdb,scientific_impact,0.032,star_count,4,0.04,0.6,0.024
proChIPdb,scientific_impact,0.032,fork_count,2,0.02,0.4,0.008
proChIPdb,scientific_impact,0.032,altmetric_score,,,0.0,0.0
Gretel,compatibility,0.5,input_formats,,,0.0,0.0
Gretel,compatibility,0.5,output_formats,,,0.0,0.0
Gretel,compatibility,0.5,has_workflow_support,False,0.0,0.5,0.0
Gretel,compatibility,0.5,has_distribution_support,True,1.0,0.5,0.5
Gretel,fairness,0.7777777777777778,license,True,1.0,0.22222222222222224,0.22222222222222224
Gretel,fairness,0.7777777777777778,repository,True,1.0,0.3333333333333333,0.3333333333333333
Gretel,fairness,0.7777777777777778,registry,True,1.0,0.22222222222222224,0.22222222222222224
Gretel,fairness,0.7777777777777778,citation,False,0.0,0.11111111111111112,0.0
Gretel,fairness,0.7777777777777778,checklist,False,0.0,0.11111111111111112,0.0
Gretel,fairness,0.7777777777777778,publication_open_access,,,0.0,0.0
Gretel,maintainability,0.6428362222222221,nloc_per_file,64.62,0.93538,0.3,0.280614
Gretel,maintainability,0.6428362222222221,avg_ccn,8.6,0.15555555555555556,0.4,0.06222222222222223
Gretel,maintainability,0.6428362222222221,duplicate_rate,0.0,1.0,0.3,0.3
Gretel,sustainability,0.285,avg_issue_close_time_days,392.49569598765436,0.0,0.3,0.0
Gretel,sustainability,0.285,num_open_issues,10,0.95,0.3,0.285
Gretel,sustainability,0.285,days_since_last_commit,1913,0.0,0.2,0.0
Gretel,sustainability,0.285,inverse_simpson_index,1.0,0.0,0.1,0.0
Gretel,sustainability,0.285,has_releases,False,0.0,0.1,0.0
Gretel,security,0.014705882352941176,default_branch_protected,False,0.0,0.5,0.0
Gretel,security,0.014705882352941176,has_security_policy,False,0.0,0.4852941176470588,0.0
Gretel,security,0.014705882352941176,gitignore_present,True,1.0,0.014705882352941176,0.014705882352941176
Gretel,security,0.014705882352941176,security_updates,,,0.0,0.0
Gretel,security,0.014705882352941176,secret_scanning,,,0.0,0.0
Gretel,scientific_impact,0.192,fwci,,,0.0,0.0
Gretel,scientific_impact,0.192,citation_count,,,0.0,0.0
Gretel,scientific_impact,0.192,star_count,30,0.3,0.6,0.18
Gretel,scientific_impact,0.192,fork_count,3,0.03,0.4,0.012
Gretel,scientific_impact,0.192,altmetric_score,,,0.0,0.0
PRONAME,compatibility,0.0,input_formats,,,0.0,0.0
PRONAME,compatibility,0.0,output_formats,,,0.0,0.0
PRONAME,compatibility,0.0,has_workflow_support,False,0.0,0.5,0.0
PRONAME,compatibility,0.0,has_distribution_support,False,0.0,0.5,0.0
PRONAME,fairness,0.5555555555555556,license,True,1.0,0.22222222222222224,0.22222222222222224
PRONAME,fairness,0.5555555555555556,repository,True,1.0,0.3333333333333333,0.3333333333333333
PRONAME,fairness,0.5555555555555556,registry,False,0.0,0.22222222222222224,0.0
PRONAME,fairness,0.5555555555555556,citation,False,0.0,0.11111111111111112,0.0
PRONAME,fairness,0.5555555555555556,checklist,False,0.0,0.11111111111111112,0.0
PRONAME,fairness,0.5555555555555556,publication_open_access,,,0.0,0.0
PRONAME,maintainability,0.7316378888888889,nloc_per_file,84.17,0.91583,0.3,0.274749
PRONAME,maintainability,0.7316378888888889,avg_ccn,6.47,0.39222222222222225,0.4,0.1568888888888889
PRONAME,maintainability,0.7316378888888889,duplicate_rate,0.0,1.0,0.3,0.3
PRONAME,sustainability,0.5023675077160493,avg_issue_close_time_days,50.60641435185185,0.43770650720164606,0.3,0.13131195216049382
PRONAME,sustainability,0.5023675077160493,num_open_issues,3,0.985,0.3,0.2955
PRONAME,sustainability,0.5023675077160493,days_since_last_commit,112,0.37777777777777777,0.2,0.07555555555555556
PRONAME,sustainability,0.5023675077160493,inverse_simpson_index,1.0,0.0,0.1,0.0
PRONAME,sustainability,0.5023675077160493,has_releases,False,0.0,0.1,0.0
PRONAME,security,0.014705882352941176,default_branch_protected,False,0.0,0.5,0.0
PRONAME,security,0.014705882352941176,has_security_policy,False,0.0,0.4852941176470588,0.0
PRONAME,security,0.014705882352941176,gitignore_present,True,1.0,0.014705882352941176,0.014705882352941176
PRONAME,security,0.014705882352941176,security_updates,,,0.0,0.0
PRONAME,security,0.014705882352941176,secret_scanning,,,0.0,0.0
PRONAME,scientific_impact,0.11599999999999999,fwci,,,0.0,0.0
PRONAME,scientific_impact,0.11599999999999999,citation_count,,,0.0,0.0
PRONAME,scientific_impact,0.11599999999999999,star_count,18,0.18,0.6,0.108
PRONAME,scientific_impact,0.11599999999999999,fork_count,2,0.02,0.4,0.008
PRONAME,scientific_impact,0.11599999999999999,altmetric_score,,,0.0,0.0
MaRe,compatibility,0.0,input_formats,,,0.0,0.0
MaRe,compatibility,0.0,output_formats,,,0.0,0.0
MaRe,compatibility,0.0,has_workflow_support,False,0.0,0.5,0.0
MaRe,compatibility,0.0,has_distribution_support,False,0.0,0.5,0.0
MaRe,fairness,,license,,,0.0,0.0
MaRe,fairness,,repository,,,0.0,0.0
MaRe,fairness,,registry,,,0.0,0.0
MaRe,fairness,,citation,,,0.0,0.0
MaRe,fairness,,checklist,,,0.0,0.0
MaRe,fairness,,publication_open_access,,,0.0,0.0
MaRe,maintainability,0.9670845555555556,nloc_per_file,41.57,0.95843,0.3,0.287529
MaRe,maintainability,0.9670845555555556,avg_ccn,1.46,0.9488888888888889,0.4,0.3795555555555556
MaRe,maintainability,0.9670845555555556,duplicate_rate,0.0,1.0,0.3,0.3
MaRe,sustainability,0.3872449691358024,avg_issue_close_time_days,62.026509259259264,0.3108165637860082,0.3,0.09324496913580245
MaRe,sustainability,0.3872449691358024,num_open_issues,4,0.98,0.3,0.294
MaRe,sustainability,0.3872449691358024,days_since_last_commit,1625,0.0,0.2,0.0
MaRe,sustainability,0.3872449691358024,inverse_simpson_index,1.0,0.0,0.1,0.0
MaRe,sustainability,0.3872449691358024,has_releases,False,0.0,0.1,0.0
MaRe,security,0.014705882352941176,default_branch_protected,False,0.0,0.5,0.0
MaRe,security,0.014705882352941176,has_security_policy,False,0.0,0.4852941176470588,0.0
MaRe,security,0.014705882352941176,gitignore_present,True,1.0,0.014705882352941176,0.014705882352941176
MaRe,security,0.014705882352941176,security_updates,,,0.0,0.0
MaRe,security,0.014705882352941176,secret_scanning,,,0.0,0.0
MaRe,scientific_impact,0.116,fwci,,,0.0,0.0
MaRe,scientific_impact,0.116,citation_count,,,0.0,0.0
MaRe,scientific_impact,0.116,star_count,14,0.14,0.6,0.084
MaRe,scientific_impact,0.116,fork_count,8,0.08,0.4,0.032
MaRe,scientific_impact,0.116,altmetric_score,,,0.0,0.0
COSGAP,compatibility,0.5,input_formats,,,0.0,0.0
COSGAP,compatibility,0.5,output_formats,,,0.0,0.0
COSGAP,compatibility,0.5,has_workflow_support,False,0.0,0.5,0.0
COSGAP,compatibility,0.5,has_distribution_support,True,1.0,0.5,0.5
COSGAP,fairness,0.6666666666666666,license,True,1.0,0.22222222222222224,0.22222222222222224
COSGAP,fairness,0.6666666666666666,repository,True,1.0,0.3333333333333333,0.3333333333333333
COSGAP,fairness,0.6666666666666666,registry,False,0.0,0.22222222222222224,0.0
COSGAP,fairness,0.6666666666666666,citation,True,1.0,0.11111111111111112,0.11111111111111112
COSGAP,fairness,0.6666666666666666,checklist,False,0.0,0.11111111111111112,0.0
COSGAP,fairness,0.6666666666666666,publication_open_access,,,0.0,0.0
COSGAP,maintainability,0.8241367777777778,nloc_per_file,63.87,0.93613,0.3,0.280839
COSGAP,maintainability,0.8241367777777778,avg_ccn,3.57,0.7144444444444444,0.4,0.2857777777777778
COSGAP,maintainability,0.8241367777777778,duplicate_rate,14.16,0.8584,0.3,0.25752
COSGAP,sustainability,0.45528679715310066,avg_issue_close_time_days,52.7751065287226,0.4136099274586378,0.3,0.12408297823759133
COSGAP,sustainability,0.45528679715310066,num_open_issues,41,0.795,0.3,0.2385
COSGAP,sustainability,0.45528679715310066,days_since_last_commit,108,0.4,0.2,0.08000000000000002
COSGAP,sustainability,0.45528679715310066,inverse_simpson_index,3.4137255939467694,0.12703818915509313,0.1,0.012703818915509313
COSGAP,sustainability,0.45528679715310066,has_releases,False,0.0,0.1,0.0
COSGAP,security,0.5147058823529411,default_branch_protected,True,1.0,0.5,0.5
COSGAP,security,0.5147058823529411,has_security_policy,False,0.0,0.4852941176470588,0.0
COSGAP,security,0.5147058823529411,gitignore_present,True,1.0,0.014705882352941176,0.014705882352941176
COSGAP,security,0.5147058823529411,security_updates,,,0.0,0.0
COSGAP,security,0.5147058823529411,secret_scanning,,,0.0,0.0
COSGAP,scientific_impact,0.27799999999999997,fwci,,,0.0,0.0
COSGAP,scientific_impact,0.27799999999999997,citation_count,,,0.0,0.0
COSGAP,scientific_impact,0.27799999999999997,star_count,39,0.39,0.6,0.23399999999999999
COSGAP,scientific_impact,0.27799999999999997,fork_count,11,0.11,0.4,0.044000000000000004
COSGAP,scientific_impact,0.27799999999999997,altmetric_score,,,0.0,0.0
seqNdisplayR,compatibility,0.5,input_formats,,,0.0,0.0
seqNdisplayR,compatibility,0.5,output_formats,,,0.0,0.0
seqNdisplayR,compatibility,0.5,has_workflow_support,False,0.0,0.5,0.0
seqNdisplayR,compatibility,0.5,has_distribution_support,True,1.0,0.5,0.5
seqNdisplayR,fairness,0.5555555555555556,license,True,1.0,0.22222222222222224,0.22222222222222224
seqNdisplayR,fairness,0.5555555555555556,repository,True,1.0,0.3333333333333333,0.3333333333333333
seqNdisplayR,fairness,0.5555555555555556,registry,False,0.0,0.22222222222222224,0.0
seqNdisplayR,fairness,0.5555555555555556,citation,False,0.0,0.11111111111111112,0.0
seqNdisplayR,fairness,0.5555555555555556,checklist,False,0.0,0.11111111111111112,0.0
seqNdisplayR,fairness,0.5555555555555556,publication_open_access,,,0.0,0.0
seqNdisplayR,maintainability,0.5260077777777779,nloc_per_file,444.6,0.5554,0.3,0.16662
seqNdisplayR,maintainability,0.5260077777777779,avg_ccn,7.98,0.22444444444444445,0.4,0.08977777777777779
seqNdisplayR,maintainability,0.5260077777777779,duplicate_rate,10.13,0.8987,0.3,0.26961
seqNdisplayR,sustainability,0.5920634920634921,avg_issue_close_time_days,,,0.0,0.0
seqNdisplayR,sustainability,0.5920634920634921,num_open_issues,0,1.0,0.4285714285714286,0.4285714285714286
seqNdisplayR,sustainability,0.5920634920634921,days_since_last_commit,77,0.5722222222222222,0.28571428571428575,0.1634920634920635
seqNdisplayR,sustainability,0.5920634920634921,inverse_simpson_index,1.0,0.0,0.14285714285714288,0.0
seqNdisplayR,sustainability,0.5920634920634921,has_releases,False,0.0,0.14285714285714288,0.0
seqNdisplayR,security,0.014705882352941176,default_branch_protected,False,0.0,0.5,0.0
seqNdisplayR,security,0.014705882352941176,has_security_policy,False,0.0,0.4852941176470588,0.0
seqNdisplayR,security,0.014705882352941176,gitignore_present,True,1.0,0.014705882352941176,0.014705882352941176
seqNdisplayR,security,0.014705882352941176,security_updates,,,0.0,0.0
seqNdisplayR,security,0.014705882352941176,secret_scanning,,,0.0,0.0
seqNdisplayR,scientific_impact,0.054,fwci,,,0.0,0.0
seqNdisplayR,scientific_impact,0.054,citation_count,,,0.0,0.0
seqNdisplayR,scientific_impact,0.054,star_count,9,0.09,0.6,0.054
seqNdisplayR,scientific_impact,0.054,fork_count,0,0.0,0.4,0.0
seqNdisplayR,scientific_impact,0.054,altmetric_score,,,0.0,0.0
MASSef,compatibility,0.5,input_formats,,,0.0,0.0
MASSef,compatibility,0.5,output_formats,,,0.0,0.0
MASSef,compatibility,0.5,has_workflow_support,False,0.0,0.5,0.0
MASSef,compatibility,0.5,has_distribution_support,True,1.0,0.5,0.5
MASSef,fairness,0.3333333333333333,license,False,0.0,0.22222222222222224,0.0
MASSef,fairness,0.3333333333333333,repository,True,1.0,0.3333333333333333,0.3333333333333333
MASSef,fairness,0.3333333333333333,registry,False,0.0,0.22222222222222224,0.0
MASSef,fairness,0.3333333333333333,citation,False,0.0,0.11111111111111112,0.0
MASSef,fairness,0.3333333333333333,checklist,False,0.0,0.11111111111111112,0.0
MASSef,fairness,0.3333333333333333,publication_open_access,,,0.0,0.0
MASSef,maintainability,0.691104,nloc_per_file,268.32,0.73168,0.3,0.219504
MASSef,maintainability,0.691104,avg_ccn,2.98,0.78,0.4,0.31200000000000006
MASSef,maintainability,0.691104,duplicate_rate,46.8,0.532,0.3,0.1596
MASSef,sustainability,0.3886178936299092,avg_issue_close_time_days,57.47868739478115,0.36134791783576503,0.3,0.10840437535072951
MASSef,sustainability,0.3886178936299092,num_open_issues,16,0.92,0.3,0.276
MASSef,sustainability,0.3886178936299092,days_since_last_commit,684,0.0,0.2,0.0
MASSef,sustainability,0.3886178936299092,inverse_simpson_index,1.8005684730441265,0.04213518279179613,0.1,0.004213518279179613
MASSef,sustainability,0.3886178936299092,has_releases,False,0.0,0.1,0.0
MASSef,security,0.014705882352941176,default_branch_protected,False,0.0,0.5,0.0
MASSef,security,0.014705882352941176,has_security_policy,False,0.0,0.4852941176470588,0.0
MASSef,security,0.014705882352941176,gitignore_present,True,1.0,0.014705882352941176,0.014705882352941176
MASSef,security,0.014705882352941176,security_updates,,,0.0,0.0
MASSef,security,0.014705882352941176,secret_scanning,,,0.0,0.0
MASSef,scientific_impact,0.01,fwci,,,0.0,0.0
MASSef,scientific_impact,0.01,citation_count,,,0.0,0.0
MASSef,scientific_impact,0.01,star_count,1,0.01,0.6,0.006
MASSef,scientific_impact,0.01,fork_count,1,0.01,0.4,0.004
MASSef,scientific_impact,0.01,altmetric_score,,,0.0,0.0
ClusterFinder,compatibility,0.5,input_formats,,,0.0,0.0
ClusterFinder,compatibility,0.5,output_formats,,,0.0,0.0
ClusterFinder,compatibility,0.5,has_workflow_support,False,0.0,0.5,0.0
ClusterFinder,compatibility,0.5,has_distribution_support,True,1.0,0.5,0.5
ClusterFinder,fairness,0.5555555555555556,license,True,1.0,0.22222222222222224,0.22222222222222224
ClusterFinder,fairness,0.5555555555555556,repository,True,1.0,0.3333333333333333,0.3333333333333333
ClusterFinder,fairness,0.5555555555555556,registry,False,0.0,0.22222222222222224,0.0
ClusterFinder,fairness,0.5555555555555556,citation,False,0.0,0.11111111111111112,0.0
ClusterFinder,fairness,0.5555555555555556,checklist,False,0.0,0.11111111111111112,0.0
ClusterFinder,fairness,0.5555555555555556,publication_open_access,,,0.0,0.0
ClusterFinder,maintainability,0.7059422222222222,nloc_per_file,267.0,0.733,0.3,0.21989999999999998
ClusterFinder,maintainability,0.7059422222222222,avg_ccn,4.73,0.5855555555555555,0.4,0.23422222222222222
ClusterFinder,maintainability,0.7059422222222222,duplicate_rate,16.06,0.8394,0.3,0.25182
ClusterFinder,sustainability,0.42214285714285715,avg_issue_close_time_days,,,0.0,0.0
ClusterFinder,sustainability,0.42214285714285715,num_open_issues,3,0.985,0.4285714285714286,0.42214285714285715
ClusterFinder,sustainability,0.42214285714285715,days_since_last_commit,346,0.0,0.28571428571428575,0.0
ClusterFinder,sustainability,0.42214285714285715,inverse_simpson_index,1.0,0.0,0.14285714285714288,0.0
ClusterFinder,sustainability,0.42214285714285715,has_releases,False,0.0,0.14285714285714288,0.0
ClusterFinder,security,0.014705882352941176,default_branch_protected,False,0.0,0.5,0.0
ClusterFinder,security,0.014705882352941176,has_security_policy,False,0.0,0.4852941176470588,0.0
ClusterFinder,security,0.014705882352941176,gitignore_present,True,1.0,0.014705882352941176,0.014705882352941176
ClusterFinder,security,0.014705882352941176,security_updates,,,0.0,0.0
ClusterFinder,security,0.014705882352941176,secret_scanning,,,0.0,0.0
ClusterFinder,scientific_impact,0.006,fwci,,,0.0,0.0
ClusterFinder,scientific_impact,0.006,citation_count,,,0.0,0.0
ClusterFinder,scientific_impact,0.006,star_count,1,0.01,0.6,0.006
ClusterFinder,scientific_impact,0.006,fork_count,0,0.0,0.4,0.0
ClusterFinder,scientific_impact,0.006,altmetric_score,,,0.0,0.0
AtlasGrabber,compatibility,0.0,input_formats,,,0.0,0.0
AtlasGrabber,compatibility,0.0,output_formats,,,0.0,0.0
AtlasGrabber,compatibility,0.0,has_workflow_support,False,0.0,0.5,0.0
AtlasGrabber,compatibility,0.0,has_distribution_support,False,0.0,0.5,0.0
AtlasGrabber,fairness,0.5555555555555556,license,True,1.0,0.22222222222222224,0.22222222222222224
AtlasGrabber,fairness,0.5555555555555556,repository,True,1.0,0.3333333333333333,0.3333333333333333
AtlasGrabber,fairness,0.5555555555555556,registry,False,0.0,0.22222222222222224,0.0
AtlasGrabber,fairness,0.5555555555555556,citation,False,0.0,0.11111111111111112,0.0
AtlasGrabber,fairness,0.5555555555555556,checklist,False,0.0,0.11111111111111112,0.0
AtlasGrabber,fairness,0.5555555555555556,publication_open_access,,,0.0,0.0
AtlasGrabber,maintainability,0.5980987777777778,nloc_per_file,619.83,0.38017,0.3,0.114051
AtlasGrabber,maintainability,0.5980987777777778,avg_ccn,5.19,0.5344444444444444,0.4,0.21377777777777776
AtlasGrabber,maintainability,0.5980987777777778,duplicate_rate,9.91,0.9009,0.3,0.27027
AtlasGrabber,sustainability,0.43551185656448815,avg_issue_close_time_days,,,0.0,0.0
AtlasGrabber,sustainability,0.43551185656448815,num_open_issues,0,1.0,0.4285714285714286,0.4285714285714286
AtlasGrabber,sustainability,0.43551185656448815,days_since_last_commit,1564,0.0,0.28571428571428575,0.0
AtlasGrabber,sustainability,0.43551185656448815,inverse_simpson_index,1.923076923076923,0.048582995951417,0.14285714285714288,0.006940427993059572
AtlasGrabber,sustainability,0.43551185656448815,has_releases,False,0.0,0.14285714285714288,0.0
AtlasGrabber,security,0.014705882352941176,default_branch_protected,False,0.0,0.5,0.0
AtlasGrabber,security,0.014705882352941176,has_security_policy,False,0.0,0.4852941176470588,0.0
AtlasGrabber,security,0.014705882352941176,gitignore_present,True,1.0,0.014705882352941176,0.014705882352941176
AtlasGrabber,security,0.014705882352941176,security_updates,,,0.0,0.0
AtlasGrabber,security,0.014705882352941176,secret_scanning,,,0.0,0.0
AtlasGrabber,scientific_impact,0.018,fwci,,,0.0,0.0
AtlasGrabber,scientific_impact,0.018,citation_count,,,0.0,0.0
AtlasGrabber,scientific_impact,0.018,star_count,3,0.03,0.6,0.018
AtlasGrabber,scientific_impact,0.018,fork_count,0,0.0,0.4,0.0
AtlasGrabber,scientific_impact,0.018,altmetric_score,,,0.0,0.0
ion-to-image i2i,compatibility,0.0,input_formats,,,0.0,0.0
ion-to-image i2i,compatibility,0.0,output_formats,,,0.0,0.0
ion-to-image i2i,compatibility,0.0,has_workflow_support,False,0.0,0.5,0.0
ion-to-image i2i,compatibility,0.0,has_distribution_support,False,0.0,0.5,0.0
ion-to-image i2i,fairness,,license,,,0.0,0.0
ion-to-image i2i,fairness,,repository,,,0.0,0.0
ion-to-image i2i,fairness,,registry,,,0.0,0.0
ion-to-image i2i,fairness,,citation,,,0.0,0.0
ion-to-image i2i,fairness,,checklist,,,0.0,0.0
ion-to-image i2i,fairness,,publication_open_access,,,0.0,0.0
ion-to-image i2i,maintainability,0.9779245555555556,nloc_per_file,18.77,0.98123,0.3,0.294369
ion-to-image i2i,maintainability,0.9779245555555556,avg_ccn,1.37,0.9588888888888889,0.4,0.3835555555555556
ion-to-image i2i,maintainability,0.9779245555555556,duplicate_rate,0.0,1.0,0.3,0.3
ion-to-image i2i,sustainability,0.42955078406967084,avg_issue_close_time_days,,,0.0,0.0
ion-to-image i2i,sustainability,0.42955078406967084,num_open_issues,0,1.0,0.4285714285714286,0.4285714285714286
ion-to-image i2i,sustainability,0.42955078406967084,days_since_last_commit,668,0.0,0.28571428571428575,0.0
ion-to-image i2i,sustainability,0.42955078406967084,inverse_simpson_index,1.1302542812662169,0.006855488487695624,0.14285714285714288,0.000979355498242232
ion-to-image i2i,sustainability,0.42955078406967084,has_releases,False,0.0,0.14285714285714288,0.0
ion-to-image i2i,security,0.0,default_branch_protected,False,0.0,0.5,0.0
ion-to-image i2i,security,0.0,has_security_policy,False,0.0,0.4852941176470588,0.0
ion-to-image i2i,security,0.0,gitignore_present,False,0.0,0.014705882352941176,0.0
ion-to-image i2i,security,0.0,security_updates,,,0.0,0.0
ion-to-image i2i,security,0.0,secret_scanning,,,0.0,0.0
ion-to-image i2i,scientific_impact,0.028,fwci,,,0.0,0.0
ion-to-image i2i,scientific_impact,0.028,citation_count,,,0.0,0.0
ion-to-image i2i,scientific_impact,0.028,star_count,4,0.04,0.6,0.024
ion-to-image i2i,scientific_impact,0.028,fork_count,1,0.01,0.4,0.004
ion-to-image i2i,scientific_impact,0.028,altmetric_score,,,0.0,0.0
ArcTiCA,compatibility,0.0,input_formats,,,0.0,0.0
ArcTiCA,compatibility,0.0,output_formats,,,0.0,0.0
ArcTiCA,compatibility,0.0,has_workflow_support,False,0.0,0.5,0.0
ArcTiCA,compatibility,0.0,has_distribution_support,False,0.0,0.5,0.0
ArcTiCA,fairness,,license,,,0.0,0.0
ArcTiCA,fairness,,repository,,,0.0,0.0
ArcTiCA,fairness,,registry,,,0.0,0.0
ArcTiCA,fairness,,citation,,,0.0,0.0
ArcTiCA,fairness,,checklist,,,0.0,0.0
ArcTiCA,fairness,,publication_open_access,,,0.0,0.0
ArcTiCA,maintainability,1.0,nloc_per_file,0.0,1.0,0.3,0.3
ArcTiCA,maintainability,1.0,avg_ccn,0.0,1.0,0.4,0.4
ArcTiCA,maintainability,1.0,duplicate_rate,0.0,1.0,0.3,0.3
ArcTiCA,sustainability,0.4285714285714286,avg_issue_close_time_days,,,0.0,0.0
ArcTiCA,sustainability,0.4285714285714286,num_open_issues,0,1.0,0.4285714285714286,0.4285714285714286
ArcTiCA,sustainability,0.4285714285714286,days_since_last_commit,1037,0.0,0.28571428571428575,0.0
ArcTiCA,sustainability,0.4285714285714286,inverse_simpson_index,1.0,0.0,0.14285714285714288,0.0
ArcTiCA,sustainability,0.4285714285714286,has_releases,False,0.0,0.14285714285714288,0.0
ArcTiCA,security,0.0,default_branch_protected,False,0.0,0.5,0.0
ArcTiCA,security,0.0,has_security_policy,False,0.0,0.4852941176470588,0.0
ArcTiCA,security,0.0,gitignore_present,False,0.0,0.014705882352941176,0.0
ArcTiCA,security,0.0,security_updates,,,0.0,0.0
ArcTiCA,security,0.0,secret_scanning,,,0.0,0.0
ArcTiCA,scientific_impact,0.0,fwci,,,0.0,0.0
ArcTiCA,scientific_impact,0.0,citation_count,,,0.0,0.0
ArcTiCA,scientific_impact,0.0,star_count,0,0.0,0.6,0.0
ArcTiCA,scientific_impact,0.0,fork_count,0,0.0,0.4,0.0
ArcTiCA,scientific_impact,0.0,altmetric_score,,,0.0,0.0
Deuteros 2.0,compatibility,0.0,input_formats,,,0.0,0.0
Deuteros 2.0,compatibility,0.0,output_formats,,,0.0,0.0
Deuteros 2.0,compatibility,0.0,has_workflow_support,False,0.0,0.5,0.0
Deuteros 2.0,compatibility,0.0,has_distribution_support,False,0.0,0.5,0.0
Deuteros 2.0,fairness,0.5555555555555556,license,True,1.0,0.22222222222222224,0.22222222222222224
Deuteros 2.0,fairness,0.5555555555555556,repository,True,1.0,0.3333333333333333,0.3333333333333333
Deuteros 2.0,fairness,0.5555555555555556,registry,False,0.0,0.22222222222222224,0.0
Deuteros 2.0,fairness,0.5555555555555556,citation,False,0.0,0.11111111111111112,0.0
Deuteros 2.0,fairness,0.5555555555555556,checklist,False,0.0,0.11111111111111112,0.0
Deuteros 2.0,fairness,0.5555555555555556,publication_open_access,,,0.0,0.0
Deuteros 2.0,maintainability,0.72682,nloc_per_file,0.0,1.0,0.3,0.3
Deuteros 2.0,maintainability,0.72682,avg_ccn,0.0,1.0,0.4,0.4
Deuteros 2.0,maintainability,0.72682,duplicate_rate,91.06,0.08939999999999992,0.3,0.026819999999999976
Deuteros 2.0,sustainability,0.5740527549708668,avg_issue_close_time_days,7.014618055555555,0.9220597993827161,0.3,0.2766179398148148
Deuteros 2.0,sustainability,0.5740527549708668,num_open_issues,3,0.985,0.3,0.2955
Deuteros 2.0,sustainability,0.5740527549708668,days_since_last_commit,1252,0.0,0.2,0.0
Deuteros 2.0,sustainability,0.5740527549708668,inverse_simpson_index,1.3676148796498908,0.01934815156052057,0.1,0.001934815156052057
Deuteros 2.0,sustainability,0.5740527549708668,has_releases,False,0.0,0.1,0.0
Deuteros 2.0,security,0.0,default_branch_protected,False,0.0,0.5,0.0
Deuteros 2.0,security,0.0,has_security_policy,False,0.0,0.4852941176470588,0.0
Deuteros 2.0,security,0.0,gitignore_present,False,0.0,0.014705882352941176,0.0
Deuteros 2.0,security,0.0,security_updates,,,0.0,0.0
Deuteros 2.0,security,0.0,secret_scanning,,,0.0,0.0
Deuteros 2.0,scientific_impact,0.046,fwci,,,0.0,0.0
Deuteros 2.0,scientific_impact,0.046,citation_count,,,0.0,0.0
Deuteros 2.0,scientific_impact,0.046,star_count,7,0.07,0.6,0.042
Deuteros 2.0,scientific_impact,0.046,fork_count,1,0.01,0.4,0.004
Deuteros 2.0,scientific_impact,0.046,altmetric_score,,,0.0,0.0
NGSpeciesID,compatibility,0.5,input_formats,,,0.0,0.0
NGSpeciesID,compatibility,0.5,output_formats,,,0.0,0.0
NGSpeciesID,compatibility,0.5,has_workflow_support,False,0.0,0.5,0.0
NGSpeciesID,compatibility,0.5,has_distribution_support,True,1.0,0.5,0.5
NGSpeciesID,fairness,0.5555555555555556,license,True,1.0,0.22222222222222224,0.22222222222222224
NGSpeciesID,fairness,0.5555555555555556,repository,True,1.0,0.3333333333333333,0.3333333333333333
NGSpeciesID,fairness,0.5555555555555556,registry,False,0.0,0.22222222222222224,0.0
NGSpeciesID,fairness,0.5555555555555556,citation,False,0.0,0.11111111111111112,0.0
NGSpeciesID,fairness,0.5555555555555556,checklist,False,0.0,0.11111111111111112,0.0
NGSpeciesID,fairness,0.5555555555555556,publication_open_access,,,0.0,0.0
NGSpeciesID,maintainability,0.8372504444444444,nloc_per_file,181.08,0.81892,0.3,0.24567599999999998
NGSpeciesID,maintainability,0.8372504444444444,avg_ccn,3.42,0.731111111111111,0.4,0.29244444444444445
NGSpeciesID,maintainability,0.8372504444444444,duplicate_rate,0.29,0.9971,0.3,0.29913
NGSpeciesID,sustainability,0.2994319493496425,avg_issue_close_time_days,263.2569532627866,0.0,0.3,0.0
NGSpeciesID,sustainability,0.2994319493496425,num_open_issues,7,0.965,0.3,0.2895
NGSpeciesID,sustainability,0.2994319493496425,days_since_last_commit,521,0.0,0.2,0.0
NGSpeciesID,sustainability,0.2994319493496425,inverse_simpson_index,2.887070376432079,0.0993194934964252,0.1,0.00993194934964252
NGSpeciesID,sustainability,0.2994319493496425,has_releases,False,0.0,0.1,0.0
NGSpeciesID,security,0.014705882352941176,default_branch_protected,False,0.0,0.5,0.0
NGSpeciesID,security,0.014705882352941176,has_security_policy,False,0.0,0.4852941176470588,0.0
NGSpeciesID,security,0.014705882352941176,gitignore_present,True,1.0,0.014705882352941176,0.014705882352941176
NGSpeciesID,security,0.014705882352941176,security_updates,,,0.0,0.0
NGSpeciesID,security,0.014705882352941176,secret_scanning,,,0.0,0.0
NGSpeciesID,scientific_impact,0.47200000000000003,fwci,,,0.0,0.0
NGSpeciesID,scientific_impact,0.47200000000000003,citation_count,,,0.0,0.0
NGSpeciesID,scientific_impact,0.47200000000000003,star_count,68,0.68,0.6,0.40800000000000003
NGSpeciesID,scientific_impact,0.47200000000000003,fork_count,16,0.16,0.4,0.064
NGSpeciesID,scientific_impact,0.47200000000000003,altmetric_score,,,0.0,0.0
NucleoSeeker,compatibility,0.5,input_formats,,,0.0,0.0
NucleoSeeker,compatibility,0.5,output_formats,,,0.0,0.0
NucleoSeeker,compatibility,0.5,has_workflow_support,False,0.0,0.5,0.0
NucleoSeeker,compatibility,0.5,has_distribution_support,True,1.0,0.5,0.5
NucleoSeeker,fairness,0.5555555555555556,license,True,1.0,0.22222222222222224,0.22222222222222224
NucleoSeeker,fairness,0.5555555555555556,repository,True,1.0,0.3333333333333333,0.3333333333333333
NucleoSeeker,fairness,0.5555555555555556,registry,False,0.0,0.22222222222222224,0.0
NucleoSeeker,fairness,0.5555555555555556,citation,False,0.0,0.11111111111111112,0.0
NucleoSeeker,fairness,0.5555555555555556,checklist,False,0.0,0.11111111111111112,0.0
NucleoSeeker,fairness,0.5555555555555556,publication_open_access,,,0.0,0.0
NucleoSeeker,maintainability,0.8652467777777778,nloc_per_file,75.17,0.92483,0.3,0.277449
NucleoSeeker,maintainability,0.8652467777777778,avg_ccn,2.94,0.7844444444444445,0.4,0.3137777777777778
NucleoSeeker,maintainability,0.8652467777777778,duplicate_rate,8.66,0.9134,0.3,0.27402
NucleoSeeker,sustainability,0.4285714285714286,avg_issue_close_time_days,,,0.0,0.0
NucleoSeeker,sustainability,0.4285714285714286,num_open_issues,0,1.0,0.4285714285714286,0.4285714285714286
NucleoSeeker,sustainability,0.4285714285714286,days_since_last_commit,209,0.0,0.28571428571428575,0.0
NucleoSeeker,sustainability,0.4285714285714286,inverse_simpson_index,1.0,0.0,0.14285714285714288,0.0
NucleoSeeker,sustainability,0.4285714285714286,has_releases,False,0.0,0.14285714285714288,0.0
NucleoSeeker,security,0.014705882352941176,default_branch_protected,False,0.0,0.5,0.0
NucleoSeeker,security,0.014705882352941176,has_security_policy,False,0.0,0.4852941176470588,0.0
NucleoSeeker,security,0.014705882352941176,gitignore_present,True,1.0,0.014705882352941176,0.014705882352941176
NucleoSeeker,security,0.014705882352941176,security_updates,,,0.0,0.0
NucleoSeeker,security,0.014705882352941176,secret_scanning,,,0.0,0.0
NucleoSeeker,scientific_impact,0.03,fwci,,,0.0,0.0
NucleoSeeker,scientific_impact,0.03,citation_count,,,0.0,0.0
NucleoSeeker,scientific_impact,0.03,star_count,5,0.05,0.6,0.03
NucleoSeeker,scientific_impact,0.03,fork_count,0,0.0,0.4,0.0
NucleoSeeker,scientific_impact,0.03,altmetric_score,,,0.0,0.0
MS2Rescore,compatibility,0.5,input_formats,,,0.0,0.0
MS2Rescore,compatibility,0.5,output_formats,,,0.0,0.0
MS2Rescore,compatibility,0.5,has_workflow_support,False,0.0,0.5,0.0
MS2Rescore,compatibility,0.5,has_distribution_support,True,1.0,0.5,0.5
MS2Rescore,fairness,0.5555555555555556,license,True,1.0,0.22222222222222224,0.22222222222222224
MS2Rescore,fairness,0.5555555555555556,repository,True,1.0,0.3333333333333333,0.3333333333333333
MS2Rescore,fairness,0.5555555555555556,registry,False,0.0,0.22222222222222224,0.0
MS2Rescore,fairness,0.5555555555555556,citation,False,0.0,0.11111111111111112,0.0
MS2Rescore,fairness,0.5555555555555556,checklist,False,0.0,0.11111111111111112,0.0
MS2Rescore,fairness,0.5555555555555556,publication_open_access,,,0.0,0.0
MS2Rescore,maintainability,0.8836712222222223,nloc_per_file,131.27,0.86873,0.3,0.260619
MS2Rescore,maintainability,0.8836712222222223,avg_ccn,2.57,0.8255555555555556,0.4,0.33022222222222225
MS2Rescore,maintainability,0.8836712222222223,duplicate_rate,2.39,0.9761,0.3,0.29283
MS2Rescore,sustainability,0.42663209334261964,avg_issue_close_time_days,191.72831708715597,0.0,0.3,0.0
MS2Rescore,sustainability,0.42663209334261964,num_open_issues,15,0.925,0.3,0.2775
MS2Rescore,sustainability,0.42663209334261964,days_since_last_commit,54,0.7,0.2,0.13999999999999999
MS2Rescore,sustainability,0.42663209334261964,inverse_simpson_index,2.7350977350977352,0.09132093342619658,0.1,0.00913209334261966
MS2Rescore,sustainability,0.42663209334261964,has_releases,False,0.0,0.1,0.0
MS2Rescore,security,0.5147058823529411,default_branch_protected,True,1.0,0.5,0.5
MS2Rescore,security,0.5147058823529411,has_security_policy,False,0.0,0.4852941176470588,0.0
MS2Rescore,security,0.5147058823529411,gitignore_present,True,1.0,0.014705882352941176,0.014705882352941176
MS2Rescore,security,0.5147058823529411,security_updates,,,0.0,0.0
MS2Rescore,security,0.5147058823529411,secret_scanning,,,0.0,0.0
MS2Rescore,scientific_impact,0.49400000000000005,fwci,,,0.0,0.0
MS2Rescore,scientific_impact,0.49400000000000005,citation_count,,,0.0,0.0
MS2Rescore,scientific_impact,0.49400000000000005,star_count,67,0.67,0.6,0.402
MS2Rescore,scientific_impact,0.49400000000000005,fork_count,23,0.23,0.4,0.09200000000000001
MS2Rescore,scientific_impact,0.49400000000000005,altmetric_score,,,0.0,0.0
spectrum_utils,compatibility,,input_formats,,,0.0,0.0
spectrum_utils,compatibility,,output_formats,,,0.0,0.0
spectrum_utils,compatibility,,has_workflow_support,,,0.0,0.0
spectrum_utils,compatibility,,has_distribution_support,,,0.0,0.0
spectrum_utils,fairness,0.7777777777777778,license,True,1.0,0.22222222222222224,0.22222222222222224
spectrum_utils,fairness,0.7777777777777778,repository,True,1.0,0.3333333333333333,0.3333333333333333
spectrum_utils,fairness,0.7777777777777778,registry,True,1.0,0.22222222222222224,0.22222222222222224
spectrum_utils,fairness,0.7777777777777778,citation,False,0.0,0.11111111111111112,0.0
spectrum_utils,fairness,0.7777777777777778,checklist,False,0.0,0.11111111111111112,0.0
spectrum_utils,fairness,0.7777777777777778,publication_open_access,,,0.0,0.0
spectrum_utils,maintainability,0.6701677777777778,nloc_per_file,356.5,0.6435,0.3,0.19304999999999997
spectrum_utils,maintainability,0.6701677777777778,avg_ccn,3.3,0.7444444444444445,0.4,0.2977777777777778
spectrum_utils,maintainability,0.6701677777777778,duplicate_rate,40.22,0.5978,0.3,0.17934
spectrum_utils,sustainability,,avg_issue_close_time_days,,,0.0,0.0
spectrum_utils,sustainability,,num_open_issues,,,0.0,0.0
spectrum_utils,sustainability,,days_since_last_commit,,,0.0,0.0
spectrum_utils,sustainability,,inverse_simpson_index,,,0.0,0.0
spectrum_utils,sustainability,,has_releases,,,0.0,0.0
spectrum_utils,security,,default_branch_protected,,,0.0,0.0
spectrum_utils,security,,has_security_policy,,,0.0,0.0
spectrum_utils,security,,gitignore_present,,,0.0,0.0
spectrum_utils,security,,security_updates,,,0.0,0.0
spectrum_utils,security,,secret_scanning,,,0.0,0.0
spectrum_utils,scientific_impact,,fwci,,,0.0,0.0
spectrum_utils,scientific_impact,,citation_count,,,0.0,0.0
spectrum_utils,scientific_impact,,star_count,,,0.0,0.0
spectrum_utils,scientific_impact,,fork_count,,,0.0,0.0
spectrum_utils,scientific_impact,,altmetric_score,,,0.0,0.0
